Era,Name,Notes,Track Length,File Date,Leak Date,Available Length,Quality,Link(s)
FLAWLESS LIKE ME [V1],"⭐️Go To Far
(prod. Plu2o Nash)
(Super True, Super Troop)","OG Filename: go to far rough copy
Previewed on October 4, 2020 via LUCKI's Instagram live. Leaked on June 4, 2026.",1:51,,"Jun 4, 2026",OG File,CD Quality,https://imgur.gg/f/0E6JtYD
Dr*gs R Bad [V2],"⭐️Snake Pit Flow
(with Lil Baby)","OG Filename: LUCKI x WHAM... Pit
Previewed on June 3, 2025 via LUCKI's vlog. Track file-name shown on July 2, 2025. Leaked on May 6, 2026. Song was switched out for Can't B Trusted before release.",2:27,,"May 6, 2026",Full,High Quality,https://imgur.gg/f/QRrNtoZ
Dr*gs R Bad [V2],"WAYBetter Dayz [V1]
(with Chynna) (prod. BrentRambo, Bhristo, Yung Icey & Esko)
(Simple)","OG Filename: LUCKI - SIMPLE
Previewed on July 2, 2025. Leaked on May 6, 2026. Has an alternative intro.",1:44,,"May 6, 2026",Full,High Quality,https://imgur.gg/f/jqHVrxy
Dr*gs R Bad [V2],"Order*
(with Lil Baby) (prod. Maxvon, Bhristo & Mousha)","Previewed on April 6, 2026 via LUCKI's Instagram live.",,,"Apr 6, 2026",Snippet,Recording,https://imgur.gg/f/aXNkG96
dr*gs r bad [V1],"Capo 2x [V1]
(with Kkanii) (prod. BHeavy & RawGerio)
(Out Of Order, Working Smarter, Smarter Not Harder)","OG Filename: Kani Lucki 12 21 24
Leaked on March 8, 2026. Original version with a shorter runtime.",1:49,,"Mar 8, 2026",Full,High Quality,https://imgur.gg/f/W7MhDDL
dr*gs r bad [V1],"90mg
(Like Nothing)","OG Filename: Song 1 V2- Lucki (Mbw)4.28.25
Snippet leaked on August 10, 2025. Previewed on October 23, 2025. Leaked on March 4, 2025.",2:01,"Apr 28, 2025","Mar 4, 2026",Full,High Quality,https://imgur.gg/f/BHgeUHa
FLAWLESS LIKE ME [V1],"✨Feeling Like This
(Like This, Booze)","OG Filename: 10-24-20 {JAYME MIX 1}
Previewed on November 13, 2020 via LUCKI's Instagram live. Previewed again on January 28, 2021 via LUCKI's Instagram story. Snippet leaked on June 5, 2025. Leaked on March 1, 2026.",2:10,"Oct 24, 2020","Mar 1, 2026",OG File,CD Quality,https://imgur.gg/f/DMqfpmc
FLAWLESS LIKE ME [V1],"Flex Up
(prod. TheCrazyPart)
(Bury Me, Luv Me)","OG Filename: Bury Me/Luv Me 09-30-20 {JAYME MIX 1}
Previewed on October 4, 2020 via LUCKI's Instagram live. Snippet leaked on February 10, 2025. Leaked on March 1, 2026.",1:51,"Sep 30, 2020","Mar 1, 2026",OG File,CD Quality,https://imgur.gg/f/dDBKzhX
FLAWLESS LIKE ME [V1],"HellKat Boy
(prod. Oogie Mane & Plu2o Nash)
(Keep Up)","OG Filename: 09-28-20 {JAYME MIX 1}
Previewed on October 4, 2020 via LUCKI's Instagram live. Higher quality snippet later leaked on July 27, 2023. Leaked on March 1, 2026.",1:22,"Sep 28, 2020","Mar 1, 2026",OG File,CD Quality,https://imgur.gg/f/gjsc5lf
FLAWLESS LIKE ME [V1],"🏆Overseas
(prod. BrentRambo)","Previewed multiple times throughout 2020 and 2021. A CDQ quality snippet would be posted on April 26, 2023. The full track was later previewed on June 13, 2023 via BrentRambo's Instagram live. Previewed another time on February 7, 2025 via underw6ter's Instagram live. Another snippet leaked on March 1, 2026.",,"Aug 2, 2020","Mar 1, 2026",Full,Recording,"https://imgur.gg/f/enDH39E
https://imgur.gg/f/DWiiDeQ
https://imgur.gg/f/OwynQFS
https://imgur.gg/f/xaAhHp5
https://imgur.gg/f/IO6QzpK
https://imgur.gg/f/GygsOl8"
FLAWLESS LIKE ME [V1],"⭐️Str8
(prod. StoopidXool)
(Chase)","OG Filename: Lucki - Str8 2_8.2
Previewed on August 5, 2020 via LUCKI's Instagram story. Later previewed in full on October 4, 2020 via LUCKI's Instagram live. Snippet leaked on February 22, 2025. Another snippet leaked on May 27, 2025. Stated by LUCKI that it would make the album, however never did. Leaked on March 1, 2026.",2:33,"Aug 2, 2020","Mar 1, 2026",OG File,High Quality,https://imgur.gg/f/2Ujrvd0
dr*gs r bad [V1],"No Stars in Maybachs [V1]
(with Rylo Rodriguez & Veeze) (prod. blaccmass)
(Can't Celebrate, Black Belt, Can't B Nem)","OG Filename: V x R x L june 25 miami v1
Previewed on July 21, 2024 via LUCKI's Twitter. Previewed again sometime in 2024. Previewed a third time on April 11, 2025 via LUCKI's Instagram story. Leaked on February 28, 2026. OG file leaked on May 15, 2026.",1:51,"Jun 25, 2024","Feb 28, 2026",OG File,High Quality,https://imgur.gg/f/CyaoZmS
dr*gs r bad [V1],"It Could Be [V4]
(prod. Bhristo)
(Silly Hoes, Working Out Perfect)","OG Filename: It Could Be - Mbw V4 - Lucki
Snippet leaked on April 14, 2025. Leaked on February 28, 2026.",2:06,,"Feb 28, 2026",OG File,CD Quality,https://imgur.gg/f/LElDw1Z
Dr*gs R Bad [V2],"Babyface Ray - Standing on Business [V1]
(with LUCKI) (prod. LulRose & Canessauce)","Leaked on February 24, 2026. Doesn't have Ray's second verse and LUCKI's verse is in the middle of the song rather than the intro on the released version.",3:22,,"Feb 24, 2026",Full,Lossless,https://imgur.gg/f/cU3SEj5
Dr*gs R Bad [V2],"🏆???
(with RAFA) (prood. Moon & Tye Beats)","Previewed on January 19, 2026 via RAFA's Instagram live.",,,"Jan 19, 2026",Snippet,Recording,https://imgur.gg/f/AetBGlZ
dr*gs r bad [V1],"Tuff Luver [V1]
(prod. BrentRambo & SG1)
(Tough On A Bitch, Telling The Bitch, Tuff Lover)","OG Filename: Lucki Song 1_12.16.24
Previewed on December 20, 2024 via LUCKI's Instagram story. Previewed again on January 21, 2025 via nolimit_maneski's Instagram story. Snippet leaked on April 14, 2025. Untagged snippet leaked on April 30, 2025. Another snippet leaked on August 10, 2025. A third snippeet leaked on January 10, 2026. Leaked on January 11, 2026.",2:10,"Dec 16, 2024","Jan 11, 2026",OG File,CD Quality,https://imgur.gg/f/YDh573o
dr*gs r bad [V1],"⭐️Keep It 100 [V1]
(Keep It 100 Or B Fake Deep, FAKE DEEP)","OG Filename: Lucki_song_2_12.16.24
Previewed on December 17, 2024 via LUCKI's Instagram. Previewed again on December 19, 2024 via LUCKI's Instagram story. Snippet leaked on May 9, 2025. Leaked on January 7, 2025.",1:50,"Dec 16, 2024","Jan 7, 2026",Full,High Quality,https://imgur.gg/f/RK2iUvk
FLAWLESS LIKE ME [V1],"Money Phase [V2]
(prod. BrentRambo)","OG Filename: 09-07-20 {JAYME MIX 2}
Leaked on December 14, 2025. Shorter and different mix than the first version.",1:50,"Sep 7, 2020","Dec 14, 2025",OG File,CD Quality,https://imgur.gg/f/o8oF0NH
Dr*gs R Bad [V2],RANK ! [V2],"OG Filename: LUCKI - RANK ! v2
Previewed on October 15, 2025 via LUCKI's Instagram.",2:08,"Oct 14, 2025","Oct 15, 2025",Snippet,Recording,https://imgur.gg/f/ZHc596r
FLAWLESS LIKE ME [V2],"Practice Make Perfect
(Practice Make It Perfect)","OG Filename: PRACTICE MAKE PERFECT MIX 1 {LIMITED}
Alternative Filename: IM x Lucki - Practice Make It Perfect 1st
Track file-name was shown on April 23, 2022 while previewing ""Good Memories"". Leaked on September 16, 2025.",1:56,,"Sep 16, 2025",OG File,CD Quality,"https://imgur.gg/f/C2lvnOF
https://imgur.gg/f/4vGx8ue"
dr*gs r bad [V1],"🏆Could You Love Me
(prod. Bhristo)
(Motivation)","OG Filename: Song 1 - LUCKI (Mbw) 2.4.25
Previewed on February 5, 2025 via Bhristo's Instagram story. Snippet leaked on May 14, 2025. Another snippet leaked on August 10, 2025. A groupbuy was ran for the song however was cancelled.",,"Feb 4, 2025","Aug 10, 2025",Snippet,High Quality,"https://imgur.gg/f/Znxhq3c
https://imgur.gg/f/43wjB9O
https://imgur.gg/f/XPqRBxl"
dr*gs r bad [V1],Working Out Perfect*,"OG Filename: Song 1 V2- Lucki (Mbw) 12.19.24
Snippet leaked on August 10, 2025.",,"Dec 19, 2024","Aug 10, 2025",Snippet,High Quality,https://imgur.gg/f/pRwyXNJ
Freewave 3,"Snake Eyes
(prod. CHASETHEMONEY)","OG Filename: oct 12 song 1(rough)
Snippet leaked on June 5, 2025. Leaked tagged on August 7, 2025.",1:45,"Oct 12, 2018","Aug 7, 2025",OG File,CD Quality,https://imgur.gg/f/Pq46hPi
dr*gs r bad [V1],"⭐️Lifestyle Brazy II
(prod. BrentRambo & SG1)","OG Filename: LifestyleBrazy_II_01.11.25
Track file-name shown on January 14, 2025 via LUCKI's Instagram story. Snippet leaked on April 14, 2025. Untagged snippet leaked on April 30, 2025. Another snippet leaked on May 6, 2025. Leaked on July 18, 2025.",2:11,"Jan 11, 2025","Jul 18, 2025",OG File,High Quality,https://imgur.gg/f/y3fqwNR
FLAWLESS LIKE ME [V1],"⭐️Money Phase [V1]
(prod. BrentRambo)","OG Filename: 09-07-20 {JAYME MIX 1}
Previewed on September 16, 2020 via LUCKI's Instagram live. Later previewed again on September 8, 2021 via LUCKI's Instagram live. Leaked on July 17, 2025. OG file leaked on December 14, 2025.",2:22,"Sep 7, 2020","Jul 17, 2025",OG File,CD Quality,https://imgur.gg/f/VUxtBfa
FLAWLESS LIKE ME [V1],Tennessee,"Snippet leaked on June 5, 2025.",,,"Jun 5, 2025",Snippet,High Quality,https://imgur.gg/f/iCDfZSI
dr*gs r bad [V1],"⭐️Higher Than Pluto [V2]
(prod. BrentRambo & T3rps)
(no coming down, Widow, Higher Than The Dead)","OG Filename: LUCKI - Higher Than Pluto v2 4.6.25 1
Previewed on April 11, 2025 via LUCKI's Instagram story. Leaked on May 26, 2025.",2:46,"Apr 6, 2025","May 26, 2025",OG File,High Quality,https://imgur.gg/f/jN2Itfn
dr*gs r bad [V1],"✨I Did It
(with Babyface Ray) (prod. BrentRambo & SG1)","Previewed on September 10, 2024 via LUCKI's Instagram live. Snippet leaked on March 30, 2025. Another snippet leaked on May 9, 2025. Leaked on May 26, 2025.",2:38,,"May 26, 2025",Full,Lossless,https://imgur.gg/f/YRo4jOQ
dr*gs r bad [V1],"mdnt series [V1]
(prod. BrentRambo & Evasion2k)
(DrugSex, Drug Sex, Perky N Xanny, Never See The Day)","Previewed on April 26, 2025 via LUCKI's Instagram story. Previewed again on April 28, 2025 via LUCKI's Vlog. Leaked on May 25, 2025.",2:01,,"May 25, 2025",Full,High Quality,https://imgur.gg/f/ec6CXlK
Almost There,"⭐️Tired Of Me [V1]
(prod. Yung Icey)
(Tired, Superman)","OG Filename: 04-04-20 {JAYME MIX 1}
Previewed on July 27, 2020 via LUCKI's Instagram live. Snippet leaked on March 7, 2025. Another snippet leaked on April 12, 2025. Later sold to Christ Dillinger and released on a new beat. Leaked on May 24, 2025. OG file leaked on March 4, 2025.",3:08,"Apr 4, 2020","May 24, 2025",Full,High Quality,https://imgur.gg/f/op0hpFh
dr*gs r bad [V1],⭐️Corona,"OG Filename: L Corona JR01 ReferenceMix 44k32
Leaked on May 14, 2025. Open verse. OG file leaked on December 8, 2025.",2:48,"May 4, 2025","May 14, 2025",OG File,High Quality,https://imgur.gg/f/nE597IH
dr*gs r bad [V1],"⭐️Just Like Me
(Private Plane)","Snippet leaked on April 14, 2025. Untagged snippet leaked on April 30, 2025. Leaked on May 14, 2025.",1:23,"Apr 4, 2025","May 14, 2025",Full,High Quality,https://imgur.gg/f/OIA6CzF
dr*gs r bad [V1],"I Don't [V1]
(with Lil Yachty) (prod. SG1, Childboy & Kyuro)","OG Filename: LUCKI X BOAT_...
Track file-name shown on January 14, 2025 via LUCKI's Instagram story. Previewed on January 27, 2025. Snippet leaked on March 30, 2025. Previewed a third time on April 28, 2025 via LUCKI's Vlog. Leaked on May 12, 2025.",3:34,"Jan 11, 2025","May 12, 2025",Full,High Quality,https://imgur.gg/f/ml8yFNs
dr*gs r bad [V1],"Diamond Stitching [V1]
(prod. Mac Fly)
(Bad Dreams, Better Now, Diamond Stitching, Orange Leather Seats)","Previewed on July 21, 2024 via LUCKI's Twitter. Previewed again on September 10, 2024 via LUCKI's Instagram live. Previewed a third time the same day. Previewed a fourth time on December 16, 2024 via LUCKI's Twitter. Previewed a fifth time on December 24, 2024 via LUCKI's vlog. Snippet leaked on May 9, 2025. Leaked on May 10, 2025. Music video for the song was filmed.",2:29,,"May 10, 2025",Full,CD Quality,https://imgur.gg/f/A6Pw7bd
dr*gs r bad [V1],"Capo 2x [V2]
(with Kkanii) (prod. BHeavy & RawGerio)
(Out Of Order, Working Smarter, Smarter Not Harder)","Previewed on December 23, 2024 via LUCKI's Instagram story. Previewed again on April 12, 2025 via LUCKI's Instagram story. Previewed a third time on April 28, 2025 via LUCKI's Vlog. Leaked on May 10, 2025.",2:03,,"May 10, 2025",Full,High Quality,https://imgur.gg/f/hS7PeUT
dr*gs r bad [V1],"Get Along [V1]
(with Lil Yachty, Veeze & Lil Baby) (prod. BrentRambo, SG1 & Y2krazy)
(The 1, The One)","OG Filename: LUCKI BOAT VEEZE BABY 9.21.24
Previewed on September 21, 2024. Previewed again on October 3, 2024. Previewed a third time on November 29, 2024 via LUCKI's vlog. Track file-name shown on September 22, 2024 via LUCKI's Instagram story. Snippet leaked on April 30, 2025. Another snippet leaked on May 8, 2025. Leaked on May 9, 2025. Released on Lil Baby's The Leaks. ",3:14,"Sep 21, 2024","May 9, 2025",Full,High Quality,https://imgur.gg/f/ODhTjWJ
dr*gs r bad [V1],"Roundtripski [V1]
(prod. Mac Fly)
(Flyer, 4Lifer)","Previewed on April 28, 2025 via LUCKI's Vlog. Previewed again on April 30, 2025. Snippet leaked on May 6, 2025. Leaked on May 8, 2025.",2:41,"Dec 21, 2024","May 8, 2025",Full,High Quality,https://imgur.gg/f/Svs0IpR
dr*gs r bad [V1],"Chuckyy - Hotseat [V1]
(with LUCKI) (prod. arthur bean & Bhristo)
(Do You Bad)","Leaked on May 8, 2025.",3:02,"Feb 27, 2025","May 8, 2025",Full,High Quality,https://imgur.gg/f/sg8eaHM
Freewave 2,???,"Snippet leaked on May 6, 2025.",,,"May 6, 2025",Snippet,High Quality,https://imgur.gg/f/156TdPO
dr*gs r bad [V1],⭐️One Of One,"OG Filename: one of one - lucki (04.25.25)
Leaked on May 5, 2025.",1:47,"Apr 25, 2025","May 5, 2025",OG File,High Quality,https://imgur.gg/f/r0fbpuu
dr*gs r bad [V1],Sexy Love (Remix),"OG Filename: 2 - Lucki (Mbw) 12.19.24
Previewed on December 23, 2024 via LUCKI's Instagram story. Snippet leaked on May 4, 2025. Leaked on May 5, 2025. Uses the same beat as Sexy Love by Max B. OG file leaked on March 23, 2026.",2:28,"Dec 19, 2024","May 5, 2025",OG File,High Quality,https://imgur.gg/f/AFOQrHL
dr*gs r bad [V1],"Turnt Up
(with Lil Gotit)","OG Filename: Gotit x Lucki - Turnt up
Snippet leaked on April 30, 2025. Two more snippets leaked on May 1, 2025, leaked later the same day. Recorded on around April 10, 2025.",,,"May 1, 2025",OG File,CD Quality,https://imgur.gg/f/GygZ4cL
FLAWLESS LIKE ME [V2],"🏆Rich Junkie [V2]
(prod. BrentRambo)
(Took Her To Neptune)","Previewed on June 12, 2022 via LUCKI's Instagram story. Snippet leaked on April 10, 2025. Likely an earlier or later version of the leaked song Rich Junkie as it has the same lyrics, BrentRambo production, and a different intro. ",,,"Apr 10, 2025",Snippet,CD Quality,https://imgur.gg/f/HHPXmXQ
dr*gs r bad [V1],"Higher Than Pluto [V1]
(prod. BrentRambo & T3rps)
(no coming down, Widow, Higher Than The Dead)","Previewed on April 5, 2025 via LUCKI's Instagram.",,,"Apr 5, 2025",Snippet,High Quality,https://pillowcase.su/f/5c02fe135a39c3283795fb9da798e7fd
FLAWLESS LIKE ME [V2],"✨Hemi
(prod. Mayday)","OG Filename: Lucki - 6-24-22
Snippet leaked on April 2, 2024. Leaked on March 22, 2025.",2:25,"Jun 24, 2022","Mar 22, 2025",OG File,CD Quality,https://imgur.gg/f/KWGPhhK
FLAWLESS LIKE ME [V2],"✨Pretty Roxy
(prod. Perdu & Synthetic)","OG Filename: IM x Lucki - 1st 4.4.22
Previewed on April 27, 2022 via LUCKI's Instagram live. Leaked on March 22, 2025.",2:03,"Apr 4, 2022","Mar 22, 2025",OG File,CD Quality,https://imgur.gg/f/b4NW6RV
FLAWLESS LIKE ME [V1],"🏆Replicas & Cappers
(prod. Plu2o Nash)
(Actors)","Previewed on September 13, 2020 via LUCKI's Instagram story. Previewed again on September 16, 2020 via LUCKI's Instagram live. Previewed a third time on March 1, 2025 via @propkers22 Instagram story.",,,"Mar 1, 2025",Snippet,Recording,"https://imgur.gg/f/UrePdX4
https://imgur.gg/f/7F3Oac9
https://imgur.gg/f/ggoV9fh"
Freewave 3,Leeway*,"Snippet leaked on February 10, 2025. From 2019, era unconfirmed.",,,"Feb 10, 2025",Snippet,High Quality,https://imgur.gg/f/3AQwzf8
Almost There,"SuperSport Qwik
(prod. Plu2o Nash)
(Super Sport, Brazy Girls)","OG Filename: 05-13-20 JAYME MIX 1
Previewed on May 16, 2020 via LUCKI's Instagram story. Previewed again on October 15, 2020 via LUCKI's Instagram live. Leaked on February 9, 2025.",,"May 15, 2020","Feb 9, 2025",OG File,High Quality,https://imgur.gg/f/s4T4MrX
FLAWLESS LIKE ME [V2],"⭐️Okay
(prod. Bhristo & davyn)
(Same Drugs)","Previewed on May 30, 2022 via LUCKI's Instagram live. Leaked on February 9, 2025.",,,"Feb 9, 2025",Full,CD Quality,https://imgur.gg/f/Vf7kqZp
GEMINI!,"⭐️Recipe
(prod Bhristo)","OG Filename: Track 1_Lucki_01.09.24_PRS.B...
Previewed on February 7, 2025 via Underw6ter's Instagram live. Leaked on February 7, 2025.",,"Jan 9, 2024","Feb 7, 2025",Full,High Quality,https://pillowcase.su/f/cb369634c1cce0ca3e245a8af7807983
FLAWLESS LIKE ME [V2],"⭐️Belly Of The Beast
(with Kankan) (prod. Bhristo, 2sided & Sharkboy)","OG Filename: ID 1 KANKAN LUCKI 08.09.22
Previewed on August 17, 2022 via LUCKI's Instagram live. Leaked on February 6, 2025.",2:27,"Aug 9, 2022","Feb 6, 2025",OG File,CD Quality,https://imgur.gg/f/hQgVIwV
GEMINI!,"⭐️Taste Like Act
(prod. Rio Leyva, Toom, & Reiidmd)
(Tatse Like Act)","OG Filename: 08-10-23 TATSE LIKE ACT {JAYME ROUGH MIX}
Track file-name was first shown in a screenshot of a conversation with his pops on August 11, 2023. Was later previewed on August 14, 2023 via LUCKI's Instagram story and later previewed again on September 23, 2023 via LUCKI's Instagram live. Leaked on February 6, 2025. OG File leaked on February 16, 2025.",,"Aug 10, 2023","Feb 6, 2025",OG File,High Quality,https://imgur.gg/f/xrKbF5o
GEMINI!,"🏆Can't Feel My Face
(with Veeze)
(Can't Feel A Thing)","OG Filename: LUCKI x VEEZE 110523
Previewed on November 6, 2023 via LUCKI's Instagram story. Previewed again on January 29, 2024 via LUCKI's Instagram story. Previewed a third time on June 6, 2024. A fourth snippet leaked on July 30, 2024. A fifth snippet surfaced on August 22, 2024. A sixth snippet surfaced on January 26, 2025.",,"Nov 5, 2023","Jan 26, 2025",Snippet,High Quality,"https://imgur.gg/f/eGmKPMp
https://imgur.gg/f/7YkM6oY
https://imgur.gg/f/a2xttrZ
https://imgur.gg/f/86PJlSg
https://imgur.gg/f/IA09IJk
https://imgur.gg/f/PheMLZc"
WAKE UP LUCKI,"According
(prod. F1LTHY)
(Leave Me)","OG Filename: F1lthy Lucki_according_kk1
Leaked on September 21, 2024. Open verse.",2:22,,"Sep 21, 2024",OG File,CD Quality,https://imgur.gg/f/3vVCe1W
FLAWLESS LIKE ME [V2],"⭐️Got It Back
(prod. Adio & Plu2o Nash)
(Loss, Make It Back, RIght Back, Jiffy)","OG Filename: 3 02-16-22 {JAYME ROUGH MIX}
Previewed on February 21, 2022 via LUCKI's Instagram live. CQ Quality snippet leaked in 2023. Recorded on February 16, 2022, along with BRAZY WEEKEND and other songs. Leaked on September 21, 2024.",1:46,"Feb 16, 2022","Sep 21, 2024",OG File,CD Quality,https://imgur.gg/f/1h8ivkt
FLAWLESS LIKE ME [V2],"⭐️I Can't Even
(prod. Wheezy & Bobby Raps)
(In The Mix, Ain't That Deep)","OG Filename: I can't even - lucki (prod. bobby n wheezy)
Previewed on April 27, 2022 via LUCKI's Instagram live. Leaked on September 21, 2024. Open verse.",3:20,,"Sep 21, 2024",OG File,CD Quality,https://imgur.gg/f/6ouZJ7Q
FLAWLESS LIKE ME [V2],"✨My Story
(prod. BrentRambo & flansie)","OG Filename: 2 02-16-22 {JAYME ROUGH MIX}
Leaked on September 21, 2024.",2:16,"Feb 16, 2022","Sep 21, 2024",OG File,CD Quality,https://imgur.gg/f/zK1Dt4Y
dr*gs r bad [V1],"New Money Freestyle [V2.1]
(prod. Pyro Z5)
(FREE JEFF GANG)","OG Filename: SESSION 2 08-13-24 v2.1
Previewed on August 24, 2024 via LUCKI's alt. Instagram.",,"Aug 13, 2024","Aug 24, 2024",Partial,High Quality,https://imgur.gg/f/JzZd9VA
dr*gs r bad [V1],"We Don't Give A Fuck Freestyle [V1]
(DONT LET JOE SIT BEHIND U!!!!)","OG Filename: SESSION 1 08-13-24
Previewed on August 24, 2024 via LUCKI's alt. Instagram.",,"Aug 13, 2024","Aug 24, 2024",Full,High Quality,https://imgur.gg/f/dR60dDx
Lucki Eck$,???,"Snippet leaked on August 13, 2024.",,,"Aug 13, 2024",Snippet,High Quality,https://imgur.gg/f/4cHD4qA
WAKE UP LUCKI,"WHERE I BE [V1]
(prod. Ojivolta, Jonah Abraham, & F1LTHY)","Leaked on April 11, 2024. Original version of Where I Be with an open verse intended for an unknown feature to be added.",3:13,,"Apr 11, 2024",Full,Lossless,https://krakenfiles.com/view/MUqowoZgrJ/file.html
s*x m*ney dr*gs,"Karma A Bitch [V1]
(prod. Bhristo)","OG Filename: 1_06.03.23_ARS.B
Leaked on April 2, 2024. Contains a longer outro.",2:04,"Jun 3, 2023","Apr 2, 2024",OG File,CD Quality,https://krakenfiles.com/view/Dm0OC3X7XD/file.html
FLAWLESS LIKE ME [V1],"⭐️In My Feelings
(Hardly Forget, Red Blood)","OG Filename: 2 10-24-20 {JAYME MIX 1}
Previewed on November 1, 2020 via LUCKI's Instagram live. Previewed again on November 13, 2020 via LUCKI's Instagram live. Previewed a third time on December 17, 2020 via LUCKI's Instagram story. Previewed a fourth time on January 21, 2022. Leaked on March 28, 2024. OG file leaked on June 9, 2025.",1:54,"Oct 24, 2020","Mar 28, 2024",OG File,CD Quality,https://imgur.gg/f/wz13iFr
WAKE UP LUCKI,"⭐️Super Futuristic
(prod. F1LTHY)
(Off A Lot Of Drugs)","OG Filename: 03-31-21 {JAYME ROUGH MIX}
Previewed in May 2021 via LUCKI's Instagram live. Leaked on March 28, 2024.",1:49,"Mar 31, 2021","Mar 28, 2024",OG File,CD Quality,https://imgur.gg/f/o0ubqDY
FLAWLESS LIKE ME [V2],"⭐️Made Martian
(feat. Lil Yachty) (prod. BrentRambo, Maxvon, & Jdolla)","The track was first previewed on February 21, 2022, via Lucki’s Instagram live. Leaked on March 28, 2024. Was said to appear on s*x m*ney dr*gs but never did.",,,"Mar 28, 2024",Full,High Quality,https://imgur.gg/f/H4yBciM
FLAWLESS LIKE ME [V1],"⭐️My Heart
(prod. BrentRambo)","Previewed in High Quality on October 21, 2020. Previewed again on November 1, 2020 via LUCKI's Instagram live. Leaked on March 4, 2024.",2:02,,"Mar 4, 2024",Full,CD Quality,https://krakenfiles.com/view/kTHeq6udUC/file.html
s*x m*ney dr*gs,"Slimey [V1]
(feat. Veeze) (prod. BrentRambo & Hitmula)
(Wholeworldslatt)","OG Filename: Lucki x Veeze - SLIMEY
Leaked on February 8, 2024. Original version of Wholeworldstatt withotu the intro.",3:21,,"Feb 11, 2024",OG File,CD Quality,https://krakenfiles.com/view/Z7uhMPDUSI/file.html
Almost There,"⭐️Dial Tone
(prod. Kid Hazel)
(Might Go, 10 White Loads)","OG Filename: dial tone - Lucki
Previewed on April 10, 2020 via LUCKI's Instagram live. Previewed again on July 19, 2020 via LUCKI's Instagram live. Previewed a third time on October 15, 2020 via LUCKI's Instagram live. Snippet leaked on July 27, 2022. Leaked on February 7, 2024.",2:28,,"Feb 7, 2024",OG File,CD Quality,https://imgur.gg/f/gcZ3lVU
FLAWLESS LIKE ME [V1],"⭐️The Date
(prod. BrentRambo)
(Divas, On That Plane, G.I. Joe)","OG Filename: THE DATE
Previewed on August 1, 2020 via LUCKI's Instagram live. Snippet leaked on July 19, 2022. Leaked on February 7, 2024.",2:26,,"Feb 7, 2024",OG File,High Quality,https://imgur.gg/f/X9yfNpM
WAKE UP LUCKI,"Spiral
(prod. F1LTHY)
(Too Much Cap)","OG Filename: F1lthy Lucki_spiral_{JAYME MIX 1}
Leaked on January 9, 2024.",2:25,,"Jan 9, 2024",OG File,High Quality,https://imgur.gg/f/FKJYd0d
WAKE UP LUCKI,"✨Manhattan
(prod. F1LTHY)","Snippet leaked on April 13, 2022. Leaked on December 25, 2023.",,,"Dec 25, 2023",Full,High Quality,https://krakenfiles.com/view/SvE6ujyE68/file.html
GEMINI!,"🏆Elegant Junkie*
(prod. BrentRambo)","Previewed on December 11, 2023.",,,"Dec 11, 2023",Snippet,High Quality,https://imgur.gg/f/4B9KSXE
FLAWLESS LIKE ME [V2],"Japanese Denim [V1]
(feat. DaeMoney & Veeze) (prod. flansie & Ccured)
(Purple Denim)","OG Filename: VEEZE SLAY TOON_121021_
Previewed on December 11, 2021 via LUCKI's Instagram live. Leaked on December 6, 2023. Original version with an open verse removed for the released version.",2:35,,"Dec 6, 2023",OG File,CD Quality,https://imgur.gg/f/UzcxVh7
GEMINI!,As It Get,"Previewed on November 15, 2023 via LUCKI's Instagram story.",,,"Nov 15, 2023",Snippet,Recording,https://imgur.gg/f/bgX21bd
GEMINI!,🏆Supposed To Be Rich*,"Previewed on September 27, 2023 via LUCKI's Instagram story.",,,"Sep 27, 2023",Partial,Recording,https://imgur.gg/f/2cz9UQZ
GEMINI!,"All Good
(prod. Bhristo & Noah Mejia)","First previewed on September 6, 2023. Later previewed again on September 23, 2023 via LUCKI's Instagram live.",,,"Sep 23, 2023",Partial,Recording,https://imgur.gg/f/c2lL5LT
GEMINI!,"Itch*
(prod. kloudbwwoy)","Previewed on September 23, 2023 via LUCKI's Instagram story.",,,"Sep 23, 2023",Snippet,Recording,https://imgur.gg/f/BZWYKt8
GEMINI!,"Super Brazy*
(prod. Bhristo)
(All The Wock)","Previewed on September 23, 2023 via LUCKI's Instagram live.",,,"Sep 23, 2023",Partial,Recording,https://imgur.gg/f/dXD1TSG
Freewave 3,"✨Fake It
(prod. Callari)","Leaked via underw6ter on August 15, 2023.",,,"Aug 15, 2023",Full,High Quality,https://krakenfiles.com/view/myMvnrFKQl/file.html
DAYS B4 II EP,"Nothing For Certain
(prod. CHASETHEMONEY)","OG Filename: Lucki_chase_29_KK1
Previewed in 2018 via LUCKI's Instagram story. Leaked on July 29, 2023.",2:03,,"Jul 29, 2023",OG File,High Quality,https://imgur.gg/f/qz8K7Ef
FLAWLESS LIKE ME [V2],"✨Rich Junkie [V1]
(prod. Yung Icey)
(Took Her To Neptune)","OG Filename: Lucki 04.25.22 2 (Rough Draft)
Snippet leaked on June 14, 2023. Full song later leaked the same day.",1:49,"Apr 25, 2022","Jun 14, 2023",OG File,Lossless,https://imgur.gg/f/o7XQog1
FLAWLESS LIKE ME [V1],"✨Too Far
(prod. Plu2o Nash & Oogie Mane)","Previewed on March 8, 2021 via LUCKI's Instagram live. Leaked on April 20, 2023 via underw6ter.",,,"Apr 20, 2023",Tagged,High Quality,https://krakenfiles.com/view/IesRelbqlP/file.html
DAYS B4 II EP,"Doin' Drugs
(TTM)","OG Filename: Lucki 1
Snippet leaked on October 19, 2022. Leaked on April 16, 2023",1:55,,"Apr 16, 2023",OG File,CD Quality,https://krakenfiles.com/view/8WirfwDmye/file.html
FLAWLESS LIKE ME [V2],"Kankan - Fa Nun
(feat. Lucki) (prod. Davyn, Bhristo, & Mingo)","Previewed on May 12, 2022 via Kankan's Instagram live. Later leaked on January 17, 2023",,,"Jan 17, 2023",Full,CD Quality,
s*x m*ney dr*gs,"16oz Soda
(prod. Bhristo)
(One Soda, One Way Trip)","Previewed on January 11th, 2023 via LUCKI's Instagram Live. It’s currently unknown if this track will seek an official release.",,,"Jan 11, 2023",Full,Recording,https://imgur.gg/f/sSDxjql
Freewave 3,"⭐️Can't Lose It
(feat. Brent Faiyaz) ","OG Filename: LUCKIXBRENT - CANTLOSEIT
Snippet leaked on July 12, 2022. Leaked on December 30, 2022.",1:34,,"Dec 30, 2022",OG File,High Quality,https://krakenfiles.com/view/njA9iYvx3c/file.html
Freewave 3,"2 Easy - Give Up [V1]
(prod. BrentRambo)","Leaked on December 28, 2022. Contains an intro not present in the released version.",,,"Dec 28, 2022",Full,High Quality,https://krakenfiles.com/view/lJuu8HU1g0/file.html
Freewave 3,"4 - U - City Girl / Super Curious [V1]
(prod. BrentRambo, AR, & Plu2o Nash)
(Difference)","Leaked on December 28, 2022. Original version meant for the album that contains a beatswitch to the released song ""Difference"".",,,"Dec 28, 2022",Full,High Quality,https://krakenfiles.com/view/ZFhlasUcb4/file.html
Freewave 3,"All In [V1]
(prod. RandomBlackDude (Earl Sweatshirt))","Leaked on December 28, 2022. Contains an intro not present in the released version.",,,"Dec 28, 2022",Full,High Quality,https://krakenfiles.com/view/jUTr4cO5K2/file.html
Freewave 3,"Of Course You Won't [V1]
(prod. CHASETHEMONEY)","Leaked on December 28, 2022. Contains an intro not present in the released version.",,,"Dec 28, 2022",Full,High Quality,https://krakenfiles.com/view/jlgzfp62Hz/file.html
Freewave 3,"Peach Dream [V1]
(prod. Cash Cobain)","Leaked on December 28, 2022. Contains an intro not present in the released version and a shorter outro.",,,"Dec 28, 2022",Full,High Quality,https://krakenfiles.com/view/oo5ufnI5BL/file.html
Freewave 3,"Politics [V1]
(prod. DopamineFiend)","Leaked on December 28, 2022. Contains an intro not present in the released version.",,,"Dec 28, 2022",Full,High Quality,https://krakenfiles.com/view/XEMZKVskrx/file.html
s*x m*ney dr*gs,"???
(feat. DaeMoney)","OG Filename: Lucki x Dae_Track 2
Previewed on December 16, 2022 via LUCKI's Instagram live.",,,"Dec 16, 2022",Partial,Recording,https://imgur.gg/f/AVTBOA6
DAYS B4 II EP,Same Drugs,"Recorded in 2017. Leaked on December 12, 2022.",,,"Dec 12, 2022",Full,High Quality,https://krakenfiles.com/view/061QAmEM4q/file.html
DAYS B4 II EP,"Tunnel Vision
(Myself Again)","OG Filename: Lucki_IDS2_02_-_Tunnel_vision_
Previewed in 2018. Leaked on December 12, 2022.",2:05,,"Dec 12, 2022",OG File,CD Quality,https://imgur.gg/f/hiobugz
Freewave 3,"Simple As That
(prod. Plu2o Nash)","OG Filename: Lucki - Simple As That
Snippet leaked on July 27, 2022. Leaked on December 12, 2022.",1:50,,"Dec 12, 2022",OG File,High Quality,https://krakenfiles.com/view/PoQkjhjT5F/file.html
FLAWLESS LIKE ME [V1],"⭐️Do With Me
(prod. Oogie Mane)
(Do Wit Me)","OG Filename: 08-29-20 {JAYME MIX 1}
Previewed on October 4, 2020 via LUCKI's Instagram live. Leaked on December 12, 2022.",2:03,"Aug 29, 2020","Dec 12, 2022",OG File,CD Quality,https://imgur.gg/f/AfOsSkh
FLAWLESS LIKE ME [V1],"⭐️No Paparazzi
(Super Tune, Ruin Your Day)","OG Filename: 10 12 2020
First previewed on December 13, 2020. Later leaked on December 12, 2022.",2:41,"Oct 12, 2020","Dec 12, 2022",OG File,CD Quality,https://imgur.gg/f/6LxlW48
s*x m*ney dr*gs,"???
(feat. Lil Yachty)","Snippet previewed on November 30, 2022.",,,"Nov 30, 2022",Snippet,Recording,https://imgur.gg/f/VxafgHz
Watch My Back,"Lie [V1]
(prod. UglyFriend)","OG Filename: LUCKI_LIE__UGLYFRIEND
Leaked on September 28, 2022. Original version without the Fendi bennet vocals on the released version.",,,"Sep 28, 2022",OG File,High Quality,https://krakenfiles.com/view/MenduLPdBR/file.html
FLAWLESS LIKE ME [V2],"⭐️348
(feat. Babyface Ray) (prod. flansie)
(Young OG, 348 am)","OG Filename: 348 am mix 1.3
Previewed on December 12, 2021 via LUCKI's Instagram. Previewed again on February 21, 2022, via Lucki’s Instagram live. Later leaked on September 23, 2022. Seen on a rough draft tracklist for FLAWLESS LIKE ME. OG file leaked on May 2, 2026.",2:34,,"Sep 23, 2022",OG File,Lossless,https://imgur.gg/f/a98OF2m
FLAWLESS LIKE ME [V2],"BRAZY WEEKEND [V1]
(prod. BrentRambo, Synthetic, FLOWRENCY, & M0RRIS)
(Stalker, Be Around)","OG Filename: BRAZY WEEKEND MIX 1.2 {RT} {
OG file for BRAZY WEEKEND. Leaked on September 22, 2022.",1:58,,"Sep 22, 2022",OG File,CD Quality,https://krakenfiles.com/view/VPdr4n8d7G/file.html
FLAWLESS LIKE ME [V2],"Drought [V1]
(prod. Bhristo, Bugz Ronin, & Samsson)
(DROUGHTSKI)","OG Filename: DROUGHT {MIX 1} {LIMITED}
Contains a longer and slightly different outro. Leaked on September 22, 2022.",2:28,,"Sep 22, 2022",OG File,CD Quality,https://imgur.gg/f/4h5zI6g
FLAWLESS LIKE ME [V2],"EVERYTHING MY WAY / CODEINE COWBOY
(prod. Bhristo, Clayco, Samsson, BrentRambo, & Mayyzo))","OG Filename: EVERYTHING MY WAY CODEINE COWBOY
OG file for My Way / Codeine Cowboy. Leaked on September 22, 2022.",4:15,,"Sep 22, 2022",OG File,CD Quality,https://krakenfiles.com/view/etYXhk2eNW/file.html
FLAWLESS LIKE ME [V2],"HOW TF?! [V2]
(prod. flansie, Tobi Checker, & Gloyd)","OG Filename: HOW TF {MIX 1.2} {LIMITED}
OG file for HOW TF?!. Leaked on September 22, 2022.",2:08,,"Sep 22, 2022",OG File,CD Quality,https://krakenfiles.com/view/Ig59wT4tKE/file.html
FLAWLESS LIKE ME [V2],"Yesterday
(prod. Mayyzo & Samsson)
(10 P.M IN LNDN)","OG Filename: Lucki 'Yesterday' 8.6.22
OG file for 10 P.M IN LNDN. Leaked on September 22, 2022.",2:05,"Aug 6, 2022","Sep 22, 2022",OG File,CD Quality,https://krakenfiles.com/view/4baXVO2Fjc/file.html
FLAWLESS LIKE ME [V1],"MEET THE MARTIANS [V1]
(feat. Future) (prod. Bobby Raps, Hurtboy AG, & 10Fifty)
(Kapitol Denim, Pluto And Back)","OG Filename: 12-09-20 {JAYME MIX 2}
Snippet leaked on December 24, 2021. Leaked on September 21, 2022. Contains an open verse that was cut before the release.",3:05,"Dec 9, 2020","Sep 21, 2022",OG File,CD Quality,https://imgur.gg/f/gCI4rpa
FLAWLESS LIKE ME [V2],"Auntie [V1]
(prod. Ccured & flansie)
(DNA)","OG Filename: Lucki - Auntie
Previewed on December 9, 2021 via LUCKI's Instagram live. Previewed again on December 11, 2021. Previewed a third time on January 29, 2022. Leaked on September 21, 2022. Original version that doesn't contain the outro in the released version.",1:58,,"Sep 21, 2022",OG File,CD Quality,https://imgur.gg/f/taga49a
FLAWLESS LIKE ME [V2],"Made My Day [V1]
(prod. Bhristo, CGM Beats, & Maxvon)","OG Filename: 02-24-22 {JAYME ROUGH MIX}
Contains a longer and slightly different outro. Leaked on September 21, 2022.",2:28,"Feb 24, 2022","Sep 21, 2022",OG File,CD Quality,https://imgur.gg/f/GH4YOzS
FLAWLESS LIKE ME [V2],Man Up,"Previewed on September 21, 2022, via Lucki’s Instagram live.",,,"Sep 21, 2022",Partial,Recording,https://imgur.gg/f/tWIpIJg
FLAWLESS LIKE ME [V2],"Brand New
(prod. BrentRambo)","Previewed on August 2, 2022 via LUCKI's Instagram live. Previewed again in full on August 10, 2022 via LUCKI's Instagram live.",,,"Aug 10, 2022",Full,Recording,"https://imgur.gg/f/o7C7Yff
https://imgur.gg/f/I0p4upE"
FLAWLESS LIKE ME [V2],"🏆Manhattan
(feat. Babyface Ray)
(Make A Scene)","First previewed in December 2021 via LUCKI's Instagram story. Later previewed again on August 8, 2022.",,,"Aug 8, 2022",Partial,Recording,"https://imgur.gg/f/QidXxeV
https://imgur.gg/f/A2Y03iX"
Watch My Back,Acid,"OG Filename: Lucki Eck$ - Acid
Leaked on August 6, 2022.",1:07,,"Aug 6, 2022",OG File,CD Quality,https://krakenfiles.com/view/2jtNGF5QWo/file.html
Days B4 III,⭐️Family N Me,"OG Filename: Lucki x Ami RUFF Jeffontheboards
Previewed multiple times throughout 2019. Leaked on August 6, 2022.",5:22,,"Aug 6, 2022",OG File,CD Quality,https://krakenfiles.com/view/OCgdyvbH1G/file.html
Almost There,⭐️It Take Time,"OG Filename: it Take Time - Lucki
Leaked on August 6, 2022.",3:12,,"Aug 6, 2022",OG File,CD Quality,https://imgur.gg/f/YaygTQV
WAKE UP LUCKI,"Caught In It
(prod. F1LTHY)
(Copycat, Teacher)","Leaked on August 6, 2022. Uses the same lyrics as Copycat and a different instrumental produced by F1LTHY.",,,"Aug 6, 2022",Full,High Quality,https://krakenfiles.com/view/9vhn8uIDNf/file.html
WAKE UP LUCKI,"✨Go 2 Da Moon
(prod. F1LTHY)
(Moon Wit U. Go2DaMoon)","OG Filename: LUCKI 12.4.20 S1
Previewed on December 27, 2020 via LUCKI's Instagram story. Leaked on August 6, 2022. OG file leaked on October 13, 2025.",2:19,"Dec 4, 2020","Aug 6, 2022",OG File,CD Quality,https://imgur.gg/f/5XZhpr6
WAKE UP LUCKI,"✨Karma TV
(prod. F1LTHY)","OG Filename: LUCKI 12.3.20 S1 ROUGH
Previewed on December 27, 2020 via LUCKI's Instagram live. Leaked on August 6, 2022.",2:43,"Dec 3, 2020","Aug 6, 2022",OG File,CD Quality,https://imgur.gg/f/2ymlTVV
WAKE UP LUCKI,"⭐️Out My Body
(prod. F1LTHY)
(Percs Like Molly)","OG Filename: 04-13-21 {JAYME MIX 1}
Leaked on August 6, 2022.",2:37,"Apr 13, 2021","Aug 6, 2022",OG File,CD Quality,https://imgur.gg/f/g3IKxZU
FLAWLESS LIKE ME [V1],"✨Hunnid
(prod. BrentRambo & Soldado)
(100 Days 100 Nights, Pretty Girl)","OG Filename: 01-28-21 {JAYME ROUGH MIX}
Leaked on August 6, 2022.",2:09,"Jan 28, 2021","Aug 6, 2022",OG File,CD Quality,https://imgur.gg/f/O2v5Cx3
FLAWLESS LIKE ME [V1],"⭐️Copycat
(prod. BrentRambo)
(Teacher, Caught In It)","OG Filename: 03-11-21 {JAYME MIX 2}
Previewed in 2021. Leaked on August 6, 2022. OG file leaked on December 21, 2025.",2:08,"Mar 11, 2021","Aug 6, 2022",OG File,CD Quality,https://imgur.gg/f/iDYV5Fb
FLAWLESS LIKE ME [V1],"⭐️Pop Out
(prod. BrentRambo)
(Grouphome)","OG Filename: 2 09-29-20 {JAYME MIX 1}
Previewed on October 4, 2020 via LUCKI's Instagram live. Leaked on August 6, 2022. OG File leaked on April 19, 2024.",1:21,"Sep 29, 2020","Aug 6, 2022",OG File,CD Quality,https://imgur.gg/f/apH42Kx
FLAWLESS LIKE ME [V1],"ROXI
(prod. BrentRambo & Okami)
(Racks In, Racks Got Me, 100 Bands, Roxy)","OG Filename: 2 09-30-20 {JAYME MIX 1}
Leaked on August 6, 2022. OG File leaked on November 12, 2024.",2:00,"Sep 30, 2020","Aug 6, 2022",Full,CD Quality,https://imgur.gg/f/OSVrosE
FLAWLESS LIKE ME [V2],"⭐️Normal To Me
(prod. BrentRambo)
(No Pics, How Far Can I Go, Forget, Fumble)","OG Filename: 05-26-21 V1 {JAYME MIX 1}
Previewed on May 28, 2021 via LUCKI's Instagram live. Leaked on August 6, 2022. OG file leaked on April 19, 2024.",2:12,"May 26, 2021","Aug 6, 2022",OG File,CD Quality,https://imgur.gg/f/ic6QwYC
FLAWLESS LIKE ME [V2],"🏆Good Intentions
(prod. BrentRambo)
(Naruto)","Previewed on June 11, 2022 via LUCKI's Instagram live.",,,"Jun 11, 2022",Partial,Recording,https://imgur.gg/f/LkpLIzk
DAYS B4 II EP,"✨Drive Slow
(prod. CHASETHEMONEY)
(Lovely)","OG Filename: Lucki_chase_15_KK1
Previewed in 2018 via LUCKI's Instagram. Leaked on June 2, 2022.",1:54,,"Jun 2, 2022",OG File,CD Quality,https://krakenfiles.com/view/Ax0GudwZG6/file.html
DAYS B4 II EP,"✨Know Me
(prod. CHASETHEMONEY)
(4young)","OG Filename: Lucki_chase_22_KK1
Previewed in 2018 via LUCKI's Instagram live. Leaked on June 2, 2022.",2:15,,"Jun 2, 2022",OG File,CD Quality,https://imgur.gg/f/3vMSwyN
DAYS B4 II EP,"⭐️Sixforty
(feat. Lil Maxo & Elmarq) (prod. Marcusbasquiat)","OG Filename: LUCKI_sixforty_KK1
Leaked on June 2, 2022.",2:24,,"Jun 2, 2022",OG File,CD Quality,https://krakenfiles.com/view/5SYHOghZ9D/file.html
Freewave 3,"⭐️Courtside
(prod. Wiardon)
(Miss Me With That)","OG Filename: Lucki_courtside_KK1
Leaked on June 2, 2022.",1:14,,"Jun 2, 2022",OG File,CD Quality,https://imgur.gg/f/PQ0mkWJ
Almost There,"Balenciaga Princess [V1]
(prod. StoopidXool)","OG Filename: 04-11-20 {JAYME MIX 1}
Previewed on May 7, 2020 via LUCKI's Instagram. Leaked on June 2, 2022.",2:07,"Apr 11, 2020","Jun 2, 2022",OG File,High Quality,https://imgur.gg/f/bH66RPv
Almost There,"⭐️Diamonds
(prod. noveks, Adio, & Plu2o Nash)
(Chemistry)","OG Filename: Diamonds - Lucki
First previewed by LUCKI on April 7, 2020. Later leaked in full on June 2, 2022.",2:22,,"Jun 2, 2022",OG File,CD Quality,https://imgur.gg/f/Bzj20ox
FLAWLESS LIKE ME [V1],"No ID
(prod. mandojoyworld)","OG Filename: 09-03-20 {JAYME MIX 1}
Previewed on September 4, 2020 via LUCKI's Instagram live. Leaked on June 2, 2022.",1:43,"Sep 3, 2020","Jun 2, 2022",OG File,CD Quality,https://imgur.gg/f/FUhKJXs
FLAWLESS LIKE ME [V1],"⭐️Super Sport Shit [V2]
(prod. Adio & Plu2o Nash)","OG Filename: 02-12-21 V2 {JAYME MIX 1}
Previewed on March 8, 2021 via LUCKI's Instagram live. Leaked on June 2, 2022.",3:17,"Feb 12, 2021","Jun 2, 2022",OG File,CD Quality,https://imgur.gg/f/cjkKzU9
FLAWLESS LIKE ME [V1],"✨Take Me Back
(prod. Justiiice)
(Made It Back)","OG Filename: 4 09-09-20 {JAYME MIX 1}
Alternative Filename: AUDIO_6792
Previewed on September 10, 2020. Leaked on June 2, 2022.",2:09,"Sep 9, 2020","Jun 2, 2022",OG File,CD Quality,https://imgur.gg/f/nbnhksC
FLAWLESS LIKE ME [V2],"Sauce
(feat. Brooks) (prod. Trapboy3k, 20ksean, & LulRose)","OG Filename: sauce_lucki740am
Leaked on June 2, 2022.",2:37,,"Jun 2, 2022",OG File,CD Quality,https://imgur.gg/f/53aJ35m
FLAWLESS LIKE ME [V2],"Who Can I Trust [V2]
(feat. Babyface Ray) (prod. 20ksean)","OG Filename: who can i trust face lucki v2
Leaked on June 2, 2022.",3:16,,"Jun 2, 2022",OG File,CD Quality,https://imgur.gg/f/kgGBAMB
FLAWLESS LIKE ME [V1],"⭐️Calling You
(prod. BrentRambo)
(Album Dates)","OG Filename: 09-17-20 {JAYME MIX 1}
Leaked on June 1, 2022 via underw6ter.",1:49,"Sep 17, 2020","Jun 1, 2022",OG File,CD Quality,https://imgur.gg/f/8HNJzJ1
FLAWLESS LIKE ME [V2],"55 Nights
(prod. davyn, Mingo & Maxvon)","Previewed on May 30, 2022 via LUCKI's Instagram live.",,,"May 30, 2022",Partial,Recording,https://imgur.gg/f/mDWyF7n
FLAWLESS LIKE ME [V2],"New York [V1]
(prod. flansie & Skimayne)
(Forget)","OG Filename: Lucki_Lucki 11.6.2021_Riugh_V1
Previewed in 2021. Leaked on May 23, 2022. Later released as Track 15 on s*x m*ney dr*gs.",1:45,"Nov 6, 2021","May 23, 2022",OG File,CD Quality,https://imgur.gg/f/cHBesb3
FLAWLESS LIKE ME [V2],"Total
(prod. Samsson)
(New Codeine)","Previewed on May 20, 2022 via LUCKI's Instagram live.",,,"May 20, 2022",Partial,Recording,https://imgur.gg/f/xtfdd9y
FLAWLESS LIKE ME [V2],"A Lot In The Soda
(prod. Samsson)","Previewed on May 9, 2022 via LUCKI's Instagram story.",,,"May 9, 2022",Snippet,Recording,https://imgur.gg/f/u4SB7ur
WAKE UP LUCKI,"Month [V1]
(prod. ShaunGoBrazy & F1LTHY)
(2019)","OG Filename: F1lthy Lucki_month_kk3_{JAYME MIX 1}
Leaked on April 28, 2022.",2:32,,"Apr 28, 2022",OG File,Lossless,https://krakenfiles.com/view/CU5I10hw5m/file.html
FLAWLESS LIKE ME [V2],"Convince Me
(prod. SpaceTheWizard)","Previewed on April 27, 2022 via LUCKI's Instagram live.",,,"Apr 27, 2022",Partial,Recording,https://imgur.gg/f/Be7wA5L
FLAWLESS LIKE ME [V2],"🏆If It Ain't Wock
(prod. flansie & Ccured)","OG Filename: 2 12-23-21 {JAYME R...
Previewed in high quality on December 24, 2021. Previewed again on April 27, 2022.",1:53,"Dec 23, 2021","Apr 27, 2022",Partial,High Quality,"https://imgur.gg/f/Vydw8gB
https://imgur.gg/f/kbooCB4"
FLAWLESS LIKE ME [V2],"🏆More Than Ever 2
(prod. BrentRambo & Ccured)
(Can't Fathom It)","Previewed on April 27, 2022 via LUCKI's Instagram live.",,,"Apr 27, 2022",Partial,Recording,https://imgur.gg/f/mzZg991
WAKE UP LUCKI,"???
(prod. F1LTHY)
(Wake Up Neptune)","Snippet leaked on April 13, 2022.",,,"Apr 13, 2022",Snippet,CD Quality,https://imgur.gg/f/n5aGEc7
FLAWLESS LIKE ME [V2],"Tighten Up (HOW TF!?) [V1]
(prod. flansie, Tobi Checker, & Gloyd)","Seen on a rough draft tracklist for FLAWLESS LIKE ME. Previewed on January 13, 2022 via LUCKI's Instagram. Previewed again on April 4, 2022 via LUCKI's Instagram live.",,,"Apr 4, 2022",Snippet,Recording,
FLAWLESS LIKE ME [V2],"What You Said
(prod. UglyFriend & Talibanmari)","OG Filename: 05-11-21 {JAYME MIX 1}_1
Leaked on March 18, 2022. OG File leaked on April 2, 2024.",2:08,"May 11, 2021","Mar 18, 2022",OG File,CD Quality,https://imgur.gg/f/DksaoJC
Freewave 3,"What Is Left
(prod. 7spellz)","Leaked on February 22, 2022.",,,"Feb 22, 2022",Full,High Quality,https://krakenfiles.com/view/8hZoIghTJB/file.html
FLAWLESS LIKE ME [V1],"⭐️LUVR BOY
(prod. BrentRambo & Okami)
(60mgs)","OG Filename: 5 09-09-20 {JAYME MIX 1}
Previewed on September 11, 2020 via LUCKI's Instagram live. The track was originally going to be the second single for FLM, however was never released. LUCKI confirmed on September 17, 2022 that the track would be on FLM but never ended up being on the album.",2:16,"Sep 9, 2020","Feb 22, 2022",OG File,CD Quality,https://imgur.gg/f/0agb6NG
FLAWLESS LIKE ME [V2],No Love,"Previewed on February 21, 2022 via LUCKI's Instagram live.",,,"Feb 21, 2022",Partial,Recording,https://imgur.gg/f/EHcOXfK
FLAWLESS LIKE ME [V1],"⭐️Needed Me
(prod. Plu2o Nash & Adio)
(Power Up)","Previewed on January 10, 2021 via LUCKI's Instagram live. Leaked on December 7, 2021.",,,"Dec 7, 2021",Full,High Quality,https://krakenfiles.com/view/VwDpQ0byw6/file.html
FLAWLESS LIKE ME [V1],"⭐️Fairytales
(prod. StoopidXool)
(Fiji, Today)","OG Filename: Fairytale
First previewed on October 10, 2020 via LUCKI's Instagram live. Previewed again on March 8, 2021 via LUCKI's Instagram live. Later leaked in full on December 1, 2021.",2:43,,"Dec 1, 2021",OG File,CD Quality,https://imgur.gg/f/eYAkZFc
WAKE UP LUCKI,"⭐️Get Loose
(prod. Lukrative & F1LTHY)","OG Filename: 9-13-20 (JUSTXJAYMEMIX)
Previewed on September 14, 2020 via LUCKI's Instagram story. Previewed agan on September 16, 2020 via LUCKI's Instagram live. Leaked October 10, 2021",1:53,"Sep 13, 2020","Oct 10, 2021",OG File,CD Quality,https://imgur.gg/f/nJ9ByOq
FLAWLESS LIKE ME [V1],"⭐️Attitude
(prod. BrentRambo)
(Falling Away)","OG Filename: 03-02-21 {JAYME ROUGH MIX}
Previewed on March 8, 2021 via LUCKI's Instagram live. Leaked on October 10, 2021. OG File leaked on April 2, 2024.",2:04,"Mar 2, 2021","Oct 10, 2021",OG File,CD Quality,https://imgur.gg/f/vEPv3bC
FLAWLESS LIKE ME [V1],"⭐️Psycho Truck
(prod. BrentRambo)","OG Filename: PSYCHO TRCUK 01-13-21 {JAYME ROUGH MIX}
Previewed on January 27, 2021. Later leaked on October 10, 2021.",1:36,"Jan 13, 2021","Oct 10, 2021",OG File,CD Quality,https://imgur.gg/f/gqbtoc5
FLAWLESS LIKE ME [V1],"Leave Her [V1]
(prod. BrentRambo)","OG Filename: 4 09-10-20 {JAYME MIX 1}
Previewed on March 8, 2021 via LUCKI's Instagram live. Leaked on October 3, 2021. Contains a shorter outro compared to the released version.",2:05,"Sep 10, 2020","Oct 3, 2021",OG File,CD Quality,https://imgur.gg/f/X0s3ppg
DAYS B4 II EP,"Rain
(feat. UnoTheActivist) (prod. Marcusbasquiat)","OG Filename: Uno x lucki - rain
Leaked via underw6ter on September 21, 2021. Track 13 on the tracklist for Better Days.",4:03,,"Sep 21, 2021",OG File,CD Quality,https://krakenfiles.com/view/aOA7uY3PPm/file.html
FLAWLESS LIKE ME [V2],"🏆Lil Boy
(prod. BrentRambo)","Previewed on September 15, 2021 via LUCKI's Instagram story.",,,"Sep 15, 2021",Partial,Recording,https://imgur.gg/f/qpuIkJG
FLAWLESS LIKE ME [V1],"⭐️Half Evil
(prod. BrentRambo)
(Leave It To Me, Miami, Should Of Been Touring)","OG Filename: 2 09-09-20 {JAYME MIX 1}
Previewed on April 29, 2021 via Brent's Instagram story. Snippet leaked on May 1, 2021. Leaked on September 11, 2021. OG file leaked on December 14, 2025.",2:01,"Sep 9, 2020","Sep 11, 2021",OG File,CD Quality,https://imgur.gg/f/FGx8WfI
Almost There,"✨Forgot U Wit A Pill
(prod. Plu2o Nash & Adio)
(Hollywood, On My Mind)","OG Filename: LUCKI 1 {JAYME MIX 1}
Previewed on July 27, 2020 via LUCKI's Instagram live. Later leaked on September 2, 2021. OG file leaked on December 14, 2025.",2:20,,"Sep 2, 2021",OG File,High Quality,https://imgur.gg/f/5oFOaKb
Days B4 III,"Hollywood Dreamer [V1]
(prod. StoopidXool)","OG Filename: hollywood dreamer 
Original version of Hollywood Dreamer without autotune. Leaked on August 21, 2021. ",2:02,,"Aug 21, 2021",OG File,High Quality,https://imgur.gg/f/l37Q1ka
Almost There,"Faith [V1]
(prod. Yung Icey)","OG Filename: Lucki - Faith
Contains an alternative intro. Leaked on August 21, 2021.",1:57,,"Aug 21, 2021",OG File,High Quality,https://imgur.gg/f/V68VsSS
Almost There,"Unlimited [V1]
(prod. Wiardon & Condo)","OG Filename: Lucki - Unlimited
Contains an alternative intro. Leaked on August 21, 2021.",2:59,,"Aug 21, 2021",OG File,CD Quality,https://imgur.gg/f/gNU1Xab
FLAWLESS LIKE ME [V1],"✨Want Me Dead
(prod. BrentRambo)","OG Filename: 09-09-20 {JAYME MIX 1}
Previewed on September 16, 2020 via LUCKI's Instagram live. Leaked via underw6ter on July 29, 2021. OG file leaked on December 14, 2025.",2:05,"Sep 9, 2020","Jul 29, 2021",OG File,CD Quality,https://imgur.gg/f/ysIrdcc
FLAWLESS LIKE ME [V2],"2021 Vibes [V1]
(prod. Cash Cobain)
(Easy)","OG Filename: 07-07-21 {JAYME ROUGH MIX}
Previewed on July 9, 2021.",2:08,"Jul 7, 2021","Jul 9, 2021",Snippet,High Quality,https://imgur.gg/f/ZQ9pOfU
Watch My Back,"✨Program [V?] 
(Spin Off)","OG Filename: lucki demo 1
Features an alternative beat. Leaked on June 1, 2021. Contains the same lyrics as ""Program"" released in 2016 featuring JayChris, but file-date says was made in 2017.",3:06,,"Jun 1, 2021",OG File,CD Quality,https://imgur.gg/f/EdccjZo
WAKE UP LUCKI,"🏆Exhaust*
(prod. F1LTHY)","Previewed on May 29, 2021 via LUCKI's Instagram live.",,,"May 29, 2021",Partial,Recording,https://imgur.gg/f/5VpJ29h
DAYS B4 II EP,"⭐️Sosa In This Audi
(prod. DopamineFiend)","OG Filename: LUCKI_3017_KKmix3
Leaked on April 12, 2021.",2:08,,"Apr 12, 2021",OG File,CD Quality,https://imgur.gg/f/eSUdfGE
FLAWLESS LIKE ME [V1],"✨No Love For A Reject
(prod. Illatheillustrator & BrentRambo)
(Mike Vick)","OG Filename: 10-05-20 {JAYME MIX 1}
Snippet surfaced on March 20, 2021. Leaked April 9, 2021 via underw6ter.",1:56,"Oct 5, 2020","Apr 9, 2021",OG File,CD Quality,https://imgur.gg/f/1NgPue5
Days B4 III,"Tylenol & Hollywood
(prod. DJ Eway)
(Not Involved)","OG Filename: TYLENOL & HOLLYWOOD
Previewed in 2019 via LUCKI's Instagram live. Leaked on April 4, 2021.",4:19,,"Apr 4, 2021",OG File,High Quality,https://krakenfiles.com/view/Ni9zIAACEZ/file.html
FLAWLESS LIKE ME [V1],"⭐️Cupid [V2]
(prod. WNDWS & SACHY)
(Balenciaga Princess)","OG Filename: 15-3-cupid
Leaked on March 21, 2021. Contains an alternative beat.",2:17,"Mar 15, 2021","Mar 21, 2021",OG File,CD Quality,https://imgur.gg/f/bBDvgKV
Freewave 3,"✨Hellcat
(prod. Plu2o Nash)","Leaked on March 1, 2021.",,,"Mar 1, 2021",Full,High Quality,https://krakenfiles.com/view/19Zm8QeHjK/file.html
Almost There,"Percocet
(prod. Lukrative & F1LTHY)
(2predictable)","OG Filename: PERCOCET {JAYME MIX 1}
Previewed on April 6, 2020. Leaked on March 1 2021. Contains the same lyrics as the released song ""2predictable"".",1:28,,"Mar 1, 2021",OG File,High Quality,https://imgur.gg/f/0UDoZJS
Almost There,"✨Talk A Lot
(prod. Plu2o Nash)","OG Filename: lucki_2821
Leaked on December 7, 2020.",2:11,,"Dec 7, 2020",OG File,High Quality,https://imgur.gg/f/pj0baZ7
FLAWLESS LIKE ME [V1],"Space Boy [V1]
(prod. BrentRambo)
(Pay Me)","Previewed on August 6, 2020 via LUCKI's Instagram live. Previewed again on October 15, 2020 via LUCKI's Instagram live. OG version of Space Boy, before it was sold to Manny Laurenko and released on a different beat.",,,"Oct 15, 2020",Snippet,Recording,https://imgur.gg/f/hlqcRA5
Days B4 III,✨Offended Me,"OG Filename: Lucki 21 3
Previewed on July 3, 2019 via LUCKI's Instagram live. Leaked on September 29, 2020.",2:10,,"Sep 29, 2020",OG File,High Quality,https://krakenfiles.com/view/eII8lS3jU4/file.html
Freewave 3,"⭐️Either Way
(prod. BrentRambo)
(Both Ways, 16oz)","OG Filename: either way
Leaked on September 23, 2020.",2:22,,"Sep 23, 2020",OG File,High Quality,https://imgur.gg/f/rz0lQu2
Days B4 III,"⭐️Alicia Keys
(prod. DJ Eway)
(For Me)","OG Filename: lucki27
Previewed on July 10, 2019 via LUCKI's Instagram story. Previewed again on July 12, 2019 via LUCKI's Instagram live. Previewed a third time on July 14, 2019 via LUCKI's Instagram story. Previewed a fourth time on November 17, 2019 via LUCKI's Instagram story. Previewed a fifth time on December 19, 2019 via LUCKI's Instagram live. Later leaked in full on September 23, 2020. Second half of the song contains open verse. OG file leaked on October 17, 2025.",3:23,,"Sep 23, 2020",OG File,High Quality,https://imgur.gg/f/vVfpkCQ
Days B4 III,Dolla Flip,"OG Filename: Dolla Flip
Previewed in 2019. Leaked on September 23, 2020.",2:32,,"Sep 23, 2020",OG File,High Quality,https://krakenfiles.com/view/ahjxNMV7wh/file.html
Days B4 III,"Hit Me
(prod. BrentRambo)
(Gone, On The Low)","OG Filename: Hit Me
Previewed on June 26, 2019 via LUCKI's Instagram live. Previewed again on July 3, 2019 via LUCKI's Instagram live. Previewed a third time on December 19, 2019 via LUCKI's Instagram live. Leaked on September 23, 2020.",1:17,,"Sep 23, 2020",OG File,High Quality,https://krakenfiles.com/view/7HskutAaPM/file.html
Days B4 III,"⭐️Mixed In
(Feelings)","OG Filename: 01 lucki28
Previewed on July 12, 2019 via LUCKI's Instagram live. Previewed again on August 6, 2020 via LUCKI's Instagram live. Leaked on September 23, 2020.",2:19,,"Sep 23, 2020",OG File,High Quality,https://imgur.gg/f/kymW9Vk
Days B4 III,"✨Play Money
(prod. Plu2o Nash & Mayhem Meech)
(Have My Way, Favorite Boo)","OG Filename: Play Money
Previewed on August 28, 2019. Leaked on September 23, 2020.",1:55,,"Sep 23, 2020",OG File,CD Quality,https://krakenfiles.com/view/NwLfc8KqEC/file.html
Days B4 III,"⭐️Too Fast
(prod. DJ Eway)","OG Filename: Lucki - Too fast
Previewed in 2019 via LUCKI's Instagram story. Previewed again on May 7, 2020 via LUCKI's Instagram live. Later leaked on September 23, 2020.",2:23,,"Sep 23, 2020",OG File,CD Quality,https://krakenfiles.com/view/12YXvbcftv/file.html
Days B4 III,"⭐️World To Me
(2 Me, World 2 Me)","OG Filename: world2me
Previewed in June 2019. Previewed again on December 19, 2019 via LUCKI's Instagram live. Later leaked on September 23, 2020.",1:50,,"Sep 23, 2020",OG File,High Quality,https://krakenfiles.com/view/tVu9yEDk1y/file.html
FLAWLESS LIKE ME [V1],"Stab 
(prod. BrentRambo)
(Watch My Back)","OG Filename: Lucki-_-Stab
Previewed on June 21, 2020. Previewed again on July 19, 2020 via LUCKI's Instagram live. Leaked on September 23, 2020.",1:30,,"Sep 23, 2020",OG File,CD Quality,https://imgur.gg/f/gTZ2CR6
FLAWLESS LIKE ME [V1],"Wish Me Well
(prod. BrentRambo)","Previewed on September 14, 2020 via LUCKI's Instagram live. Previewed again on September 16, 2020 via LUCKI's Instagram live.",,,"Sep 16, 2020",Partial,Recording,https://imgur.gg/f/LCPyHHo
FLAWLESS LIKE ME [V1],🏆Need 4 Speed,"Previewed on September 4, 2020 via LUCKI's Instagram live.",,,"Sep 4, 2020",Snippet,Recording,https://imgur.gg/f/dRecZvQ
DAYS B4 II EP,"⭐️Ice Cold
(prod. Wiardon)","OG Filename: ice 320
Previewed in 2018. Leaked on September 1, 2020.",1:22,,"Sep 1, 2020",OG File,CD Quality,https://krakenfiles.com/view/4AoWdzPNC3/file.html
FLAWLESS LIKE ME [V1],"Pure Codeine
(prod. Plu2o Nash)
(Codeine Like Smoke)","Previewed on August 6, 2020 via LUCKI's Instagram live. Leaked on August 29, 2020.",,,"Aug 29, 2020",Full,High Quality,https://krakenfiles.com/view/PF5BlawKyP/file.html
Freewave 3,"✨Untitled
(prod. Kid Hazel & CHASETHEMONEY)
(High Off You, All About Me)","OG Filename: MARK_-_Lucki_-Untitled
Leaked on August 25, 2020.",3:05,,"Aug 25, 2020",OG File,High Quality,https://krakenfiles.com/view/kzQ03wIlMQ/file.html
DAYS B4 II EP,"⭐️Sacred [V1]
(prod. Marcusbasquiat)","OG Filename: basluckiruff
First version of Sacred with a longer outro. Leaked on August 21, 2020.",2:30,,"Aug 21, 2020",OG File,Low Quality,https://krakenfiles.com/view/Sr1361iZ7P/file.html
FLAWLESS LIKE ME [V1],🏆Around My Way,"Previewed in June 2020. Previewed again on August 6, 2020 via LUCKI's Instagram live.",,,"Aug 6, 2020",Partial,Recording,"https://imgur.gg/f/EySwjHL
https://imgur.gg/f/08YTyMv"
FLAWLESS LIKE ME [V1],"🏆Who Got Me
(prod. BrentRambo)","Previewed on July 27, 2020 and again on August 6, 2020. Song registered on ASCAP.",,,"Aug 6, 2020",Partial,Recording,"https://imgur.gg/f/IiP0yNU
https://imgur.gg/f/QRHHv9L
https://imgur.gg/f/kj5rctr"
Almost There,"Distractions
(prod. Brandon Finessin)","Leaked on August 4, 2020. Unrelated to DAYS B4 II EP era song.",,,"Aug 4, 2020",Full,High Quality,https://krakenfiles.com/view/bT1aHEmSW4/file.html
Almost There,"✨Flash
(prod. Lukrative & F1LTHY)
(Her Way)","OG Filename: LUCKI_FLASH_Mix_1.0
Leaked on August 4, 2020.",2:11,,"Aug 4, 2020",OG File,CD Quality,https://imgur.gg/f/OgRI4nt
Almost There,"⭐️Pedal
(prod. Brandon Finessin)","OG Filename: lucki - pedal
Throwaway from Almost There sessions. Leaked on August 4, 2020.",2:26,,"Aug 4, 2020",OG File,High Quality,https://imgur.gg/f/AzAoIyO
FLAWLESS LIKE ME [V1],"High Together
(Lowkey)","Previewed on July 27, 2020 via LUCKI's Instagram live.",,,"Jul 27, 2020",Partial,Recording,https://imgur.gg/f/I8D16Jc
Almost There,"⭐️Can't Go Like That
(prod. F1LTHY)","OG Filename: Lucki LA 4 2.7
Leaked on July 21, 2020.",2:05,,"Jul 21, 2020",OG File,CD Quality,https://imgur.gg/f/4tVitUn
Days B4 III,"✨Untitled
(prod. CGM Beats)
(Rear View, It Was Simple)","OG Filename: Lucki 11
Previewed on December 19, 2019 via LUCKI's Instagram live. Leaked on July 18, 2020.",2:01,,"Jul 18, 2020",OG File,High Quality,https://krakenfiles.com/view/UXXtg6MWFs/file.html
FLAWLESS LIKE ME [V1],"🏆What It Is What It's Not
(prod. BrentRambo)
(What It Is, What It's Not)","Previewed on June 2, 2020 via LUCKI's Instagram live. Previewed again on July 14, 2020 via LUCKI's Instagram story. Song registered on ASCAP.",,,"Jul 14, 2020",Partial,Recording,"https://imgur.gg/f/EPr4hC0
https://imgur.gg/f/WnZmUmF"
Days B4 III,"⭐️Dangerous
(prod. DJ Eway)
(City Girls)","OG Filename: Lucki 12
Previewed on September 25, 2019 via LUCKI's Instagram. Leaked on June 24, 2020.",1:37,,"Jun 24, 2020",OG File,High Quality,https://krakenfiles.com/view/AYpDkFxdlb/file.html
Watch My Back,"I'm The Truth
(prod. DopamineFiend)
(Serpent)","Leaked on June 19, 2020.",,,"Jun 19, 2020",Full,High Quality,https://krakenfiles.com/view/alF3xg7Xhk/file.html
Days B4 III,"⭐️Cars
(prod. DJ Eway)
(Beans)","OG Filename: Lucki 9
Previewed in June 2019 via LUCKI's Instagram live. Previewed again on December 22, 2019 via LUCKI's Instagram live. Leaked on June 15, 2020.",2:04,,"Jun 15, 2020",OG File,High Quality,https://krakenfiles.com/view/3Kg9znTZT3/file.html
DAYS B4 II EP,"⭐️Dark Life
(feat. Lil Skies) (prod. Marcusbasquiat)
(Drama Queen)","OG Filename: lucki x skies - dark life
Leaked via underw6ter on June 5, 2020. Track 6 on the tracklist for Better Days.",2:36,,"Jun 5, 2020",OG File,High Quality,https://krakenfiles.com/view/pbimOju4xj/file.html
Almost There,✨Wanna Be,"OG Filename: Lucki - wanna Be (rough)
Previewed on April 8, 2020 via LUCKI's Instagram live. Leaked on May 27, 2020.",3:00,,"May 27, 2020",OG File,High Quality,https://imgur.gg/f/dkn3sXc
Almost There,"✨Money Can't Buy
(prod. Kid Hazel)",Throwaway from Almost There sessions.,,,"May 26, 2020",Full,High Quality,https://krakenfiles.com/view/opJYb4ZI80/file.html
Almost There,"⭐️Hurt Me
(prod. BrentRambo)","OG Filename: LUCKI 11-22-19
Previewed on December 19, 2019 via LUCKI's Instagram live. Leaked on May 24, 2020.",1:45,"Nov 22, 2019","May 24, 2020",OG File,High Quality,https://imgur.gg/f/HvJaROB
Almost There,"Just One Not 2
(prod. Mooktoven)","OG Filename: Just One Not 2_Lucki
Previewed on December 19, 2019 via LUCKI's Instagram live. Leaked on May 18, 2020.",1:43,,"May 18, 2020",OG File,CD Quality,https://imgur.gg/f/QQgfU8r
Watch My Back,"✨Think I
(prod. UglyFriend)","OG Filename: lucki prod uglyfriend mix by marcelo
Leaked by UglyFriend on April 30, 2020.",1:46,,"Apr 30, 2020",OG File,CD Quality,https://krakenfiles.com/view/WE3huH76Eo/file.html
Almost There,"✨LA
(prod. Lukrative & F1LTHY)
(No Flaws)","OG Filename: Lucki LA 1_bnce
Leaked on April 22, 2020.",2:16,,"Apr 22, 2020",OG File,CD Quality,https://imgur.gg/f/qOciC7n
Freewave 3,"Funny Guys
(prod. DopamineFiend)
(Talents To The Sun)","OG Filename: AUDIO_1307
Leaked on April 7, 2020.",1:23,,"Apr 7, 2020",OG File,CD Quality,https://imgur.gg/f/ghl0XrK
Freewave 3,"⭐️Hibachi [V1]
(with UnoTheActivist) (prod. WhoIsJiggi)","OG Filename: uno x lucky draft 1
Version with a LUCKI verse filling the open verse on the released version. ",3:50,,"Feb 29, 2020",OG File,CD Quality,https://krakenfiles.com/view/yNsnzDBfzT/file.html
Days B4 III,"⭐️Say Less
(prod. captaincrunch & DJ Eway)
(Foggy Days)","OG Filename: SAY_LESS
Previewed in 2019. Leaked on February 24, 2020.",1:48,,"Feb 24, 2020",OG File,High Quality,https://krakenfiles.com/view/hPo1IGY5Lf/file.html
Days B4 III,"✨Last Year
(prod. DJ Eway)","OG Filename: Lucki - 20_01
Previewed in September 2019. Previewed again on December 19, 2019 via LUCKI's Instagram live. Leaked on February 23, 2020.",1:28,,"Feb 23, 2020",OG File,CD Quality,https://krakenfiles.com/view/7kUFEhtX4J/file.html
Days B4 III,"✨Stupid Hoes
(prod. Vdrian & Callari)","OG Filename: Lucki 3
Previewed on June 18, 2019 via LUCKI's Instagram story. Previewed again on July 3, 2019 via LUCKI's Instagram live. Previewed a third time on July 10, 2019 via LUCKI's Instagram story. Leaked on January 27, 2020.",2:08,,"Jan 27, 2020",OG File,High Quality,https://krakenfiles.com/view/7QOdBSRbz3/file.html
Days B4 III,⭐️Fake Hoe,"OG Filename: Lucki-Fake Hoe
Previewed on June 20, 2019 via LUCKI's Instagram live. Previewed again on September 1, 2019 via LUCKI's Instagram. Previewed a third time on December 19, 2019 via LUCKI's Instagram live. Leaked on January 22, 2020.",2:26,,"Jan 22, 2020",OG File,High Quality,https://krakenfiles.com/view/gss6v1VwHF/file.html
Days B4 III,"⭐️Nothing
(prod. DJ Eway)","OG Filename: 01 lucki29 2
Previewed on July 12, 2019 via LUCKI's Instagram live. Previewed again on December 19, 2019 via LUCKI's Instagram live. Leaked on December 20, 2019.",2:23,,"Dec 20, 2019",OG File,High Quality,https://krakenfiles.com/view/eHViuKYk4t/file.html
Freewave 3,"⭐️Trooper
(prod. Condo)","OG Filename: LARRY PAGE 141
Leaked on October 2, 2019.",0:54,,"Oct 2, 2019",OG File,CD Quality,https://krakenfiles.com/view/LcGodUFWZ9/file.html
Freewave 3,"On One Hand
(prod. Atu)","Leaked on September 10, 2019.",,,"Sep 10, 2019",Full,High Quality,https://krakenfiles.com/view/hkOvUvuFVS/file.html
DAYS B4 II EP,"✨Do You Worry
(prod. DopamineFiend)
(4 do you worry)","OG Filename: 4. DO U WORRY
Leaked via underw6ter on September 8, 2019. Track 9 on the tracklist for Better Days.",,,"Sep 8, 2019",OG File,CD Quality,https://krakenfiles.com/view/Px2eBtoy9y/file.html
DAYS B4 II EP,"⭐️Call Me Whenever
(prod. Forza)
(Switchlanes Outro)","OG Filename: CALL ME WHENEVER_KKmix3
Slowed down snippet of the track was previewed at the end of the Switchlanes video released on May 8, 2018. LUCKI would later preview the song on April 9, 2019. The song would end up getting leaked on August 10, 2019. OG file leaked on March 4, 2026.",1:49,,"Aug 10, 2019",OG File,CD Quality,
DAYS B4 II EP,"✨Invitation
(prod. Marcusbasquiat)","OG Filename: 01 Lucki-invitation-KK1
Previewed on May 17, 2018 via LUCKI's Instagram story. Leaked on June 14, 2019.",1:55,,"Jun 14, 2019",OG File,CD Quality,https://krakenfiles.com/view/uts9i6vuEA/file.html
Freewave 3,"⭐️Sessions
(prod. Yung Icey)","Leaked on May 29, 2019.",,,"May 29, 2019",Full,High Quality,https://krakenfiles.com/view/lpNxknAa6K/file.html
Freewave 3,"Hi-Tech
(prod. Plu2o Nash)","OG Filename: 12 Www
Previewed in 2018 via LUCKI's Instagram live. Leaked on May 7, 2019.",2:37,,"May 7, 2019",OG File,CD Quality,https://krakenfiles.com/view/pUaRHuPjJy/file.html
DAYS B4 II EP,"⭐️Distractions
(prod. DopamineFiend)
(Focused, Distractions41)","OG Filename: distractions41
Track 15 on the tracklist for Better Days. CD Quality snippet previewed in August 2018. Leaked on May 6, 2019.",2:05,,"May 6, 2019",OG File,CD Quality,https://krakenfiles.com/view/dWWZBIyR8X/file.html
DAYS B4 II EP,"Knodd Off
(prod. Marcusbasquiat)
(Nod Off)","OG Filename: LUCKI_knodd
Leaked on February 20, 2019.",2:08,,"Feb 20, 2019",OG File,CD Quality,https://imgur.gg/f/diAjYqU
Freewave 3,"See Through
(prod. Plu2o Nash)","Leaked on February 20, 2019.",,,"Feb 20, 2019",Full,High Quality,https://krakenfiles.com/view/epefbGfX4d/file.html
DAYS B4 II EP,"Sacred [V2]
(prod. Marcusbasquiat)","Contains a shortened version of the outro. Leaked on September 26, 2018.",,,"Sep 26, 2018",Full,High Quality,https://krakenfiles.com/view/VwwEN5cdsa/file.html
Watch My Back,"3 Percs
(prod. BrentRambo & UglyFriend)","Leaked on July 30, 2018.",,,"Jul 30, 2018",Full,High Quality,https://krakenfiles.com/view/dn6ayRGU9Z/file.html
Watch My Back,"Like U Should
(prod. Plu2o Nash)","Leaked on July 6, 2018.",,,"Jul 6, 2018",Full,High Quality,https://krakenfiles.com/view/932i4rfA5o/file.html
DAYS B4 II EP,"In My Eye
(feat. Cardiac) (prod. StoopidXool)","Leaked on June 24, 2018.",,,"Jun 24, 2018",Full,CD Quality,
DAYS B4 II EP,"The One
(prod. SoMuchSauce & Cortdot)
(The Basic)","OG Filename: Lucki - The One
Leaked on June 5, 2018.",1:04,,"Jun 5, 2018",OG File,High Quality,https://krakenfiles.com/view/xb0RLaYYdv/file.html
DAYS B4 II EP,"✨Die Hard
(prod. DopamineFiend)","Leaked on May 29, 2018.",,,"May 29, 2018",Full,High Quality,https://krakenfiles.com/view/5sfKWIppM1/file.html
DAYS B4 II EP,"Timers
(prod. Marcusbasquiat)","Leaked on April 28, 2018.",,,"Apr 28, 2018",Full,Low Quality,https://krakenfiles.com/view/sbHGdyLgl1/file.html
DAYS B4 II EP,"Trust Issues
(prod. Marcusbasquiat)","Leaked on March 17, 2018.",,,"Mar 17, 2018",Full,High Quality,https://krakenfiles.com/view/ktLLgyuK6N/file.html
DAYS B4 II EP,"Done
(prod. Propane Lord & DopamineFiend)","Leaked on January 29, 2018.",,,"Jan 29, 2018",Full,High Quality,https://krakenfiles.com/view/EfngA7Kmyj/file.html
DAYS B4 II EP,⭐️Blue Perc,"Leaked on January 1, 2018.",,,"Jan 1, 2018",Full,High Quality,https://krakenfiles.com/view/CpdpX838yf/file.html
Watch My Back,"⭐️Pull Up Wit Ah Stick 
(feat. Warhol.SS) (prod. Lil Voe)","Leaked on December 31, 2017.",,,"Dec 31, 2017",Full,High Quality,https://krakenfiles.com/view/Zk65Ie5Ga8/file.html
Watch My Back,"✨Pump Fakin'
(prod. Cortdot)","Leaked on November 30, 2017.",,,"Nov 30, 2017",Full,High Quality,https://krakenfiles.com/view/L2EzMNpE4X/file.html
DAYS B4 II EP,Coffin*,"Previewed on June 14, 2017.",,,"Jun 14, 2017",Snippet,Recording,https://imgur.gg/f/tdu13P6
DAYS B4 II EP,"🏆Flute
(prod. Callari)","Previewed on June 14, 2017.",,,"Jun 14, 2017",Snippet,Recording,"https://imgur.gg/f/dQmETlc
https://imgur.gg/f/yd2lusL"
Watch My Back,What Ya Life Like,"Leaked on March 27, 2017.",,,"Mar 27, 2017",Full,High Quality,https://krakenfiles.com/view/EQfIBdSxH9/file.html
