Era,Name,Notes,Length,"File
Date","Leak
Date",Available Length,Quality,Link(s)
Before The College Dropout,"⭐ Dream Come True
(feat. ???) (prod. Kanye West)
(All Falls Down, Self Conscious)","Track 12 off of the 2001 demo tape. Has lyrics that were later reused for ""All Falls Down"", but is otherwise unrelated.",3:54,,,Full,High Quality,https://pillows.su/f/fc02b5f9c84f98a9db4e554b63cd62f0
Before The College Dropout,"⭐ Gotta Pose
(prod. Kanye West)
(I Gotta Pose)","Track 7 on the 2001 demo tape. Samples the song ""Get Out of My Life Woman"" by Solomon Burke.",4:24,,,Full,High Quality,https://pillows.su/f/8933cc5e5f147017fe5a955f6f2ade8e
Before The College Dropout,⭐ Know The Game,Track 10 on the 2001 demo tape. Samples the Love Theme from The Godfather.,2:57,,,Full,High Quality,https://pillows.su/f/8a12b1d62643d36e1e94485088322555
Before The College Dropout,"⭐ Never Lettin' Go (The Stalker Song) [V3]
(feat. ???)
(Never Let You Go)","Higher quality version of V2, however it has a tag at the beginning.",3:58,,,Tagged,CD Quality,https://pillows.su/f/843ff9cbaa4a5ecb7c51cd725aab8cdb
Before The College Dropout,⭐ Wow [V1],"Original version featuring an extra third verse. Track 5 off of the 2001 demo tape. Has lyrics that would later get reused on ""Last Freestyle"" ,""The Bounce"" by JAY-Z, ""Live From Irving Plaza, NY"" by Talib Kweli, ""All Falls Down"" and the unreleased version of ""Wack Niggas"". Mentioned on ""Last Call"".",2:49,,,Full,High Quality,https://pillows.su/f/fb3fc54d611116518c0270f7dbb0b1ff
The College Dropout,"⭐ Home [V2]
(feat. John Legend) (prod. Kanye West)
(Home (Windy))","Used on an early The College Dropout copy. Has a better mix and a longer outro. Lyrics would later be used for ""Homecoming"" on Graduation.",4:02,,,Full,CD Quality,https://pillows.su/f/f5e0f1bba58e2c3a45a25965f48741cf
The College Dropout,"⭐ I Need To Know [V3]
(feat. ???)","Later version which was featured on early versions of The College Dropout. Sounds more finished than the previous version. Shares some lines with ""Together They're Tens"". Has a line that would later be reused on ""Late"". Samples ""It Will Never Be The Same Again"" by Zulema, and interpolates Eminem's flow from his verse on ""Dead Wrong"" by The Notorious B.I.G.",3:54,,,Full,CD Quality,https://pillows.su/f/82f1199acfccaeb4db4c9d5833a673f6
The College Dropout,"⭐ Improvise
(prod. Kanye West)","Song that was featured on early versions of The College Dropout. Commonly known as ""Apologize"" due to it being named that on the popular unofficial mixtape Freshmen Adjustment. Kanye would later reuse this beat on ""Knock Knock"" by Monica. Samples ""It's A Terrible Thing To Waste Your Love"" by The Masqueraders.",4:22,,,Full,High Quality,https://pillows.su/f/086050fa755cd7947861ccfc7e0c5ba7
The College Dropout,"⭐ Livin' A Movie Pt. 1
(Living A Movie)","Featured on early versions of The College Dropout. In the song Kanye mentions that ""this only part 1"". Samples ""In The Hour"" by Melanie. Was included on the popular unofficial mixtape Freshmen Adjustment.",2:12,,,Full,High Quality,https://pillows.su/f/4bd69b63b4b82b6129a908648f378449
The College Dropout,"⭐ Niggas Gossip
(prod. Kanye West)
(Dreamkillers, Dream Killers)","Used on an early The College Dropout copy. Samples ""Me and You"" by Belle Epoques and ""Shimmy Shimmy Ya"" by Ol' Dirty Bastard. Has lines that would later be reused for ""School Spirit"" and ""New Slaves"". The beat was also used on the intro for the Behind The Beats mixtape.",3:55,,,Full,High Quality,https://pillows.su/f/fc36097480bb3d993041c31634d1be67
Graduation,"⭐ Building
(feat. JAY-Z)","Completely finished Kanye song made during the Graduation era which features complete verses from Kanye and JAY-Z, and an open verse. Interpolates ""Baby Come Home"" by Willie Hutch.",4:03,,"Jul 31, 2024",Full,Lossless,https://pillows.su/f/2961484c39e90a9cfd192be80fde4357
Graduation,⭐️ A Little Inappropriate [HBO Show],"One of two shows in the works about Kanye West, however this one was less further along in production. It was supposedly going to be a drama series starring Kanye, teaching valuable life lessons. We have an improv video snippet that was supposed to be for this show. Shot by Larry Charles. The pilot (first episode) of this show was leaked by Larry Charles himself on Vimeo on June 15th, 2023.",28:20,"Aug 9, 2007","Jun 15, 2023",Full,High Quality,https://pillows.su/f/a62aa904ec2d43d61b2acd3044f836b1
808s & Heartbreak,"⭐ Diamonds & Dollars [V2]
(with Pharrell Williams) (prod. Pharrell Williams)","Collab track between Kanye and Pharrell Williams, originating from the Child Rebel Soldier sessions, as confirmed by Kanye in a backstage video from the Glow In The Dark Tour posted by DJ Mike Love to Instagram January 26th, 2025, ""I got a couple CRS joints though but [???]"". Pharrell's verse originates from a freestyle on Rap City in 2006, and Kanye would perform his verse live at Hot 97 Summer Jam 2008, which is said by Designer to originate from an OG version of ""Power"" that has yet to leak. Original snippet from MusicMafia leaked in 2018, with the same snippet leaking tagless on December 2nd, 2024. Another snippet would be previewed in VC on Auger96's stream July 24th, 2025 during an attempted groupbuy for the song, before a tagged full version would ultimately forceleak July 26th, 2025 with the untagged leaking within the hour.",3:30,,"Jul 26, 2025",Full,CD Quality,https://pillows.su/f/89d0c3b850e36153c64ab67a5f0fdfd6
808s & Heartbreak,⭐ 1-877-BE-KANYE,"Ads for Absolut Vodka made during the 808s & Heartbreak era. Three commercials were made for the campaign, all linked.","1:05
1:03
1:18",,"Apr 9, 2020",Full,High Quality,"https://pillows.su/f/aa7d29be7174b01dd2d6434430103187
https://pillows.su/f/c7b3f8baa9c8dd175d08b321343bf291
https://pillows.su/f/291ebc75f667d5a271b0f401cacc6e02"
808s & Heartbreak,⭐ Alligator Boots [Rhymefest & Kanye West TV Show Pilot],"Kanye and Rhymefest made a pilot for a TV show called Alligator Boots. This was supposedly where Kim truly met Kanye for the first time. Elements of the theme music were later reused for the JYJ song ""Ayyy Girl"". The only public information we had for a while was a behind the scenes video for the pilot, until the pilot fully leaked years later.",16:29,"Jul 25, 2008","Oct 16, 2024",Full,High Quality,https://pillows.su/f/11850433c08c0d596cdc0612fb54c7b4
Good Ass Job,"⭐ Throw Money Everywhere [V13]
(prod. Kanye West & Jeff Bhasker)
(Choir Sample, Throw My Money Everywhere, Throw My Money)","Further along version of the track with a more developed instrumental, a completely finished verse and an open. Interpolates ""Livin' on a Prayer"" by Bon Jovi. Samples the ""Think"" break and ""Part 4: North Star / Platinum Finale"" by Mike Oldfield. Leaked after a blind groupbuy.",3:33,"May 20, 2009","Sep 24, 2023",Full,CD Quality,https://pillows.su/f/6180461f95f3c1421780bd8a5785ebfd
Good Ass Job,"⭐ Down Town [V3]
(feat. Jeff Bhasker) (prod. Jeff Bhasker)
(Under My Skin)","OG Filename: DOWNTOWN w.VOX RUFF
Has one mostly finished verse, and one unfinished verse and a finished hook, done in multiple takes. Has Jeff Bhasker backing vocals, originally mistatributed to be Beyoncé's or Brandy's. Dated sometime after October 2009, as it was encoded with iTunes 9.0.2. Elements of this song were reused for a version of ""Go Pro"", which itself is an earlier version of ""Highlights"", as it shares drums, BPM, key, and similar vocal effects.",3:03,,"Sep 22, 2023",OG File,CD Quality,https://pillows.su/f/5ab0c7b993b3d352cf00494471350ec7
Good Ass Job,"⭐ Eyes Closed [V2]
(feat. John Legend & Bon Iver) (prod. Kanye West, Jeff Bhasker & MIKE DEAN)
(Eyez Closed)","Good Ass Job era throwaway. Comprised of a looped sample from ""Money (Dollar Bill Y'all)"" by Jimmy Spicer and an excerpt from a live performance of Mary Jane by Rick James, layered over a distorted guitar loop. Kanye would reuse his verse for his part in the 2010 BET Awards G.O.O.D. music cypher. The song was later given to Snoop Dogg and released on his 2011 album Doggumentary. Noted by Low to not be releasing, before it leaked in 2011.",3:50,,,Full,High Quality,https://pillows.su/f/750fbc233d567d0665897e85daa4bbd4
Good Ass Job,"⭐ See Me Again [V3]
(feat. Bon Iver, The WRLDFMS Tony Williams & Elly Jackson)
(See You Again, See Me, Never See Me Again)","OG Filename: SeeMeAgain RUFF 2.22
Version with alternate drums, different backing vocals, and the vocal effects seen in the first known version of the song.",8:57,"Feb 22, 2010","May 19, 2023",OG File,CD Quality,https://pillows.su/f/e14832471e74145d81f35ed43240b5d4
My Beautiful Dark Twisted Fantasy,"⭐ Mama's Boy [V11]
(prod. Madlib & Jeff Bhasker)
(Mama's Boyfriend, My Momma's Boyfriend)","OG Filename: Mama's Boy_JBAug2010
Track 10 on the original My Beautiful Dark Twisted Fantasy tracklist shared by Complex. Listed as bonus track by HipHopDX under name ""Momma's Boyfriend"". Initially leaked June 13th, 2011, months after the album released. Kanye's team released a statement stating the beat was fake, but it was played during a Q-Tip Red Bull Interview 5 years later. Madlib, who likely did one of the sample chops, implied Kanye didn't want to pay him for his work and possibly wanted to take primary credit for the beat, which might have been why the song was scrapped. Samples ""The Velvet Swing"" by Acoustic Alchemy and ""Heritage of a Black Man"" by Sam Dees. OG File surfaced May 28th, 2025.",3:44,,"May 28, 2025",OG File,CD Quality,https://pillows.su/f/5d44b872bf36e676bb11bab0894bf469
My Beautiful Dark Twisted Fantasy,"⭐ Mama's Boy [V15]
(prod. Q-Tip, DJ Premier, Jeff Bhasker & Anthony Kilhoffer)
(Mama's Boyfriend, My Momma's Boyfriend)","OG Filename: KW - Mamas Boy Ref (No Yell)
Further developed Q-Tip version of the song with much better mixing. Contains less open verses, pretty much a finalized version. Similar to the earlier version, but with no yell sound effect.",3:52,,"Sep 24, 2023",Stem Bounce,CD Quality,https://pillows.su/f/c6799eff06d915859d1462f74a2fa068
My Beautiful Dark Twisted Fantasy,⭐ Monster [Music Video],"A music video was supposed to be released, but MTV refused to air it. After hearing this, and because the video leaked a few days prior, Kanye took it off of YouTube. The text at the beginning is blurry, but is able to be read as, ""The following content is in no way to be interpreted as misogynistic or negative towards any group of people. It is an art piece and shall be taken as such."" This version includes an altered outro from the Bon Iver outro that is missing a single line. The music video depicts Nicki as a vampire, Kanye as Dr. Frankenstein, and has many other references to Thriller movies such as American Psycho, Saw and Michael Jackson's ""Thriller"". An unfinished version leaked and is included in the link section as well as a behind the scenes video, which depicts Rick Ross eating a fetus (NSFW).",5:51,,,Full,CD Quality,https://youtu.be/bX7JW-L_jhg?t=30
Watch The Throne,"⭐ Awesome [V1]
(feat. Beyoncé) (prod. Hit-Boy)","OG Filename: Kanye West - Awesome Ruff 2.1.11
In a Jimmy Kimmel interview, Kim Kardashian says that Kanye played her a version that was made during the Watch The Throne sessions. Has completely different production compared to later versions and a female background vocalist, believed to be Beyoncé. Beat was later reused for ""No Tears"" by Nas.",4:38,"Feb 1, 2011","Apr 26, 2025",OG File,CD Quality,https://pillows.su/f/38afa5ace5e6ceb4c3030dcf548d32eb
Watch The Throne,"⭐️ Not The Same [V4] 
(feat. Shire) (prod. Honorable C.N.O.T.E.)
(Black Bruce Wayne, We Are Not The Same)","OG Filename: not the same (gangsta) version
Another version, this time with different Shire vocals.",4:16,,"Jul 6, 2023",OG File,High Quality,https://pillows.su/f/5bbafc401762d43e53ebeaed499bb185
Cruel Summer,"⭐ John Legend - Enjoy The Pain [V2]
(ref. Kanye West)","OG Filename: Enjoy the Pain_Kanye Ref Vocal
Cruel Summer throwaway.",3:30,"Feb 4, 2011","Sep 24, 2023",OG File,CD Quality,https://pillows.su/f/0ab1b931454bc556f74ec2b0529ead80
Thank God For Drugs,"⭐ Awesome [V8]
(feat. Charlie Wilson & Stevie Wonder) (prod. Hit-Boy, MIKE DEAN & Sak Pase)","OG Filename: KW AWESOME 04.09.13
Has vocals from Charlie Wilson & Stevie Wonder, with different drums and production compared to other versions. Leaked along with stems. Samples ""Ante Up (Robbin Hoodz Theory)"" by M.O.P..",4:34,"Apr 9, 2013","Dec 30, 2022",OG File,Lossless,https://pillows.su/f/14f7aa5342e871454375fa7b7d007647
Thank God For Drugs,"⭐ Can't Get Over Me [V11]
(feat. The WRLDFMS Tony Williams, Bon Iver & The-Dream) (prod. Daft Punk & Travis Scott)
(Fall Out Of Heaven)","OG Filename: KW - Cant Get Over Me Ref (4.30.13)
Version with a feature from The-Dream. This version doesn't have a Kanye verse, only reusing his take on the hook during one section of the song. The-Dream's vocals are the same as ""Fall Out Of Heaven"", but with a slower tempo. Features vocals from Tony Williams as well.",5:15,"Apr 30, 2013","Sep 25, 2023",OG File,CD Quality,https://pillows.su/f/29100b9b783f952def8c984f5bd74e4b
Thank God For Drugs,"⭐ Guilt Trip [V8] 
(feat. Kid Cudi) (prod. S1, MIKE DEAN, Kanye West, Daft Punk & Travis Scott)","OG Filename: KW - Guilt Trip Ref (3.31.13)
March version. Has alternate production and more vocals from Kid Cudi and Kanye. Also has a slightly faster arrangement. This production can be heard in release through Kanye's bleed. Samples ""Fly Like An Eagle"" by Steve Miller Band.",4:19,"Mar 31, 2013","Sep 25, 2023",OG File,CD Quality,https://pillows.su/f/05af4713d18faa2c1b9594a5ac642e86
Thank God For Drugs,"⭐ Nobody To Love [V5]
(feat. Charlie Wilson, John Legend & Elon Rutberg) (prod. No I.D., Tyler, The Creator & MIKE DEAN)
(Bound 2)","OG Filename: KW - Nobody To Love Ref (3.30.13)
Commonly referred to as ""Bound 1"". Features a beat sampled from ""Aeroplane"" by Wee, beat breakdown, alternate lines with mumbling, and an alternate outro.",4:38,"Mar 30, 2013","Sep 25, 2023",OG File,CD Quality,https://pillows.su/f/5f250237a68b2e5e17ee6338d9c8f709
Thank God For Drugs,"⭐ Talk To Me [V6]
(feat. Assassin & Bon Iver) (prod. MIKE DEAN, Travis Scott, Sak Pase, Evian Christ & Anthony Kilhoffer)
(I'm In It, Where Are We)","OG Filename: KW - Talk To Me Ref (5.1.3)
Version with more developed production and an alternate mix on the sample. Has only the first Kanye verse, with alternate lyrics, and ends with a guitar solo. Is lower-energy compared to release. ",6:38,"May 1, 2013","Sep 25, 2023",OG File,CD Quality,https://pillows.su/f/fe75068684995c18d123b90b718577b1
Yeezus,"⭐ Awesome [V13]
(prod. Hit-Boy & MIKE DEAN)","Post-Rick Rubin version, likely made right before the release of Yeezus, removing the drums as well as Charlie Wilson's feature. Version that has leaked is the same as this version, but was rebounced for Yeezus 2.",4:21,,,Full,CD Quality,https://pillows.su/f/e8c30884922f733dbdac919f64c439b0
Cruel Winter [V1],"⭐ Can't Look In My Eyes [V7]
(with Kanye West & Kid Cudi) (prod. Kid Cudi & Dot Da Genius)
(Fuck, Too Bad I Have To Destroy You Now)","Version with some extra Kid Cudi intro vocals, an extended outro and small production differences compared to the previous version. Samples ""Son of Flynn"" by Daft Punk and ""Billie Jean"" by Michael Jackson. ",5:26,,"Mar 23, 2021",Full,CD Quality,https://pillows.su/f/3a183cd8b18d83c9e34111d2677a1719
Yeezus 2,"⭐ Black Skinhead (Remix) [V3]
(feat. Miley Cyrus & Travis Scott) (prod. Mike WiLL Made-It & Lido)
(Rule The World, Everybody Wants To Rule The World)","OG Filename: Black Skinhead Remix 10.13.13
Made during the Yeezus 2 sessions. Tagged version with part of the intro removed leaked in January 2016. Full untagged version leaked May 27th, 2021. Lossless file leaked in December 2022.",4:17,"Oct 13, 2013","May 27, 2021",OG File,Lossless,https://pillows.su/f/820c2b996dacbd241daf8b09c97b82fc
Yeezus 2,"⭐ I Am Not Home [V5]
(prod. Travis Scott)
(Bury Me, I Am Not Here)","OG Filename: I Am Not Home - FINAL MIX
Final mix. Has a slightly different structure compared to the previous versions of the song. Was played at a few shows from the Yeezus tour as an extended version. Samples ""É Preciso Dar Um Jeito, Meu Amigo"" by Erasmo Carlos. LQ file originally leaked March 7th, 2023.",4:14,"Oct 18, 2013","Apr 17, 2023",OG File,Lossless,https://pillows.su/f/b8b6fefa95722be1d4706936c468345e
Yeezus 2,"⭐ Fall Out Of Heaven [V14]
(feat. Bon Iver & The-Dream) (prod. Daft Punk)
(Can't Get Over Me)","OG Filename: KW - Fall Out Of Heaven Ref (5.11.14)
Cut-down version of ""Can't Get Over Me"" with some production elements removed, less Bon Iver vocals, and re-recorded verses from Kanye with some alternate lyrics. Still contains mumble. Originally leaked February 18th, 2016, with the OG file leaking as a bonus for the WAR Child USA fundraiser.",3:52,"May 11, 2014","Dec 25, 2025",OG File,CD Quality,https://pillows.su/f/b87d1c9d4405c39212981acff539a573
Yeezus 2,"⭐ God Level [V21]
(prod. 88-Keys, Hudson Mohawke, MIKE DEAN & Noah Goldstein)
(Do You Really Ever Love)","OG Filename: KW - God Level Ref (5.22.14)
Version of the song which features three different beats. Shares a sample with ""Pressure"". An edited version of the track was officially used in an Adidas commercial in 2014. The chop at the end was separated into a July 2014 file later used in August 2015.",4:03,"May 22, 2014","Jul 19, 2019",OG File,CD Quality,https://pillows.su/f/c9b5b94d712f53df40db33cfdb819ce4
Yeezus 2,"⭐ When I See It [V9]
(feat. The Weeknd & Drake) (prod. Kanye West, Che Pope, MIKE DEAN & Hudson Mohawke)
(Evolve, Soul Dog, Tell Your Friends, Tell Your Friends About It)","OG Filename: KW - When I see It Ref (5.10.14)
The original version of The Weeknd track ""Tell Your Friends"", originally meant for Yeezus 2 and eventually So Help Me God. Released version features part of Kanye's first verse muffled. Originally teased by GOODMUSICINSIDER in 2014. Features The Weeknd and Drake and has a MIKE DEAN outro with Hudmo drums. The Kanye verse is a longer mumble reference compared to the ""When I See It"" demo he publicly released, and Drake's verse has some minor differences from his officially released remix.",4:59,"May 10, 2014","Oct 2, 2022",OG File,CD Quality,https://pillows.su/f/286146b7bcf8b1249455e351c23b1908
So Help Me God,"⭐ Mitus Touch [V6]
(ref. Kanye West) (feat. ???) (prod. Keyon Christ)
(2 Rihannas)","Kanye reference track for Rihanna. Wasn't originally intended for any Kanye project, but according to some it was played at a Def Jam meeting in early 2015, and taken for So Help Me God.",2:11,,"Apr 10, 2015",Full,High Quality,https://pillows.su/f/a9dd375b0578e101690f19de431fe3a5
So Help Me God,"⭐ All Day [V10]
(ref. Kendrick Lamar) (feat. Theophilus London, Allan Kingdom & Paul McCartney) (prod. Velous, Charlie Heat & Paul McCartney)","Early version still containing Kanye's mostly finished vocal takes, but also features Kendrick filling in parts with reference vocals, some of which Kanye uses on the final version. Often mistaken for a scrapped feature. Sent to Rian Johnson in December 2014 alongside ""Wolves"" and ""Go Pro.""",3:48,"Dec 29, 2014","Apr 20, 2015",Full,High Quality,https://pillows.su/f/1f8d8cead0919a5c3dbd5ebe6d25dced
So Help Me God,"⭐ Fade [V5]
(feat. Ty Dolla $ign & James Blake) (prod. Benji B & Kanye West)","OG Filename: FADE @ 120 BPM Dm
Version from March 2015. Has a feature that is most likely James Blake, as he was doing sessions with Kanye around the same time for his album The Colour In Anything. Also contains added production from earlier versions, later stripped away in August 2015 before the beat was reworked entirely. Snippet leaked October 23, 2022.",4:20,"Mar 3, 2015","Aug 5, 2023",Stem Bounce,Lossless,https://pillows.su/f/91227b8669c1779b6f639b32f00d9d66
So Help Me God,"⭐ Go Pro [V3]
(ref. Madonna) (feat. Madonna) (prod. MIKE DEAN)
(Highlights)","OG Filename: Go Pro Ref 12.29.14 FOR RYAN JOHNSON
Created while Kanye was helping Madonna work on her album Rebel Heart. Has the same drums as ""Down Town"", along with other similarities that lead people to believe it may have evolved into this song. Original snippet leaked May 5th, 2023. Full tagged file leaked after a successful Soakbuy. Edit that removes the tag can be found in Fakes tab.",3:41,"Dec 29, 2014","Feb 3, 2025",Tagged,High Quality,https://pillows.su/f/376bf242a32bc178115c746bf6c08175
So Help Me God,"⭐ I Feel Like That [V9]
(prod. MIKE DEAN & Hudson Mohawke)","Version included as the 2nd half of the scrapped ""All Day"" music video. Drums from this version were later reused on Hudson Mohawke's song ""Indian Steps"".",3:42,,,Full,CD Quality,https://pillows.su/f/77ec1a74cf31ecc09a751147f01bf219
So Help Me God,⭐ Southside Serenade [V4],"Finished track with singing. Kanye can be seen singing the lyrics in the 2nd part of the ""All Day"" Revolt studio session video with P Diddy. Covers ""Manhattan Island Serenade"" by Leon Russel and samples ""All Day"".",2:07,,,Full,High Quality,https://pillows.su/f/68812ae8208bb0b01b511b99281577cf
So Help Me God,⭐ All Day / I Feel Like That [Music Video],"A music video containing ""All Day"" and unreleased track ""I Feel Like That"". Directed by Steve McQueen and played by Kanye for several fans in Paris. Many recordings of this video were taken and uploaded online until the full video was accidentally uploaded by the production studio. Later was leaked in full 4K on Christmas Eve 2020, but nobody fucking downloaded it. Then it leaked again in 4K as a bonus to a Childish Gambino groupbuy.",9:02,,"Dec 24, 2020",Full,Lossless,https://pillows.su/f/8469fb6716d486a2f02d1bee373dc6b0
SWISH,"⭐ Bad Night [V13]
(feat. Young Thug) (prod. Hudson Mohawke)
(Rap Tarantino, Man Up, Too Reckless, Bad Guy)","SWISH era song featuring Young Thug. Has a different instrumental and beatswitch with new fully finished lyrics. Samples ""Petiatil Cx Htdui"" by Aphex Twin. Originally leaked tagged.",3:38,,"Jun 3, 2021",Full,CD Quality,https://pillows.su/f/846f23cf6253d35ffd9c431c1ef504f1
SWISH,"⭐ Famous [V4]
(feat. Young Thug) (prod. Kanye West, Charlie Heat & Havoc)
(Nina Chop)","Has a rough Young Thug feature. Originally thought to have been made in late 2014-early 2015, though this isn't possible as the ""Nina Chop"" and ""Famous"" beats weren't combined until mid 2015. Likely a partial file due to the fade out at the end, which seemingly only cuts out a short instrumental portion.",~3:55,,"Feb 16, 2016",Partial,CD Quality,https://pillows.su/f/45fe3a1ce1cab6224549e87fa6de09e4
SWISH,"⭐ Pressure [V11]
(feat. Travis Scott) (prod. Havoc)
(CAN U BE, Never Let Me Go)","OG Filename: trav uzi pressure
Former holy grail of the Kanye unreleased community. This version has Travis Scott doing the bridge and harmonizing over the ""Get Off Me"" interlude. Originally thought to have been from Turbo Grafx 16. Short recording of Che Pope playing the song over Instagram Live surfaced on October 23rd, 2020. Leaked after Luit sold the song in a $25k groupbuy, which finished in just under 9 hours with the support of multiple unreleased communities providing bonuses and donations.",4:00,"Oct 14, 2015","May 26, 2024",Stem Bounce,Lossless,https://pillows.su/f/bc6b6bb2bc6000d74ba06099d7ebfb8b
SWISH,"⭐ Wolves [V21]
(feat. Caroline Shaw & Frank Ocean) (prod. Havoc, Cashmere Cat & Sinjin Hawke)
(Lost)","A more finished Havoc version of the 12.15.15 version. Lacks the mumble verse. Has a vastly improved instrumental, with extra drums, guitar, samples, etc. Leaked after a blind Groupbuy.",4:06,,"May 12, 2023",Full,Lossless,https://pillows.su/f/99ba6d7482d42d298af4a923a59d0ceb
The Life Of Pablo,"⭐ FML [V8]
(feat. Travis Scott) (prod. DJDS & Keyon Christ)
(FMLU)","OG Filename: FML - DJDS FULL SONG @ 123
Reworked version from January 2016. Has more finished re-recorded Kanye vocal take and different instrumental with DJDS production. Samples ""Rückzug"" by Vermont.",3:56,,"Sep 19, 2023",OG File,Lossless,https://pillows.su/f/c3824c3ff2b3931fcf113702ffdaf332
The Life Of Pablo,"⭐ Highlights [V13]
(feat. The WRLDFMS Tony Williams & Young Thug) (prod. DJDS)
(Go Pro)","OG Filename: Highlights - DJDS FULL SONG @ 100
Similar to previous version, but more structured. Contains less than a dozen mumble bars. Has a rough take of the release version's first verse, a second verse similar to the release's second verse, but has alternate lines and some mumble, and a third verse completely absent from the official release. The instrumental has new marching band-esque additions as well as skit-like samples between the hooks and verses. Has new vocals compared to the previous listing and vice versa. Samples ""Beautiful"" by Carole King. Originally leaked in full February 16, 2016, before the OG file would leak years later.",4:44,,"Sep 19, 2023",OG File,CD Quality,https://pillows.su/f/4037fc8eecb611792af4e93c9840d4c2
The Life Of Pablo,"⭐ I Feel Like That [V15]
(feat. Ty Dolla $ign & The WRLDFMS Tony Williams) (prod. MIKE DEAN & DJDS)","OG Filename: I.F.L.T - DJDS FULL SONG @ 110
DJDS version from January 2016. Was commonly referred to as ""Shogani IFLT,"" as he played it a lot in VCs.",4:12,"Jan 22, 2016","Oct 2, 2022",OG File,Lossless,https://pillows.su/f/910614072d2c57be77687d95a2a292e8
Turbo Grafx 16,"⭐ Hold Tight [V3]
(feat. Migos & Young Thug) (prod. Charlie Heat)","Snippets originally previewed by Young Thug and Migos shortly after the release of The Life Of Pablo, possibly making it one of the first songs recorded for Turbo Grafx 16. Formerly known as ""Black Tron"".",4:36,,"Jun 6, 2017",Full,High Quality,https://pillows.su/f/af8e75cf2953974c3bae392cf7122af2
Turbo Grafx 16,"⭐ Post Malone - Don't Act Like You Care [V3]
(feat. Kanye West & Justin Bieber) (prod. Charlie Heat)
(Jealous)","OG Filename: Don't Act Like You Care (Super Rough 2) (feat - Kanye West)
Shares the same features and a similar vibe with ""No Reason"", so it's probably same sessions too. Leaked after a groupbuy.",4:22,,"Jun 28, 2019",Full,Lossless,https://pillows.su/f/8382b93f6e75f089e288e6140d68dc5a
Turbo Grafx 16,"⭐ Post Malone - No Reason [V3]
(feat. Kanye West & Justin Bieber) (prod. Charlie Heat)
(100 Years Now)","Later version that doesn't include Kanye's mumble verse, cuts down Post Malone's verse, and features alternate production. Most likely Post's song at this point, as Kanye's vocals are only on the hook and Post's verse is edited to have less mumble.",3:03,,"Aug 31, 2018",Full,CD Quality,https://pillows.su/f/0f29cefca648497065308fe52c203324
LOVE EVERYONE,"⭐ Skeletons [V2]
(feat. Travis Scott, The Weeknd & Pharrell Williams) (prod. Tame Impala, MIKE DEAN & Travis Scott)","Version with Kanye doing an original finished verse about peace, ego, greed, copycats, and his reference writers. He also does Travis Scott's verse from the released version. Has an Elon Musk interview sample as well as additional background vocals and ad-libs from The Weeknd and Pharrell Williams. Travis is only in the intro and background vocals. Four lines were eventually used for Kanye's verse in ""Cudi Montage"". Lyrics were seen in the 2018 notepad. Leaked after a groupbuy for $8,000.",4:45,"Mar 11, 2018","Jun 27, 2022",Full,CD Quality,https://pillows.su/f/ed4fe836970558e0ac3bc23c8a61e996
LOVE EVERYONE,"⭐ ??? [V2] 
(feat. A$AP Rocky & Pardison Fontaine)
(Foreskin Back, My Choice, Simulation Baptize)","Finished, but rough throwaway recorded sometime before ye's release. According to Waterfalls, was recorded the same day as the ""Amistad"" freestyle. Leakers have claimed several different names for it, such as ""Simulation Baptize"", ""My Choice"", and ""Foreskin Back"", but according to Waterfalls, the song was always untitled and all titles used for it were fake. Some of A$AP Rocky's lyrics were reused on ""Potato Salad"" by Tyler, the Creator, with Kanye using some of his own lyrics in his White House meeting with Donald Trump.",3:12,,"Oct 15, 2019",Full,CD Quality,https://pillows.su/f/2273be9faa89b653be40e5131f12391b
DAYTONA,"⭐ Pusha T - Objects In The Mirror [V2]
(prod. Kanye West)
(The Way It Seems)","OG Filename: Objects In The Mirror_ref 07.17.17
Blowbama-era finished throwaway.",2:18,"Jul 17, 2017","Sep 19, 2023",OG File,CD Quality,https://pillows.su/f/207b12e91583534c87c7dfcaedf208d2
DAYTONA,"⭐ Pusha T - Real Gon' Come [V3]
(feat. Fabolous) (prod. Kanye West)
(Real Gon' Come Out)","OG Filename: Real Gon Come_07.17.17 KW utah beat
Blobama-era finished throwaway. Original snippet leaked in July 2023.",2:38,"Jul 17, 2017","Sep 21, 2023",Full,CD Quality,https://pillows.su/f/618fae43c18b92dbb13d1f9e394e72e2
DAYTONA,"⭐ Pusha T - Santeria [V3]
(feat. Neon Hitch) (prod. Kanye West & Metro Boomin)","Alternate version of the demo, with a massively reworked beat. Has Neon Hitch interpolating the vocals of the sample.",3:41,,"Jul 2, 2020",Full,CD Quality,https://pillows.su/f/dc07509df9ac582d09bec8523abf44de
DAYTONA,"⭐ Pusha T - Sisters and Brothers
(prod. Kanye West)",Blobama-era throwaway. Includes two finished verses from Pusha T. Shares the same sample with the CUCK / BULLY song of the same name.,3:17,,"May 15, 2024",Full,CD Quality,https://pillows.su/f/ed71c9dbb055a71ada0f83210eb6ea3f
ye,"⭐ Violent Nights [V3]
(ref. Chance the Rapper) (feat. 070 Shake) (prod. 7 Aurelius, Irv Gotti)
(Violent Crimes)","Version with an additional verse from Chance the Rapper at the start of the song about Donda being sexually assaulted as a young teen. This is a writing reference for the mumble verse in a previous listing, with Chance talking about Kanye's mother and not his own. Chance covers the last hook.",2:48,,"Dec 24, 2020",Full,CD Quality,https://pillows.su/f/482d3a8ea0e85a2a78ee40134a474512
ye,"⭐ Extacty [V8]
(prod. Kanye West & Andrew Dawson)
(Extacy, Exctacty, XTCY)","OG Filename: Exctacty REF 5.28.18
Similar to release, but with completely different lyrics and some production differences. Original snippet surfaced September 25th, 2019.",2:23,"May 28, 2018","Nov 30, 2024",OG File,Lossless,https://pillows.su/f/42b7427a68b4ddbb98fbca040398d122
Yandhi [V1],"⭐ Ever Bryan
(feat. Ant Clemons) (prod. FnZ & RONNY J)","OG Filename: RJ - Ever Bryan [kw and Ant freestyle]
Ye freestyle over an FnZ and RONNY J instrumental with Ant Clemons adlibs. Deals with topics such as the death of XXXTENTACION, trans rights, and getting molested by your uncle but still being a ""young goat"". Likely from the same sessions as the freestyles for ""Alien"" and ""Bye Bye Baby"".",2:52,,"Oct 14, 2023",OG File,CD Quality,https://pillows.su/f/0a59726182de58a39a99a34b553a011f
Yandhi [V1],"⭐ Last Name [V4]
(feat. Ant Clemons) (prod. BoogzDaBeast, MIKE DEAN & Francis and the Lights)
(Slave Name)","OG Filename: Last Name [Boogz and Mike Dean Beat] KW and ANT Ref 09.22.18
First revealed in 2018 after a video was posted to Instagram of Kanye rapping the song. Is Track 7 on the SNL Tracklist. Samples ""Wally Wilder"" by Delicate Steve.",3:52,"Sep 22, 2018","Oct 15, 2019",Full,CD Quality,https://pillows.su/f/b87584e3ff0fd58878a71da803633954
Yandhi [V1],"⭐ The Chakra [V12]
(feat. The-Dream, Caroline Shaw, BONGO ByTheWay & Ant Clemons) (prod. Caroline Shaw & BoogzDaBeast)
(Chakras, Selah, I Love It (Remix), Good Morning)","OG Filename: The Chakra ADMIX.4 KW ARRANGEM
Has better mixing and a slightly different outro. Another file of this version is also called ""HYPE AF"", but that was likely not intended as an actual title.",3:11,"Sep 29, 2018","Oct 24, 2021",OG File,CD Quality,https://pillows.su/f/6558efec5a9a0d5205b8e3acdaac44fa
Yandhi [V1],"⭐ The Garden [V10]
(feat. Carole Bayer Sager, Ty Dolla $ign, Ant Clemons, The-Dream & Teyana Taylor) (prod. MIKE DEAN)
(Garden)","OG Filename: The Garden 09.30.18 [TY, Ant, Dream, Teyana] Add MD bass and pad
Includes new verses from The-Dream and Teyana Taylor, with no Kanye verse, alongside added production from MIKE DEAN. Originally leaked in November 2019.",3:48,"Sep 30, 2018","Jul 3, 2025",OG File,CD Quality,https://pillows.su/f/9571c0bdc013ec3bfabb156a8e257505
Yandhi [V1],"⭐ XXX (The Storm) [V15]
(feat. Kid Cudi, XXXTENTACION, Ty Dolla $ign, Ant Clemons & tizhimself) (prod. RONNY J & MIKE DEAN)
(Everything We Need, We Begin, Jeet, We Begin After The Storm Inside)","OG Filename: XXX (the storm) mike add
SNL version that features more finished production and mixing than V3. There is slight autotune over Kanye's vocals and there is a different song structure. Includes new production from MIKE DEAN.",3:19,"Sep 28, 2018","Oct 24, 2021",OG File,CD Quality,https://pillows.su/f/22d5955135780cbdbfbb7692e9bf0cd4
Yandhi [V1],"⭐ Hurricane [V21]
(feat. Ant Clemons & Big Sean) (prod. BoogzDaBeast, Nascent & RONNY J)
(Don't Let Me Down, Hurricanes, 80 Degrees)","Alternate mix from October 4th, bounced from the stems. Identical to the September 30th version other than some mixing and volume differences.",4:29,"Oct 4, 2018",,Stem Bounce,Lossless,https://pillows.su/f/b212b27b6e90b062c6e2b6452927b938
Yandhi [V1],"⭐ New Body [V21]
(feat. Nicki Minaj & Ty Dolla $ign) (prod. CuBeatz, Plain Pat, RONNY J & Ty Dolla $ign)
(Can't Wait To See Your New Body, Flute Beat)","OG Filename: New Body [Add KW tag line] 10.06.18
Very similar to previous version except it has extra Kanye vocals on the chorus.",3:44,"Oct 6, 2018","Oct 9, 2021",OG File,CD Quality,https://pillows.su/f/a14bab72af29f145f2efe8e4151024e5
Yandhi [V1],"⭐ We Got Love [V25]
(feat. Teyana Taylor & Ms. Lauryn Hill) (prod. Kanye West, BoogzDaBeast, E.VAX & MIKE DEAN)","OG Filename: WE GOT LOVE MIKE JESS MASTER 18
Mixed and mastered version, seemingly intended for release.",3:58,"Oct 6, 2018","Feb 17, 2023",Full,CD Quality,https://pillows.su/f/81199b95b261d503a4fbe0136af22f94
Yandhi [V1],⭐ New Body [Music Video],"Video for the Yandhi version of the song. Features Kanye and Ty Dolla $ign dressed up in fursuits. Was shot with black light paint under black lights, had a rollercoaster which Nicki Minaj rode, someone being sick, wolf masks and a prison cell. Many photos of the set have leaked over the years from behind the scenes pictures. Only actual snippet of the video came on WESTDAYEVER in 2020.",3:42,,"Oct 10, 2023",Full,CD Quality,https://pillows.su/f/fea3d6fa2fe83f938a31f061e5200e86
Yandhi [V2],"⭐ All Dreams Real [V8]
(ref. Ant Clemons) (prod. Calabasas, Mark Byrd, Phil Blackman & Team Timbo)
(The G.O.O.D Ole Days)",Has an Ant Clemons reference verse replacing Kanye's first verse.,3:19,,"Oct 13, 2019",Full,CD Quality,https://pillows.su/f/12138e43d4f25da2bfa4ffe1fc24e3b7
Yandhi [V2],"⭐ Law Of Attraction [V6]
(feat. Ant Clemons) (prod. DRTWRK, Team Timbo & BoogzDaBeast)
(Bad Taste, Use This Gospel, Breastplate Of Right, Grab Your Armour For Protection, Breastplate Of Righteousness, You Don't Know)","Was incorrectly sold under the name ""Chakras"". Alternate mix of the previous version, with more effects on Ant's vocals.",3:21,"Dec 21, 2018","Jul 17, 2019",Stem Bounce,Lossless,https://pillows.su/f/8e1552a02727868ebdaa64e11b4e8ce3
Yandhi [V2],"⭐ Sky City [V24]
(feat. Ty Dolla $ign, Ant Clemons, 070 Shake, The-Dream, Desiigner & Kid Cudi) (prod. Kanye West, Ty Dolla $ign, Angel Lopez, BoogzDaBeast, damn james!, DRTWRK, Federico Vindver, MIKE DEAN & Timbaland)
(City In The Sky, Loyalty, Ooh Child, Ooh Child Things Are Gonna Get Easier)","OG Filename: YE - Sky City (BOOGZ NWA DRUMS) team timbo short version V1
A later, unmastered version with a rough mix. Has added Timbaland drums and a random cut in Ty's intro. Leaked in early October 2019, under the name ""We Can Fly"".",4:03,"Dec 16, 2018","Oct 4, 2019",OG File,CD Quality,https://pillows.su/f/fd133187fd6aec662d05dfe6aae98877
Yandhi [V2],"⭐ Spread Your Wings (Get Back) [V12]
(prod. AllDay, Timbaland, Team Timbo, BoogzDaBeast & Andy C)
(Spread Your Wings, Off The Meds, Spread My Wings)","OG Filename: SPREAD YOUR WINGS V5 (Get Back) (Ye Vocals) 12.21.18
Fully finished Yandhi-era song. Sold and leaked along with the stems, incorrectly under the name ""Bye Bye Baby."" Possibly the same song as ""Spread My Wings"" from 2020, but unconfirmed.",2:32,"Dec 21, 2018","Jul 17, 2019",OG File,CD Quality,https://pillows.su/f/c896f367116581146f59212c1f4356f1
Yandhi [V2],"⭐ Brothers [V20]
(feat. Charlie Wilson) (prod. 7 Aurelius, Irv Gotti & Bink!)","Release-ready version that was posted on producer Irv Gotti's Instagram. According to Alek, it didn't release because the producers were fighting about royalties.",3:44,,"Jul 1, 2019",Full,CD Quality,https://pillows.su/f/14f3202388320e7d213e2d66f5cefe0f
Yandhi [V2],"⭐ Cash [V12]
(ref. Styles P) (feat. CyHi & Kenny G) (prod. AllDay, Andy C, Angel Lopez, BoogzDaBeast, Federico Vindver, Mosley & Timbaland)
(Cash To Burn)","OG FIlename: CASH NEW HORNS LATEST
Recorded in February 2019 when Kanye linked up with Styles P and Kenny G. Style P's verse is a reference for Kanye. Has a more finished Kanye chorus with background vocals from CyHi.",2:29,,,OG File,High Quality,https://pillows.su/f/885e71e5cd918d999dc1e68337419008
Yandhi [V2],"⭐ Nyce Vieux [V2]
(prod. E.VAX)","OG Filenames: nyce vieux &
nyce vieux(evan version)
E.VAX version of the freestyle, reworking the beat and cutting down the mumble. Has lines about aliens, hospitals, and the 4th dimension. Made alongside ""Joicing"" and other 2019 freestyles.",3:05,,"Feb 19, 2023",OG File,CD Quality,https://pillows.su/f/e77f8f6fa97d9096f5e22ab10c831ea3
JESUS IS KING,"⭐ Wake The Dead [V13]
(prod. BoogzDaBeast & E.VAX)","OG Filename: Wake the dead V1 (w vox chop)
Version very similar to the previous version, but with no open verse.",2:20,"Jul 23, 2019","Sep 24, 2023",OG File,CD Quality,https://pillows.su/f/5ededea1f7dbe470f35ebfde26a40699
JESUS IS KING,"⭐ Don't Give Up [V4]
(feat. CyHi) (prod. AllDay & Budgie Beats)
(Lord Christ)","OG Filename: Dont Give Up - 10.22.19 For Mix
FInished version intended for release that includes a verse from CyHi over some of the open and makes Ye's verse a hook.",2:30,"Oct 22, 2019","Jan 2, 2026",OG File,CD Quality,https://pillows.su/f/9a03c527e945b338392e96edf0b0e10d
JESUS IS KING,"⭐ Follow God (Remix)
(feat. Clipse) (prod. Kanye West, BoogzDaBeast & Xcelence)","OG Filename: Follow God Remix 10.28.19
Official remix done by Clipse. Original snippet came from Pusha T's manager's Instagram story shortly after Jesus Is King released, with another posted to Pusha's own Instagram in December 2019, and the final from when it was put up for sale on TheSource. Clipse's vocals come from an earlier solo version, from when Kanye had originally given them the beat, before he took it back.",3:31,"Oct 28, 2019","Sep 17, 2023",OG File,CD Quality,https://pillows.su/f/da5ee6e81f7f83dc0d3b7489d5227b37
JESUS IS KING,"⭐ LA Monster [V8]
(prod. Angel Lopez)","OG Filename: KW-LA MONSTER-mix.1
Version from the day before the album's release. Said to be a Manny Marroquin mix. Was cut last minute.",2:20,"Oct 24, 2019","Aug 28, 2022",OG File,CD Quality,https://pillows.su/f/53b6f7e281a50a8b6af107fb6b5d3d84
JESUS IS KING,⭐ JESUS IS KING [Movie] [OG],"OG Filename: edit18_v1_190917_JESUSISKING_0918_0858
An earlier version of the JESUS IS KING movie, featuring some different songs and scenes. Leaked in full in September 2023.",36:51,"Sep 28, 2019",,OG File,CD Quality,https://archive.org/details/yeezus-is-king
God's Country,"⭐ 12,000 Acres [V9]
(ref. FXXXXY) (prod. BoogzDaBeast, FnZ & FXXXXY)","OG Filename: 12000 ACRES ROUGH MIX
Reference done by Future associate and former-Freebandz Gang signee FXXXXY. Contains wildly different production compared to other versions, alongside some of Kanye's original freestyle vocals. Exact date of this version is unknown.",2:54,,"Sep 11, 2023",OG File,CD Quality,https://pillows.su/f/dd7220c0664ae8c2b6a85315ce36280c
God's Country,"⭐ Let The Spirit Go Wild [V6]
(feat. Abstract Mindstate) (prod. FnZ, RONNY J & Styalz Fuego)","OG Filename: Let The Spirit Go Wild - 07.16.20 RJ
Mid-July version, seen being recorded by Kanye on the intro to the first episode of jeen-yuhs. Contains less mumble than other versions, and additional production from RONNY J. Has verses from both Abstract Mindstate members. An edit of the song, adding on Sunday Service Choir vocals, was leaked on September 11th, 2023, and the full OG File leaked on September 17th, 2023.",3:15,"Jul 16, 2020","Sep 17, 2023",OG File,CD Quality,https://pillows.su/f/059139af20cc745f0eb3e89247456f24
God's Country,⭐ 500 Days In UCLA [Documentary],"OG Filename: kw doc rev_1_ALL SCENES
A documentary about Kanye was owned by waterfalls which is filmed from LOVE EVERYONE (Hitler) to God's Country (JESUS IS LORD) era. The documentary includes footage of the unreleased versions of ""Wouldn't Leave"", ""Ghost Town"", ""Cops Shot the Kids"", ""Simple Things"", and ""Crash Landing"" being played. Documentary was directed by Nico Ballesteros. Linked is the full documentary bounced in October 2020.",2:33:33,,"Sep 24, 2023",OG File,CD Quality,https://pillows.su/f/87eab6a4d34daa246977ffecb6950e4e
God's Country,⭐ 500 Days In UCLA (Deleted Scenes) [Documentary],"OG Filename: KW DOCO_Trump - end of Photoshoot day
A bounce from June 2020 containing 90 minutes of deleted scenes from 500 Days In UCLA.",1:30:44,,"Sep 24, 2023",OG File,CD Quality,https://archive.org/details/kw-doco-trump-end-of-photoshoot-day_202310
JESUS IS KING: The Dr. Dre Version,"⭐ Ashes [V20]
(feat. Sunday Service Choir, Marsha Ambrosius, Anderson .Paak & ???) (prod. Dr. Dre)
(Beauty From Ashes, Beauty to Ashes, The Glade, Up From The Ashes)","OG Filename: Ashes - 07.17.20 Break Return
Seen on several JESUS IS KING II and DONDA: WITH CHILD tracklists. Features new production from the previous version.",3:54,"Jul 17, 2020","Jun 4, 2022",OG File,CD Quality,https://pillows.su/f/fec4795d119bcfe9afcec11670539a61
JESUS IS KING: The Dr. Dre Version,"⭐ Closed On Sunday (Remix) [V2]
(feat. Anderson .Paak) (prod. Dr. Dre)","OG Filename: Closed On Sunday (Remix) RE2 3.5 Main_4424_24FEB2020
Dr. Dre version. Has a new Kanye verse, as well as an Anderson .Paak feature. Likely recorded in January 2020, as Paak had claimed they had met up and recorded then.",3:29,"Feb 24, 2020","Sep 25, 2023",OG File,High Quality,https://pillows.su/f/ac47fe4424d821fbdd45b2cdddbe3eb1
JESUS IS KING: The Dr. Dre Version,"⭐ Hands On (Remix) [V2]
(feat. Travis Scott, The WRLDFMS Tony Williams & Fred Hammond) (prod. Dr. Dre)","OG Filename: Hands On (Remix) 3.2 Main_4424__02MAR2020
Dr. Dre version with a Travis Scott feature. Found on the June version of JESUS IS KING: The Dr. Dre Version.",3:29,"Mar 2, 2020","Sep 25, 2023",OG File,High Quality,https://pillows.su/f/5fda01518033bc6f34c4b511a579f33a
JESUS IS KING: The Dr. Dre Version,"⭐ Intro / Every Hour / Selah
(feat. Marsha Ambrosius, Dr. Dre & Sunday Service Choir) (prod. Dr. Dre)
(Selah)","OG Filename: Intro_Every Hour_Selah RE1 4.4 Final Main_4424_27FEB2020
Dr. Dre version. Has new Marsha Ambrosius vocals and short Dr. Dre background vocals.",3:45,"Feb 27, 2020","Feb 13, 2021",OG File,High Quality,https://pillows.su/f/b9a48821b4a5114cea82aae578a90139
JESUS IS KING: The Dr. Dre Version,"⭐ LA Monster [V11]
(feat. ??? & A$AP Ferg) (prod. Dr. Dre)","OG Filename: LA Monster 01JUL2020
Version with choir vocals and an A$AP Ferg verse. Leaked after the JESUS IS KING: The Dr. Dre Version July Copy groupbuy.",3:35,"Jul 1, 2020","Sep 25, 2023",OG File,High Quality,https://pillows.su/f/e4410df020c20895598de6da0023c0b9
JESUS IS KING: The Dr. Dre Version,"⭐ Glory [V4]
(feat. Dr. Dre, Snoop Dogg & Dem Jointz) (prod. Dem Jointz & Dr. Dre)
(The Glory, This Is The Glory)","OG Filename: Glory 4.6 Final Main 
Alternate mix of the July 14th, 2020 version of the song. Features Snoop Dogg during the start of the beatswitch instead of the ""Hands On"" interpolation from the previous version, as well another mini-beatswitch containing another long Dr. Dre verse and a couple bars from Snoop Dogg.",4:10,"Jun 28, 2020","Sep 24, 2023",OG File,High Quality,https://pillows.su/f/33005b1b62e0292fd727407a41dad252
JESUS IS KING: The Dr. Dre Version,"⭐ Water (Remix) [V5]
(feat. Marsha Ambrosius & Ant Clemons) (prod. Dr. Dre)","OG Filename: Water (Remix) RE4 3.8 Main_4424_04MAR2020
Dr. Dre version. Has a completely new Kanye verse, alongside Marsha Ambrosius backing vocals and completely new production.",3:35,"Mar 4, 2020","Sep 25, 2023",OG File,High Quality,https://pillows.su/f/695839dff241b6b20a0362bf456b90ad
DONDA [V1],"⭐ Crash Landing [V5]
(feat. Sheck Wes & KayCyy) (prod. AllDay, E.VAX & FROMDABUNKA)
(Real Mannish)","OG Filenames: CRASH LANDING DEAN VERSION 8.1.20 & 
Crash Landing (Dean Remix) 8.1.20
DONDA-era rework of ""Crash Landing"" by FROMDABUNKA, originally thought to be produced by MIKE DEAN. Has the drums from E.VAX's version. Sheck Wes' verse is fully finished. KayCyy accompanies Kanye on the chorus. Kanye's verses contain some mumble, and is the same vocal take as the original freestyle. Used as the ending to the DONDA visual album. Intro samples ""Real Man"" by Todd Rundgren. Two identical files with different filenames leaked as a bonus for the ""We Did It Kid Bundle"" buy.",3:26,"Aug 1, 2020","Apr 15, 2023",OG File,CD Quality,https://pillows.su/f/f0b2ae761edcbb2d158b4b25c788da29
DONDA [V1],"⭐ Keep My Spirit Alive [V22]
(ref. Dem Jointz) (feat. KayCyy, Westside Gunn & Conway the Machine) (prod. BoogzDaBeast, Dem Jointz, E.VAX, FnZ, Rico Nichols & Darius Woodley)
(Keep Our Spirit Alive)","OG Filename: KEEP MY SPIRIT ALIVE (Dem Jointz Edit 166bpm) ST
Version on the Visual Album tracklist. Contains the best overall mix and full Kanye verses (including the Trump diss) + Griselda verses and KayCyy on the hook. Was meant for the July 24 release date.",6:17,,"Aug 7, 2022",OG File,CD Quality,https://pillows.su/f/fadbb1c15c97f1a73001c35abdaf68af
DONDA [V1],"⭐ Pray For Me [V3]
(feat. SAINt JHN) (prod. Kanye West)
(Pray 4 Me)","OG Filename: Ye_St. JohnPray For Me 7.27.20 2
Version meant for July DONDA. Was given to SAINt JHN for his album While The World Was Burning. Was being falsely sold as ""Keep My Spirit Alive"" (JESUS IS LORD era), but leaked shortly after a groupbuy started.",3:52,"Jul 27, 2020","Oct 27, 2020",Full,High Quality,https://pillows.su/f/dcd3212812d34323644207571c48e0a6
DONDA [V1],"⭐ 24 [V18]
(ref. Dem Jointz) (feat. KayCyy & Sunday Service Choir) (prod. BoogzDaBeast, FnZ, Dem Jointz, Rico Nichols & Darius Woodley)
(24 Candles, 24 Hours)","OG Filename: 24 V4 (extra sunday service percussion at end)
Later version made the same day as the previous version. Has extra Rico Nichols & Darius Woodley drums on the outro.",3:36,"Oct 13, 2020","Sep 17, 2023",OG File,Lossless,https://pillows.su/f/bc48c460388bb4779cb9e4ca3a493705
DONDA [V1],"⭐ Alien [V42]
(ref. Bruza The General) (feat. Ant Clemons, Kid Cudi, 2 Chainz, Quavo, Pusha T, Jaden & Dem Jointz) (prod. RONNY J, BoogzDaBeast, FnZ, BONGO ByTheWay, Andrew Dawson & Dem Jointz)
(Space X)","OG Filename: Alien (Dem Jointz MIX TWO)
Final known version, with re-recorded, more ""Christian"" Ant Clemons vocals & new production and backing vocals from Dem Jointz. Overall, just a better version of the ""ALL Mix."" Has a beatswitch at the end.",3:32,"Oct 23, 2020","Sep 17, 2023",OG File,CD Quality,https://pillows.su/f/43a53ed17fd8278dc896b53678b8e6d2
DONDA [V1],"⭐ Believe What I Say [V6]
(ref. Dem Jointz) (feat. Buju Banton, Dem Jointz & STALONE) (prod. Dem Jointz, BoogzDaBeast, FnZ & AntMan Wonder)","OG Filename: Believe What I Say V2
Compared to release, this version has punch-ins, punchier drums and brighter production, with some extra parts not seen in release.",3:48,"Oct 10, 2020","Sep 17, 2023",OG File,Lossless,https://pillows.su/f/b932ea6c3ad4504ac77786b013284adc
DONDA [V1],"⭐ God's Country [V11]
(feat. Travis Scott) (prod. Dez Wright, 30 Roc, ZenTachi, Rico Nichols, Darius Woodley & E.VAX)","OG Filename: Gods Country V1
Version with production from Rico Nichols, Darius Woodley and E.VAX. Contains a beatswitch. Stems are avaliable for this version.",3:00,"Oct 31, 2020","Sep 17, 2023",OG File,Lossless,https://pillows.su/f/7ed4b12c23e7c8c02b14f1523a7c03ea
DONDA [V1],"⭐ Heaven and Earth
(feat. Buju Banton & Dem Jointz) (prod. Dem Jointz)
(Heaven On Earth)","OG Filename: Heaven And Earth_Ye_Buju 9.19.20
Finished Kanye and Buju track from September 2020. Produced by Dem Jointz. Has an open verse. Made the same day as ""Believe What I Say"" & ""Stand United"".",3:14,"Sep 19, 2020","Sep 17, 2023",OG File,CD Quality,https://pillows.su/f/50ace5f183abd3cad84fca85a10a3baa
DONDA [V1],"⭐ Nah Nah Nah (Remix) [V15]
(ref. Dem Jointz) (feat. DaBaby & 2 Chainz) (prod. Dem Jointz, BoogzDaBeast & FnZ)","OG Filename: NA NA NA V9 DaBaby x 2 Chainz (Dirty)
Another version of the remix. Completely different to release with a whole new drum pattern + melody compared to release.",4:35,"Oct 24, 2020","Sep 17, 2023",OG File,Lossless,https://pillows.su/f/3b59caa761ed939eb218aded6dfc6d1e
DONDA [V1],"⭐ Precious [V16]
(feat. Dem Jointz) (prod. Dem Jointz, E.VAX, Rico Nichols & Darius Woodley)
(Hands Down, Stay On 'Em, With Child)","OG Filename: Precious - 10.06.20 JB Edit
Mixed version with more re-recorded and alternate Ye lines than ""PRECIOUS _ STAY ON EM (Edit SIX No Hats)"". Has one of the Dem Jointz reference lines re-recorded, some of the iTunes tracklist vocals, and a new re-recorded section which has completely different lines to other leaked versions. Contains no Dem Jointz punch-ins and a new sample in the middle of the song. ""JB"" in the filename stands for Josh Berg.",2:51,"Oct 6, 2020","Mar 27, 2026",OG File,CD Quality,https://pillows.su/f/1970ee3216af254fe667c8875758de95
DONDA [V1],"⭐ Tell The Vision [V10]
(ref. Conway the Machine) (feat. 2 Chainz & Sunday Service Choir) (prod. E.VAX & BoogzDaBeast)
(RIP Pop Smoke, Television, We Made It)","OG Filename: Tell The Vision Idea 2 - 09.17.20SS Choir Nudge
Version with new choir vocals and a different mix on all vocals. Leaked accidentally as an OG file in December 2021, but was discovered to be different to the previously leaked version.",5:33,"Sep 17, 2020","Dec 13, 2021",OG File,CD Quality,https://pillows.su/f/2048dc81683114ed0145361a4b6d9f2e
DONDA [V1],"⭐ Welcome To My Life [V7]
(feat. Ty Dolla $ign) (prod. BoogzDaBeast, FnZ, Rico Nichols & Darius Woodley)
(THE LIFE)","OG Filename: Welcome To My Life V2
Version from October 2020. Has better mixing than the September version, a few different instrumental elements, and a different outro.",3:45,"Oct 20, 2020","Sep 17, 2023",OG File,Lossless,https://pillows.su/f/b8e9a30d43ff8928ec45935979eff310
DONDA [V1],"⭐ DONDA Visual Album
(dir. Vanessa Beecroft)
(With Child)","OG Filename: KW VISUAL ALBUM EDIT_BELLA_16X9_0810_recut
Visual album film for an early version of DONDA directed by Vanessa Beecroft and presented by Dame Dash. Was later reworked into a re-edited version titled ""With Child"" featuring a soundtrack composed by Dame Dash's band ""The Black Guns"". Rendered on 10th August, 2020 based on metadata in the Crash Landing video. Alternate version of the visual album exist with different cuts of audio, some with more Donda speeches, different tracks and different transitions. Leaked after a $700 blind groupbuy.",34:30,"Aug 10, 2020","Sep 21, 2023",OG File,CD Quality,https://pillows.su/f/46c9d288435820eb9837511d0eedd724
DONDA [V1],"⭐ Future Sounds [V29]
(feat. Travis Scott & Harmony) (prod. BoogzDaBeast, Nabeyin & Wallis Lane)
(Future, Future Bounce, Future Of Sound, TELEKINESIS, Ultrasounds)","OG Filename: Future Sounds Ye Edit No Echo 11.5.20
Version used on the New Years tracklist, and track 11 on a copy of DONDA earlier than New Years. Has no echo and sounds better mixed overall. Travis fills in some of Kanye's mumble lines.",2:20,"Nov 5, 2020","Dec 13, 2021",OG File,CD Quality,https://pillows.su/f/9b160d313c3c9763733b0e1f1170b3c5
DONDA [V1],"⭐ God's Test [V9]
(ref. Dem Jointz) (feat. 2 Chainz & KayCyy) (prod. Dem Jointz)
(This Is God's Test, This Is Progress)","OG Filename: GODS TEST (Ye & Toni 164bpm) ST 3
Version with Dem Jointz punch-in vocals, additional production, and a better mix. Samples the ""I"" from the hook of ""I Feel Terrific"" as an ad-lib. Leaked after a groupbuy.",3:58,,"Jul 18, 2022",OG File,CD Quality,https://pillows.su/f/d77dabbeee9ce6c90fb92096151107e4
DONDA [V1],"⭐ Hurricane [V40]
(ref. Bruza The General) (feat. Lil Baby, KayCyy & STALONE) (prod. BoogzDaBeast, Dem Jointz, Nascent & RONNY J)
(Don't Let Me Down, Hurricanes, 80 Degrees)","OG Filename: HURRICANE_Ye Edit 4 11.18.20
Version used on a December 12th album copy and the New Years tracklist. Has the ""Wave Runner"" verse, Kanye vocoder hook, Lil Baby verse, and KayCyy bridge. STALONE performs background vocals during the hook, and Bruza The General does the punch-in vocal on Kanye's verse.",3:22,"Nov 18, 2020","Dec 12, 2021",OG File,CD Quality,https://pillows.su/f/6fa517b01cf509c1ae84a08254f4270b
DONDA [V1],"⭐ In God's Country [V19]
(feat. Justin Bieber, KayCyy, Common & Todd Rundgren) (prod. 88-Keys, BoogzDaBeast & Todd Rundgren)
(Work It Out, God's Country)","Version from December 2020. Has a small amount of Kanye mumble and Todd Rundgren backing vocals. VC recorded snippet leaked in April 2022, and a VC recorded instrumental snippet leaked in May 2022. Leaked after a $2.5k blind groupbuy.",3:05,,"Dec 2, 2022",Full,CD Quality,https://pillows.su/f/f87a35fb08ae70bf669b285b4124ee4c
DONDA [V1],"⭐ 24 [Music Video]
(feat. KayCyy & Sunday Service Choir)","OG Filename: KW_FALLING_014_Shots_v044
Music video for the July 2020 version the song, filmed in March 2021. Leaked after a successful groupbuy.",3:43,,"Apr 19, 2022",OG File,CD Quality,https://pillows.su/f/40c6661a7ee9d9e715ee315f0001b700
DONDA [V1],"⭐ Life Of The Party [Music Video]
(dir. Hype Williams)","OG Filename: LOTP Rough Edit Sequence 1 (low res)
Music video from July 2020. Was ""partially edited"" by Emily of PhotosOfKanye.",3:04,"Dec 7, 2020","Sep 21, 2023",OG File,CD Quality,https://pillows.su/f/2be845358fe76389e9e45ba83418da29
DONDA [V1],⭐ YZY TV Documentary,"OG Filename: YZYTV_WY_DOC_DAY01-03_V02
30 minute documentary on DONDA featuring 15 snippets of 15 different songs from the album. Found on a public Vimeo account on January 23rd, 2021 before being taken down, but not before people were able to download it.",29:26,"Jan 23, 2021","Jan 23, 2021",OG File,CD Quality,https://pillows.su/f/49132bdcef704d9dff41d88b8e0c019b
Donda [V2],"⭐ Don't Go Away [V2]
(ref. Dem Jointz) (prod. Dem Jointz)","Beat built around a repeated vocal sample resembling Street Fighter that is chopped up and repeated, with added drums. Kanye has an autotuned singing hook. Contains punch-ins. Said to be found in a Gallery sessions folder. Reuses lines from ""Fun Mistakes"".",1:23,"May 29, 2021","Sep 24, 2023",Stem Bounce,Lossless,https://pillows.su/f/625912e54f270d416c61e2eeb9e2dcc5
Donda [V2],"⭐ God Got Me [V1]
(prod. 88-Keys & Ojivolta)
(God's Got Me)","OG Filename: God Got Me - 21.05.13 Tracking Ref
Original freestyle. Some lyrics were reused for the released version of ""Lord I Need You"" and an unreleased version of ""Donda"". Has 14 minutes of vocals (5-7 non-mumble) and 6 minutes of an open verse where he screams, providing choir reference vocals. Has lyrics about a girl from Palestine, abortion, the industry, and his own black identity. Samples ""Enlightenment"" by Billy Paul. Low quality rebounce originally leaked September 13th, 2023 after a kind of successful groupbuy - with the real lossless file leaking later.",20:22,"May 13, 2021","Mar 24, 2024",OG File,Lossless,https://pillows.su/f/c4f2f240b130615e70ab507073e730d5
Donda [V2],"⭐ NASDAQ [V3]
(ref. Dem Jointz) (feat. STALONE & Dem Jointz) (prod. Dem Jointz)
(Life Of The Party)","Dem Jointz rework of the Gallery ""Life Of The Party"" freestyle. Was described as ""industrial"" and compared to the sound of Yeezus prior to leaking in full. Has Dem Jointz punch-ins and two lines of mumble, and STALONE backing vocals. Samples ""African Mist Voice 11"" from GarageBand Jam Pack: World Music - African Mist Voice Samples.",2:25,"May 26, 2021","Jun 6, 2023",Stem Bounce,Lossless,https://pillows.su/f/9c9e59bd29b110f6a87882fd1c07ad41
Donda [V2],"⭐ Life Of The Party [V13]
(prod. AllDay, Federico Vindver, The Twilite Tone & Dem Jointz)
(lifeoftheloop, The Seraphim)","OG Filename: Life of the Party_Dem Jointz - 21.05.25 Review
Has a beat closer to the July/August 2021 versions of the song, but with the original 2020 finished take. Features finalized mixing as well.",3:20,"May 25, 2021","Feb 24, 2024",OG File,CD Quality,https://pillows.su/f/07aeb256c325a74a0a94f83d8408ace5
Donda [V2],"⭐ All These Friends of Mine [V5]
(prod. Digital Nas & Ojivolta)
(Friends)","OG Filename: All These Friends of Mine - OxV - 21.05.30 Vocal Restructure
Cut-down version from late May. Seen on tracklists throughout 2021. Combines the production from the two prior freestyles for the song. Originally leaked with a fake filedate of 21.11.30",2:03,"May 30, 2021","Sep 10, 2023",OG File,CD Quality,https://pillows.su/f/f4b722b267219133377dca37374d1ce4
Donda [V2],"⭐ HIIII WYD [V2]
(ref. Dem Jointz) (feat. STALONE) (prod. BoogzDaBeast & Dem Jointz)
(New Again)","Original version of the song with a different instrumental that bleeds through on the final version. Includes the verse played at the first Donda listening party, in addition to 35 seconds of new vocals. Snippet leaked from dbree. Samples ""As 1"" by Mapei and ""I'll Say It Again"" by Sweet Linda Divine. Features very faint vocals from STALONE. Leaked after a groupbuy.",2:08,"May 29, 2021","Sep 25, 2023",Stem Bounce,Lossless,https://pillows.su/f/a61779b06b3d42313d7c4a8edea7f362
Donda [V2],"⭐ South Carolina [V19]
(feat. Sunday Service Choir & MUSYCA Children's Choir) (prod. BoogzDaBeast & FnZ)
(Donda, Donda's Glory, Glory)","OG Filename: South Carolina - 21.06.23 dR3
Features the sample at its original pitch and new lyrics that would go on to be reused for ""Lord I Need You"". Leaked after a groupbuy.",4:26,"Jun 23, 2021","Nov 20, 2021",OG File,CD Quality,https://pillows.su/f/e209efb54b4b71ccecbee79fbe74b20b
Donda [V3],"⭐ No Child Left Behind / Run It Up [V13]
(ref. Dem Jointz) (prod. BoogzDaBeast, Dem Jointz, Ojivolta, Teddy Walton & MIKE DEAN)
(Futures, No Child Left Behind, Run It Up)","OG Filename: NO CHILD LEFT BEHIND - RUN IT UPMIKE DEAN MIX 4 MORE TOMS
From an early Donda copy from July 13th, 2021. Is a slightly different arrangement of Teddy Walton's version. Very likely the final version.",2:58,"Jul 12, 2021","Oct 1, 2023",OG File,CD Quality,https://pillows.su/f/1da2a10d6af52690f7d18200176724a7
Donda [V3],"⭐ Donda [V36]
(feat. Pusha T, The WRLDFMS Tony Williams, STALONE & MUSYCA Children's Choir) (prod. BoogzDaBeast, FnZ & Ojivolta)
(Donda's Glory, Glory, South Carolina)","Version of the song played at the second Donda listening party in Atlanta. Nearly identical to the LP1 version, but STALONE's vocals are much more prominent in the mix. Likely the last version with Pusha T vocals.",3:42,,"Aug 6, 2021",Full,CD Quality,https://pillows.su/f/8d93c7177779adf290fadc4ac437abda
Donda [V3],"⭐ Life Of The Party [V32]
(feat. André 3000) (prod. AllDay, Federico Vindver, The Twilite Tone & Dem Jointz)
(lifeoftheloop, The Seraphim)","OG Filename: Life of the party MIX TEST.12_12
Seen on an August 25th, 2021 copy of Donda. Version with the semi-uncensored Drake diss, but with a better mix and also an autotuned outro that carried onto released. Has Monica Corgan's (3:48) and Drake's (at 4:05) names censored.",6:51,,"Oct 14, 2023",OG File,CD Quality,https://pillows.su/f/43ea6c06f3d683cdddbbe711a7c3e8e1
Donda [V3],"⭐ Pure Souls [V7]
(feat. Roddy Ricch & GLC) (prod. BoogzDaBeast)
(Sheep, Soul De La)","OG Filename: PURE SOULS MIKE DEAN MIX 100
Ssimilar to the version played at the first Atlanta LP, but features an outro speech from GLC. Found on a copy for Donda made the same day.",4:03,"Jul 24, 2021","Oct 14, 2023",OG File,CD Quality,https://pillows.su/f/33db8ff42f650668a2a549f526175165
Donda 2,"⭐ Never Forgive Yourself / Yeah I Know [V2]
(ref. Dem Jointz) (feat. Dem Jointz) (prod. Dem Jointz & BoogzDaBeast)
(Candyland, Never Forgive Yourself, Never Forgive Urself, Worst Mistake)","OG Filename: NEVER FORGIVE URSELF_ YEAH I KNOW Dem Jointz _ Boogz (144-120BPM)
Seen on several Donda 2 tracklists dated before the listening event. This song is Dem Jointz' take on ""Worst Mistake"" / ""Candyland"". Includes punch-ins and background vocals from Dem Jointz, as well as production similar to ""Too Easy"". Includes a beat switch. The horn loop and part of the drums in the first beat were reused on the song ""Emergency"" by K.A.A.N., which Dem Jointz also produced. The second beat samples ""We Come 1"" by Faithless.",2:55,"Feb 7, 2022","Jan 29, 2023",OG File,CD Quality,https://pillows.su/f/7e845de24c65dad0dead276a65484a59
Donda 2,"⭐ Blood Of The Lamb [V17]
(feat. Pusha T, Marsha Ambrosius & Consequence) (prod. BoogzDaBeast, Dr. Dre & FnZ)
(Donda, They Were Overcome)","Version with production from Dr. Dre and a verse from Pusha T. It's unknown when this was made, but due to direct references from Pusha T to his mother's death in November 2021, and 2022, it's safe to assume the verse was recorded sometime in 2022. Has more production and sound effects in the intro.",4:23,,"Sep 25, 2023",Full,CD Quality,https://pillows.su/f/ef4cc568402ee11f3a3482294f688b2b
Donda 2,"⭐ Pablo [V45]
(feat. Travis Scott, Future & Marilyn Manson) (prod. ATL Jacob, Ojivolta, Digital Nas, FnZ, Marilyn Manson & John Cunningham)","OG Filename: Pablo - OxV Stems JC Edit.14 - Ye Freestyle at end
Made after the Donda 2 listening party. Has most of the new Ye vocals from the previous version, but with Marilyn Manson covering the ""but if I melt then we all drown"" line. Has a different beat to the Stem Player version and a new 2 minute freestyle Ye verse, including some lines that interpolate ""Pop Style"". Ye does the hook at the start of the freestyle. Original snippet leaked March 12th, 2023.",5:26,"Mar 21, 2022","Apr 8, 2023",OG File,CD Quality,https://pillows.su/f/3efa3c47dc951a330785f5221ffe7983
WAR,"⭐ For Once In My Life [V4]
(feat. Monica Martin) (prod. James Blake)
(Never Coming Back)","More finished vocal take with an alternate structure and mixing. Samples a cover of Stevie Wonder's ""For Once In My Life"" by Monica Martin that she recorded with James Blake. Barely has mumble. Snippets leaked December 13th and December 16th, 2025. Leaked in full after the Ukraine Red Cross Society fundraiser.",3:35,,"Dec 19, 2025",Full,CD Quality,https://pillows.su/f/06c36f15382350c97a06e5b0d2954df6
WAR,"⭐ Quiet [V6]
(prod. James Blake & Josh Stadlen)",Has better drums compared to the previous version. Features a finished chorus and bridge from James Blake and a semi-finished verse from Ye. Leaked in full after the Mental Health America charity groupbuy.,2:47,,"Oct 30, 2025",Full,CD Quality,https://pillows.su/f/0e3e7e1bf6a398cc1478ae8173bd60f9
WAR,"⭐ And They Came Back / This One Here [V9]
(prod. Dom Maker & James Blake)
(Showtime, TIME)","Full version with the extended intro. Snippet leaked December 24th, 2025. Leaked as a result of the WAR Child USA Fundraiser.",4:51,,"Dec 25, 2025",Full,CD Quality,https://pillows.su/f/b7312bd2a1a120b54966b6d07292b8dc
WAR,"⭐ Through The High Wire [V4]
(prod. Dom Maker, excusemeplease, Jameela Jamil, James Blake & Josh Stadlen)","WAR throwaway from a October 2022 copy of the album. James Blake is more vocally present than most songs from this era. Has two mumble Ye verses, with the first being in worse quality than the second. Intro played on stream May 1st, 2025, while Nkenge 1x was skipping through WAR files. HQ snippets leaked December 8th and 9th, 2025. Leaked as the reward for the Palestine Children’s Relief Fund charity groupbuy.",5:54,,"Dec 13, 2025",Full,CD Quality,https://pillows.su/f/75bd9c7cfbfb8ce66663c5242e0ae8ed
WAR,"⭐ What I Would Have Said At Virgil's Funeral [V9]
(prod. James Blake)
(Always, New Choppies, Virgil's Funeral)","OG Filename: what I would have said at virgils funeral4
Has mumble Ye vocals. Was thought to be called ""Always"". Samples ""Crazy Bout My Boifriend (Loopy)"" by Sissy Nobby. Interpolates ""As"" by Stevie Wonder. Original CDQ snippets leaked December 2022 & October 16th, 2023, with an HQ snippet leaking February 17th, 2023.",4:32,"Apr 7, 2022","Oct 27, 2023",OG File,CD Quality,https://pillows.su/f/cd92f39b4b23afa022e36c0b64d90e3c
YEBU,⭐ So Soon [V3],"OG Filename: So Soon - Ye Reference
Seen on a tracklist for Ye's solo album being worked on in Japan. Has one finished verse that loops. Said to have been brought back for VULTURES 2 by trusted sources. Leaked after a groupbuy.",2:29,,"Oct 15, 2024",Full,High Quality,https://pillows.su/f/193bb7003c18723063716767af0a319e
Bad Bitch Playbook,"⭐ SO CALLED FRIENDS [V15]
(feat. Freddie Gibbs) ","OG Filename: So Called Friends MIX TEST.3_3
Version mixed by IRKO, also cuts out some of the Freddie Gibbs verse near the end. Original snippet leaked February 12th, 2024.",3:47,,"May 12, 2025",OG File,CD Quality,https://pillows.su/f/d2c704e08706457364731f2b0b649204
Bad Bitch Playbook,"⭐ TIME [V21]
(prod. Nathan Butts, Fya Man & AyoAA)
(TIME MOVING SLOW, TIME MOVES SLOW)","OG Filename: Time MIX TEST.06_06
Version played at the Miami brunch back in December. Misses the ""Got my heart broke, I liked that bitch a lot"" line in Ye's verse and has mixing differences. Seems like he had the idea to record it eventually, considering he rapped it over faintly in the brunch snippet.",2:59,"Oct 10, 2023","Aug 3, 2024",OG File,CD Quality,https://pillows.su/f/18645169897e97ef481b97e8f90c8540
VULTURES 1,"⭐ LIFESTYLE [V6]
(feat. Lil Wayne) (prod. Nico Baran, FnZ, Dez Wright, Ty Dolla $ign, London on da Track & Wheezy)",Original version from before it was reworked for VULTURES 2. Has added production from Wheezy & London On Da Track. Leaked during a mass VULTURES 1 song leak. Has an open verse most likely meant for Ye.,5:29,"Dec 21, 2023","Jul 31, 2024",Stem Bounce,Lossless,https://pillows.su/f/1100ee5b88c36260c0c3716d414e55e3
VULTURES 2,"⭐ FEAR [V5]
(prod. Lester Nowhere)
(TAKE THE FEAR AWAY)","OG Filename: 042924_FEAR_81BPM_FSHARPMINOR
Fully finished song recorded in April 2024. Solo Ye. Samples ""Fear"" by Low. Longer snippet leaked October 29th, 2024. Lester Nowhere later found out about a potential groupbuy for this song and voiced his anger for buying unreleased music, which then caused the groupbuy to not happen. Leaked anyways after a separate groupbuy.",2:04,"Apr 29, 2024","Jan 22, 2025",OG File,Lossless,https://pillows.su/f/efb01dd80e192ccd51157cf7e45083a2
VULTURES 2,"⭐ LET GO [V14]
(prod. Digital Nas & Ojivolta)
(I Let Go)","OG Filename: let go - r3
Version brought back after VULTURES 2 was reworked in early May. Contains re-recorded Ty vocals and different production. Digital Nas would play this in his car off of the Ye Tracker website, while stating it could be on Donda 3.",2:54,,"Oct 16, 2024",OG File,CD Quality,https://pillows.su/f/f7237e16a7f72f460678177fb675e422