Era,Name,Notes,BPM,Song Key,Available Length,Quality,Link(s)
CONTACT ZANTHIN IF YOU HAVE ANY WAV's OR OG FILES FOR ANY INSTRUMENTALS,,,,,,,
ALL INSTRUMENTALS ARE THE EXACT ONES AND NOT REPRODS NOR ISOLATIONS,,,,,,,
,"CD Mixtape
(Mona Lisa)","(07/11/2013) (X plans to release the first track off the mixtape)
(11/02/2014) (The first song off of XXX UNMASTERED is released)",,,,"The CD Mixtape is X’s earliest known project, being developed in early 2013 and allegedly being released on X’s Facebook mid 2013, and being uploaded to CD’s. This tape was frequently talked about on X’s Twitter by X and his older friend, J $oul. The tape supposedly featured around 10-12 tracks on it, The tape is boom bap based, featuring X rapping with 90s influence and a hint of Jamaican.",
,Instrumentals,,,,,,
CD MIxtape,"Flock
(prod. TheOriginalBeat, Homi, & Tyler, The Creator)",Odd Future - Oldie,88,E Minor,Full,High Quality,https://drive.google.com/file/d/1kV-xq3_k1KTM885WC1ynRXh4SbyqsdJ9/view?usp=sharing
CD MIxtape,"News
(prod. Mixla)",Mixla - MOBB DEEP UNDERGROUND HIP HOP DARK INSTRUMENTAL,88,D Minor,Full,Lossless,https://drive.google.com/file/d/1YgiSKaqNMLkJBSlufXEOe5miSFlelUVa/view?usp=drive_link
CD MIxtape,"Ruff neck (snippet)
(prod. Wreckx-N-Effect, Aqil Davidson, Markell Riley & Walter ‘Mucho’ Scott)",MC Lyte - Ruffneck [Instrumental],102,D Minor,Full,CD Quality,https://drive.google.com/file/d/1dDI_iyXoqchigWOPi_5xKs49mSS1DmQR/view?usp=drive_link
,"XXX (UNMASTERED)
(XXX *unfinished*)","(11/02/2014) (The first song off of XXX UNMASTERED is released)
(06/03/2014) (The final track for XXX UNMASTERED is released)",,,,"X’s debut mixtape, XXX mainly consisted of his earlier songs from 2013 and 2014 on SoundCloud. “Vice City,” “al.one,” “M011Y,” “DEAD” and “THE END IS NIGH” were supposedly on the project but he ended up putting other songs he made instead. It has since been privated and a lot of songs were lost, but ""Vice City”, X’s oldest public song on his SoundCloud to this day, survived. More than half of the mixtape is leaked. The full version can’t be found anywhere on the Internet.",
,Stems,,,,,,
XXX (UNMASTERED),"DUTTY (Hi-Hat Loop)
(prod. Canis Major)","OG Filename: Cosmics Live Hi-hat Loop 8.wav
Hi-Hat loop used in DUTTY's instrumental.",,N/A,OG File,Lossless,https://drive.google.com/file/d/1x7kSMNzjl1sLOCPzgtemiWZXDoai65Mq/view?usp=drive_link
,Acapellas,,,,,,
XXX (UNMASTERED),"Palm Trees
(feat. Jajfaru, Nyora Spouse) (prod. ???)","Individual acapella's for the track leaked Jan 28th, 2023. However the exact instrumental is lost.",91,B Minor,OG File,Lossless,https://drive.google.com/drive/folders/1nRsPsq_Zul2DriUIWn73G9rvQi9xMo35?usp=drive_link
XXX (UNMASTERED),"Nyora Spouse - $LUMPED WHIP (SNIPPET UNMASTERED)
(feat. NewAge & XXXTENTACION) (prod. Kidrio)","Acapella for the track leaked July 13th, 2019 in a groupbuy",138,C Minor,OG File,Lossless,https://drive.google.com/drive/folders/1aT4oMsqX768DadVuOG8ljHL9k6mxRQch?usp=drive_link
,Instrumentals,,,,,,
XXX (UNMASTERED),"DEAD
(prod. ItsGoodBeats)",ItsGoodBeats - A$AP Ferg x A$AP Rocky x Kendrick Lamar Type Beat Instrumental,,,Full,High Quality,https://drive.google.com/file/d/1PySpqg9IFFco32CkCNd09U0DR2EuWuu6/view?usp=drive_link
XXX (UNMASTERED),"GANG CYPHER *FREESTYLE*
(feat. Ski Mask The Slump God, E BOOGIE, NewAge & Nyora Spouse) (prod. Spencer Bellamy)",Spencer Bellamy - Shady 2.0 Cypher - Instrumental,,,Full,CD Quality,https://drive.google.com/file/d/1nHkev0u3EXRRjAt0_zLdje5vZD1a0JQp/view?usp=drive_link
XXX (UNMASTERED),"M011Y
(prod. DJ PHATAALI)",DJ PHATAALI - TRIFFLIN HOES,,,Full,High Quality,https://drive.google.com/file/d/1CTM70EuTlrBnNPirCjEW-PySdSlsu6zY/view?usp=drive_link
XXX (UNMASTERED),"M011Y *FREESTYLE* *SLOPPED*
(prod. YXXXNZ & DJ PHATAALI)",DJ PHATAALI - TRIFFLIN HOES,,,Full,High Quality,https://drive.google.com/file/d/1CTM70EuTlrBnNPirCjEW-PySdSlsu6zY/view?usp=drive_link
XXX (UNMASTERED),"Nyora Spouse - $LUMPED WHIP (SNIPPET UNMASTERED)
(feat. NewAge & XXXTENTACION) (prod. Kidrio)","kidrio - Tyler The Creator - ""Leanin' In The Whip"" Type Beat",138,,Full,High Quality,https://drive.google.com/file/d/1Wr55J03rDqY9CM_wtmpZHvxcBILrp6oU/view?usp=sharing
XXX (UNMASTERED),"SDS *Snippet
(feat. Nyora Spouse) (prod. Flying Lotus)",Mac Miller - S.D.S (Official Instrumental),93,,Full,CD Quality,https://drive.google.com/file/d/1Sf481c8BbdMkeE8JV0rUxgjkfZiA2c10/view?usp=sharing
XXX (UNMASTERED),"vice city
(prod. Canis Major)","OG Filename: Beat 44 (vices).???
Canis Major - FREE BEAT - LOGIC TYPE [prod. Canis Major]
Chris Kent - Beat 44 (Vice)",87,,Full,High Quality,https://drive.google.com/file/d/1Qjp0ODy1kX7yKXktg3MpeLRi7nVQJnEm/view?usp=drive_link
XXX (UNMASTERED),"Whores On The Boards
(feat. Nyora Spouse) (prod. Kanye West)",Pusha T - Numbers On The Boards (instrumental),88,N/A,Full,CD Quality,https://drive.google.com/file/d/17Qn5uRP46JBVcEle_a1oXiYET9h-cfgi/view?usp=sharing
,Ice Hotel,(07/04/2014) (ICE HOTEL EP is released),,,,"XXXTENTACION’s second EP Ice Hotel, highlights some of his rarer material that is unavailable to most of the general public. Like most of his early tracks, it was said to have been deleted from SoundCloud for an unknown reason that X never revealed. but it was later discovered that the EP was privated. Ranging from somber tracks such as “0C3AN” and “Ice Hotel” to ominous ones such as “FUCK V2” and “sounds of the melting pot”, X’s versatility can be noted throughout the 8-track EP.",
,Instrumentals,,,,,,
Ice Hotel,"DUTTY
(prod. Canis Major)",Canis Major - Action Bronson x Harry Fraud Type Beat [prod. Canis Major],,,Full,High Quality,https://drive.google.com/file/d/1gI0eaQgWJWVGv_ZaAkbuBdvgu3P491Ih/view?usp=sharing
Ice Hotel,"(VERYRAREBOYZ)
(feat. Ski Mask The Slump God & Drugz)
(prod. Kaieffin Beatz)",Kaieffin Beatz - Tyler The Creator & Hodgy Beats Type Beat '594',,E Minor,Full,High Quality,https://drive.google.com/file/d/1h86dXQRp-oUOJLdBtk74Z0bgmMGEuTsi/view?usp=sharing
Ice Hotel,"0C3AN *clip*
(prod. MYRROR)",MYRROR - Brickz In Da Wall,,,Full,High Quality,https://drive.google.com/file/d/1wkQYzDf7MENhspus5dT2yn0nJM7Jti7Z/view?usp=drive_link
Ice Hotel,"Blood Stains
(feat. Ski Mask The Slump God & Drugz)
(prod. Sqvxlls)",Sqvxlls - Playstation 2 - Chris Travis x Ethelwulf x SpaceGhostPurrp Type Beat,106,,Full,Lossless,https://drive.google.com/file/d/14M2PSYCr5G5_zqcuhZeRGy1pyAMHdFsa/view?usp=drive_link
Ice Hotel,"Caviartears - Sad Shawty (Remix)
(feat. XXXTENTACION)
(prod. Howlings)","OG Filename: Howlings - Sad Shawty.wav
Howlings - Sad Shawty",,,OG File,Lossless,https://drive.google.com/file/d/10ZijipHsEnFa7iMqVRcmgwETc3dCVTYq/view?usp=drive_link
Ice Hotel,"cum
(feat. Lxuisavage & Spookyleann)
(prod. Terio)","OG Filename: cum & get yuh some.mp3
SpaceGhostPurrp - Cum & Get Yuh Some (Instrumental) remake",,,OG File,High Quality,https://drive.google.com/file/d/19DQVmldsG8DdLxNHbqh6FyrReHZQQhjA/view?usp=sharing
Ice Hotel,"FUCK V2
(feat. Ski Mask The Slump God)
(prod. Computofresh)","Computofresh - Yung Simmie X SpaceghostPurrp X Denzel Curry X Ethelwulf Type Beat ""Trippin""",,C Minor,Full,High Quality,https://drive.google.com/file/d/17rRJpbmhCjkiWFjPdjmgGC4B1gLIZsD_/view?usp=sharing
Ice Hotel,"ICE HOTEL (intro)
(feat. SZA) 
(prod. Sir CRKS & OfficialCDCN)","Sir CRKS - SZA - Teen Spirit (Chopped + Screwed)
OfficialCDCN - The Weeknd- Team Spirit (ft. Drake)",,,Full,High Quality,https://drive.google.com/drive/folders/1yM26iSjMNlXKox-LdSXLK19NuH5Y6ixz?usp=drive_link
Ice Hotel,"INUYASHA
(feat. drugz) 
(prod. Bitoy Beatz)",Bitoy Beatz - Butler,,,Full,High Quality,https://drive.google.com/file/d/1rkX4QvvHegBMUhYfxboOIHYQf9-1yLDe/view?usp=drive_link
Ice Hotel,"Zay $oul - Kick In The Door
(feat. XXXTENTACION)
(prod. DJ Premier)",The Notorious B.I.G. - Kick In The Door (Instrumental),90,,Full,Lossless,https://drive.google.com/file/d/1ZjVk3vD2HdOVJBkNHFBHQ2LSulSW3tI8/view?usp=drive_link
,e.motion,,,,,"The information on the “e.motion EP”, is extremely scarce. The only information left behind was its title, cover, and the song “Ecstasy”. The info was hidden within the depths of the internet until September 28th, 2022, when Discord user shots! discovered it. ",
,Instrumentals,,,,,,
e.motion,"3 AM freestyle
(prod. Clams Casino)",Clams Casino - I'm God,142,Db Major,Full,Lossless,https://drive.google.com/file/d/1VQzQA2g--Rx29ShfrPEHWZRd6253tf_T/view?usp=drive_link
e.motion,"Bluddy Katon freestyle
(prod. Purpdogg)",Purpdogg - WatchTheCloudsGoBy,,,Full,CD Quality,https://drive.google.com/file/d/1taZQp8sOyOogaJEif5xI8XuiqBFxZO15/view?usp=drive_link
e.motion,"catch
(prod. 40)",Drake - 0 to 100 / The Catch Up,177 ,,Full,CD Quality,https://drive.google.com/file/d/1uD49JIqr8ovPcLVd9EiuE7Wfsci3pQcp/view?usp=sharing
e.motion,"ecstasy
(feat. Anneka) 
(prod. XXYYXX)",XXYYXX - Overdone (Bonus Track),79,G Minor,Full,Lossless,https://drive.google.com/file/d/1TEO2FakbImkLHaP6DA4Y051STLaaOrcn/view?usp=drive_link
e.motion,"elegant
(prod. Kyle Stemberger & cight)","OG Filename: beach and lean.wav
cight & Kyle Stemberger - Ｚｅｎ ａｎｄ Ｌｅａｎ",95,C Minor,OG File,Lossless,https://drive.google.com/file/d/1XAXefT6LxXRDPC0VHn9E8V5Ug-QExQdk/view?usp=drive_link
e.motion,"sounds of the melting pot
(prod. HYDRO)","OG Filename: Hentai.mp3
Hydro - Hentai",,,OG File,CD Quality,https://drive.google.com/file/d/1elaLDayep5quu6cVQBcuSBOM2MAh3oQB/view?usp=drive_link
e.motion,"tokyo nostalgia
(prod. KayKayOnTheBeats)",KayKayOnTheBeats - TOKYO NOSTALGIA by KayKay The Producer - Hip Hop Instrumental Track,,,Full,High Quality,https://drive.google.com/file/d/1X05o89BWC2xLkGs1aazx4cl0Js0Z6OgW/view?usp=sharing
e.motion,"Who The Fuck Is God
(feat. Sully The Chief God & AbsentWill)
(prod. NSD)","NSD - ""Forgive Me God"" Joey Bada$$ type beat (Prod By. NSD)",,,Full,CD Quality,https://drive.google.com/file/d/1WN_5KnDMzYAjld9Mb7bwaB8mv87D9umT/view?usp=sharing
e.motion,"Au Flexgod - NERVOUS
(feat. XXXTENTACION)
(prod. JAYYEAH)",Original Instrumental,,,Full,High Quality,https://drive.google.com/file/d/1XBSa7-qDxKvQFpqCQouzgUM9vJSk1PV_/view?usp=sharing
,THE NOBODYS,,,,,"Often mistaken to be a collaborative project between X, Ski Mask, and producer YXXXNZ, ""THE NOBODYS"" mixtape was released in July 2014 before being updated once. The only confirmed tracks are uploads with the tape's cover and title being used on the songs' cover arts and descriptions. Later mentions of ""THE NOBODYS"" most likely refer to x, ski, and yan as a collective rather than a project.",
,Instrumentals,,,,,,
THE NOBODYS,"captain save a hoe
(feat. ziLLA)
(prod. The Dark Side & Teflon)","The Dark Side & Teflon - ""In The Cut"" (prod. By Teflon & Dark Side)",,,Full,High Quality,https://drive.google.com/file/d/1O4baTDekbg-i0AHUL0uhTWSGGX8ucY1Y/view?usp=drive_link
THE NOBODYS,"Dragonheart
(prod. L U X U R Y)",L U X U R Y - 1:03 AM,,,Full,High Quality,https://drive.google.com/file/d/1UKdfoEe1rg4BIP2kevrr29TiYiHkmXku/view?usp=drive_link
THE NOBODYS,"ghost in the shell
(feat. Nyora Spouse)
(prod. FALCO)","OG Filename: Ghost In The Shell (prod. FALCO).mp3
FALCO - Ghost In The Shell",,,OG File,CD Quality,https://drive.google.com/file/d/1rPngYxLZjUvMINzW1-QEN7ExAah-LBMd/view?usp=sharing
THE NOBODYS,"ghosts
(feat. Nyora Spouse) 
(prod. FALCO)","OG Filename: Ghost In The Shell (prod. FALCO).mp3
FALCO - Ghost In The Shell",,,OG File,CD Quality,https://drive.google.com/file/d/1rPngYxLZjUvMINzW1-QEN7ExAah-LBMd/view?usp=sharing
THE NOBODYS,"NOBODYS (intro)
(prod. No Doubt & XXXTENTACION)",No Doubt - Don't Speak (Live @ California 1997),,,Full,CD Quality,https://drive.google.com/file/d/1dQ_sQnw5Ml-DczXiOQwvLpjfA_nR7cVp/view?usp=drive_link
THE NOBODYS,"Ski Mask The Slump God - zones
(feat. XXXTENTACION)
(prod. Cosmastly & FALCO)",Cosmastly X Falco - OceanFire,,,Full,CD Quality,https://drive.google.com/file/d/1BEHU-2cE9WfsRutZcGBBs8g03qMqB-uH/view?usp=drive_link
THE NOBODYS,"sounds of the melting pot (YXXXNZ TWIST)
(prod. HYDRO & YXXXNZ)","OG Filename: Hentai.mp3
Hydro - Hentai",,,OG File,CD Quality,https://drive.google.com/file/d/1elaLDayep5quu6cVQBcuSBOM2MAh3oQB/view?usp=drive_link
,The Fall,,,,,,
,Instrumentals,,,,,,
The Fall,"J $oul - Angels 2 Demons [V1]
(Daemons)
(feat. XXXTENTACION)
(prod. ChansliN)",ChansliN - Kanye West Type Beat x (FREE) x [Prod: ChansliN],170,,Full,High Quality,https://drive.google.com/file/d/14ElutVMLiw0kTIil07LIFfPVllcN6CIT/view?usp=sharing
The Fall,"OKAGE THE SHADOW KING
(prod. GF Retro)","OG Filename: Dakimakura Dreamscape.wav
GF Retro - DAKIMAKURA DREAMS // TRACK X2",97,F Minor,OG File,Lossless,https://drive.google.com/file/d/1Q7nTrFv7ugA5eN9jY4blO1DRJz3zIXnL/view?usp=drive_link
The Fall,"WHO SHOT YA
(prod. Diddy & Nashiem Myrick)",The Notorious B.I.G. - Who Shot Ya (Instrumental),92,,Full,Lossless,https://drive.google.com/file/d/1ye1mQgVE-UrmAFmJbAz02z1fgjwnSXBk/view?usp=drive_link
The Fall,"NEVER
(prod. Aesthesys)",Aesthesys - Dreams Are Only Real As Long As They Last,105,,Full,Lossless,https://drive.google.com/file/d/1IjQP7aoQ4A1UYTAt_yfW8Gne4_KLQ8f6/view
The Fall,"i wanna be a witch (cover)
(prod. Gabby Wade)",Gabby Wade - i wanna be a witch - teen suicide (cover),134,C Major,Full,CD Quality,https://drive.google.com/file/d/1B292CPdlDx5tt2tFIWQIa9he7u-5H9Md/view?usp=drive_link
The Fall,"white girl
(prod. Kid Indigo & BLVC SVND)",BLVC SVND & Kid Indigo - YOU AGAIN,,,Full,Lossless,https://drive.google.com/file/d/1hrqL_lLZdSdLgJnyZ5CT1vC4cRqd4MUK/view?usp=drive_link
The Fall,"FUCKABITCHFACE
(prod. Kid Indigo)",Kid Indigo - Drain,,,Full,High Quality,https://drive.google.com/file/d/1BMDesC4RhF2-VYc2wVkxQo_RY7PWJUM0/view?usp=drive_link
The Fall,"Cadillac Boys - Mega Man
(feat. XXXTENTACION & Ski Mask The Slump God)
(prod. Kid Indigo)",Kid Indigo - Crystals,,,Full,High Quality,https://drive.google.com/file/d/16FtU5jxVybdwT3gkFOWrc8LApCg490Pc/view?usp=drive_link
The Fall,"pistol (snippet)
(prod. ROBSON)",ROBSON - BASED /SPACEGHOSTPURRP Dj Smokey /RARE PHONK SHYT,,,Full,High Quality,https://drive.google.com/file/d/1RDZBXMTvxmlvwl74c0LeiMFZXHRNJ-2S/view?usp=sharing
The Fall,"The Fall
(prod. Eera)",sventene - Holy Sword,,,Full,High Quality,https://drive.google.com/file/d/1SFNMxp_6_0ET7x-4UEU3W1ON5r3QH-Ri/view?usp=drive_link
The Fall,"ghost
(prod. surrenderdorothy)","OG Filename: heldaghost 2.mp3 
surrenderdorothy - heldaghost",170,,Full,CD Quality,https://drive.google.com/file/d/1xHhKBi6pSEusI19eDeRRWhANga5GgBXC/view?usp=drive_link
The Fall,"??? - Life Can Wait
(feat. XXXTENTACION)
(prod. Rednarf)",Rednarf - Life Can Wait,,,Full,High Quality,https://drive.google.com/file/d/1Gqn9Cv2swNKRVFKeFdQiLbjFD8kWsM44/view?usp=sharing
,♡ ʳ ᵃ ʳ ᵉ ♡,,,,,,
,Acapellas,,,,,,
♡ ʳ ᵃ ʳ ᵉ ♡,"Au Flexgod - A Nigga Like You
(feat. XXXTENTACION)
(prod. xGOD.LIFEx)","Acapella for the track leaked Jan 28th, along with its instrumental and 3 Demos.",,,Full,CD Quality,https://drive.google.com/file/d/1CaWLd65dXYzP1N8PHOGG9ySr6XH70Eag/view?usp=drive_link
,Instrumentals,,,,,,
♡ ʳ ᵃ ʳ ᵉ ♡,"a message to tina belcher
(prod. Fifty Grand)","OG Filename: Angeles Crest Highway.wav
Fifty Grand - Angeles Crest Highway",,,OG File,Lossless,https://drive.google.com/file/d/1a-oS8qRwCI2NFuI-pOBFFRa_fXyV-ZgF/view?usp=drive_link
♡ ʳ ᵃ ʳ ᵉ ♡,"alone
(prod. greaf)",greaf - I Can't Save You,,,Full,High Quality,https://drive.google.com/file/d/1kmCZy6He3VD-SpWRTJAg2HHyny5gYfAg/view?usp=drive_link
♡ ʳ ᵃ ʳ ᵉ ♡,"ALONE PART 2
(prod. Lil Netzero)","OG Filename: xavier.mp3
Lil Netzero - ミＦｒｏｚｅｎ Ｓｅａミ",,,OG File,CD Quality,https://drive.google.com/file/d/1PMQ8yXuW7ploSlgIbQxNFgowXxJ_0hYt/view?usp=drive_link
♡ ʳ ᵃ ʳ ᵉ ♡,"blasted
(prod. Fifty Grand & CH4RM)",CH4RM & Fifty Grand - The People You Love (CH4RM Flip),,,Full,Lossless,https://drive.google.com/file/d/1p-HK2Zhxghd1IXjfCKkzaxznZaU3FzJ7/view?usp=drive_link
♡ ʳ ᵃ ʳ ᵉ ♡,"Cadillac Boys - BOOFPACK 
(prod. KurtisBased & XXXTENTACION)",KurtisBased - XAVIER WULF X DA$H AND RETCH TYPE BEAT(FREE) prod.KB,,,Full,CD Quality,https://drive.google.com/file/d/1kVr4i1TVGDiNS3NwClqRN2_m8tstG7KN/view?usp=sharing
♡ ʳ ᵃ ʳ ᵉ ♡,"R U N
(prod. greaf)",greaf - Here,,,Full,High Quality,https://drive.google.com/file/d/12oyn7rFzUTx0RjZa5HccxjTsbUaa1ABX/view?usp=drive_link
♡ ʳ ᵃ ʳ ᵉ ♡,"rare
(prod. Fifty Grand)",Fifty Grand - Severed Arm,,,Full,High Quality,https://drive.google.com/file/d/1PqdEM1FOXmPm9XDk6VnZGeLbTyGoD2PV/view?usp=drive_link
♡ ʳ ᵃ ʳ ᵉ ♡,"rare (Remastered Instrumental)
(prod. Fifty Grand)","OG Filename: severed arm REMASTER.wav
Fifty Grand - Severed Arm",,,OG File,Lossless,https://drive.google.com/file/d/1VRhJNbUVhuCXal7aICjYprO5NKGdha2R/view?usp=drive_link
♡ ʳ ᵃ ʳ ᵉ ♡,"Au Flexgod - A Nigga Like You
(feat. XXXTENTACION)
(prod. xGOD.LIFEx)","xGOD.LIFEx - Bones x Xavier Wulf x Yung Lean- ""A Better Place"" (Type Beat) Prod xGOD.LIFEx",,,Full,CD Quality,https://drive.google.com/file/d/1BHnn7Vxyu1WfQdNBR6FmCxGnxODQj-wp/view?usp=drive_link
,"Red Light District
(Heartbreak Hotel)",,,,,,
,Stems,,,,,,
Red Light District,"red light lie (intro) (Bassline)
(prod. YXXXNZ & XXXTENTACION)","OG Filename: ,BASS LINE.m4a
Bassline for red light lie (intro).",,,OG File,High Quality,https://drive.google.com/file/d/1FemWU080u6aFdFwskalgSlzZcglNdouG/view?usp=drive_link
,Instrumentals,,,,,,
Red Light District,"Clarity (Snippet)
(prod. Sly C)","Sly C - SpaceGhostPurrp Type Beat ""Produced: Sly C""",,,Full,High Quality,https://drive.google.com/file/d/1ySC7NW63ZJEinIva15g83vCvpUKnhIIy/view?usp=drive_link
Red Light District,"leave
(prod. little cloud)",little cloud - jealous girlfriend,,,Full,High Quality,https://drive.google.com/file/d/1-2rq2TRn1doA9bn7PWxtywRXjT3xxL7s/view?usp=sharing
Red Light District,"Love (Interlude)
(prod. BYOU$)",BYOU$ - Bones Xavier wulf type beat - Marylin Manson sample,,,Full,High Quality,https://drive.google.com/file/d/1XZl_ep1QoWpld6NQXRC54f7aDBNnJ0oQ/view?usp=sharing
Red Light District,"skin 
(prod. little cloud)",little cloud - Tapeloop #1 ~winter 2008-2009,,,Full,Lossless,https://drive.google.com/file/d/1bNWrLDzRutBB9w0ObkJY7Nx7To7PdtVw/view?usp=drive_link
Red Light District,"Zay $oul - pab moob
(feat. XXXTENTACION)
(prod. NICKFLYFL)",NICKFLYFL - Mimialist,,,Full,High Quality,https://drive.google.com/file/d/1_4Y4rJgjro031dqlznNJAVj2mXOQp-rR/view?usp=drive_link
,"Members Only Vol. 1
(Collaboration with Ski Mask The Slump God)",,,,,,
,Stems,,,,,,
Members Only Vol. 1,"Nyora Spouse - PRIME TIME (Stems)
(feat. XXXTENTACION & Ski Mask The Slump God)
(prod. InfamousLegends)",Confirmed to exist and is being held by Vlone.,,,Confirmed,Not Available,https://drive.google.com/file/d/1aJQXlNN3eubOOHvIdvqi09vPw4ZPXZ8R/view?usp=drive_link
Members Only Vol. 1,"TELL BUKKWEAT SUCK MY DICK (Instrumental Stems)
(RUN UP ON ME)
(prod. WILLIE G & Grouchy VanGogh)","Instrumental Stems that were leaked before but new ones came around on February 26th, 2024",,,Full,Lossless,https://drive.google.com/drive/folders/1_joV7JRv6ZjJMIzvT-LGeyn73yAXkqap
,Instrumentals,,,,,,
Members Only Vol. 1,"Amy Winehouse
(prod. WILLIE G)",WILLIE G - Undermine,,,Full,Lossless,https://drive.google.com/file/d/1E3JytNmjEH7vApkYDaneFGjUAak8UvNl/view?usp=sharing
Members Only Vol. 1,"Freddy vs Jason (V2)
(feat. Ski Mask The Slump God)
(prod. WILLIE G)",WILLIE G - Radiant,,,Full,Lossless,https://drive.google.com/file/d/1ANmBMvAzEmY_0cyvTerflii4KBrjj63c/view?usp=drive_link
Members Only Vol. 1,"FUXK
(feat. Ski Mask The Slump God)
(prod. WILLIE G)",WILLIE G - Sanctuary,,,Full,Lossless,https://drive.google.com/file/d/18AuT9NaSGp8eA12ZwjAuNnfsRfkToLUq/view?usp=drive_link
Members Only Vol. 1,"GXD DAMN
(feat. Ski Mask The Slump God)
(prod. *StarTheKidd)","*StarTheKidd - Free OG Maco Type Beat - ""Black Diamond""",,,Full,Lossless,https://drive.google.com/file/d/10r_SB_UjT2lkbfcUr5d7MEna-2S0eDEg/view?usp=drive_link
Members Only Vol. 1,"I & M
(prod. MYRROR)",MYRROR - oblockbangbang,,,Full,CD Quality,https://drive.google.com/file/d/1ORU_Y2BN3FDQuI-n1SAR6Yt0bfsvdbTb/view?usp=drive_link
Members Only Vol. 1,"Nyora Spouse - NIghtmareZ
(feat. XXXTENTACION)
(prod. WILLIE G)",WILLIE G - Travel,,,Full,Lossless,https://drive.google.com/file/d/1NY2QpwiCmlc9RccGL8NJDHdr08ZNxVs_/view?usp=drive_link
Members Only Vol. 1,"Nyora Spouse - PRIME TIME
(feat. XXXTENTACION & Ski Mask The Slump God)
(prod. InfamousLegends)",InfamousLegends - French Inhale,,,Full,High Quality,https://drive.google.com/file/d/126dtQYeigW4RGPSqR3kELyUupz1clmOA/view?usp=drive_link
Members Only Vol. 1,"RestInPussy!
(prod. WILLIE G)","ordinary.wav
WILLIE G - Ordinary",,,Full,Lossless,https://drive.google.com/file/d/1tRpvD4P0KCQxUP3WuS2ers12ZuaykxrB/view?usp=drive_link
Members Only Vol. 1,"Ski Mask The Slump God - Planet Drool
(feat. XXXTENTACION)
(prod. WILLIE G)",WILLIE G - Sakura,,,Full,Lossless,https://drive.google.com/file/d/11yJi7Y5hiBVY4MbjZWftX_sjUXZkqM6E/view?usp=drive_link
Members Only Vol. 1,"Teeth (Interlude)
(prod. WILLIE G)","no.wav
WILLIE G - No",,,Full,Lossless,https://drive.google.com/file/d/1ZUsf5Ehwuwr3qOLhPSh8Ya4knnYhnapI/view?usp=drive_link
Members Only Vol. 1,"TELL BUKKWEAT SUCK MY DICK (SNIPPET)
(RUN UP ON ME)
(prod. WILLIE G & Grouchy VanGogh)","OG Filename: Furniss GVG X WG Selected.wav
WILLIE G & Grouchy VanGogh - Furniss ",106,G Minor,OG File,Lossless,https://drive.google.com/file/d/1DKqLGkOPfM1Q9kiaHcabykVnhcREKg3T/view?usp=drive_link
,"Members Only Vol. 2
(Collaboration with Ski Mask The Slump God)",,,,,,
Members Only Vol. 2,"BitchCallMeCaptainMorgan
(prod. trbld Boy)","OG Filename: VARUNA.mp3
trbld boy - morgan",,,Full,CD Quality,https://drive.google.com/file/d/1Ab32zI2A_y4gsCtz1WDjAd13VtFhpNRh/view?usp=drive_link
Members Only Vol. 2,"Caution (Snippet)
(prod. prxz & Kellbender)","OG Filename: PYSCHOTIC.wav
prxz - psychotic [w/KELLBENDER]",120,C Minor,OG File,Lossless,https://drive.google.com/file/d/1UBlAu5WTiWkw8SXOShFmNN9WAEW9ubL5/view?usp=drive_link
Members Only Vol. 2,"Chapter 1
(prod. Fifty Grand & Kellbender)","OG Filename: Moon Asking to Stay (w Kellbender).wav
FIFTY GRAND - Moon Asking To Stay (kellbender remix)",,,OG File,Lossless,https://drive.google.com/file/d/1xzwIAezgIaJVC6BZeBpJorzWw5wxxbC8/view?usp=drive_link
Members Only Vol. 2,"HOTBOYCALEB - Netflix And Chill [V2]
(feat. XXXTENTACION & Ski Mask The Slump God)
(prod. G5Kid)",Soulja Boy - Pretty Boy Swag (Instrumental),,,Full,CD Quality,https://drive.google.com/file/d/1WS7t5Kj-UkcW-XYXfJLaO4pfF0V644gP/view?usp=drive_link
Members Only Vol. 2,"I am!
(prod. DJ PATT)",DJ PATT - FREE TM88 FLP TYPE BEAT *2015* Check desc.,,,Full,CD Quality,https://drive.google.com/file/d/1Sb_Z0o4IfsLDifHhG1wn15DBvMwjw-pc/view?usp=drive_link
Members Only Vol. 2,"TheresAnElephantInTheRoom (Acoustic Version)
(prod. drew the architect)","growing tired now.wav
drew the architect - growing tired now",,,Full,Lossless,https://drive.google.com/file/d/1p4-6Px6P369_wf4Qv1NKPZ4zM_1LaI6Q/view?usp=drive_link
Members Only Vol. 2,"King Of The Dead
(prod. HELLION & Fifty Grand)",HELLION - BATTLE CRY (w/ FIFTY GRAND),,,Full,CD Quality,https://drive.google.com/file/d/1IHK_zHcWLC9VI-zfUgC_jz7tyE1f_WCO/view?usp=drive_link
Members Only Vol. 2,"LUNACY
(feat. ENZO!)
(prod. ENZO!)",Original instrumental,,,Full,High Quality,https://drive.google.com/file/d/1XNK2T9KjKXCOW6xdrCQUIvrSn9ET7a2G/view?usp=drive_link
Members Only Vol. 2,"NETHERRACK - I Just Wont Break
(prod. Neid)",neid - kids,,,Full,High Quality,https://drive.google.com/file/d/1hHBg6JQPAwIEkrMGFegZmEpghEeG4kBo/view?usp=drive_link
Members Only Vol. 2,"Rare, Part 2
(prod. Lirker)","Lirker - Joey Bada$$ Type Beat - ""Adolescent"" (prod. Lirker)",,,Full,Lossless,https://drive.google.com/file/d/1oDEefgabTnB01Xtqt9Ed12QLWyjLDJ4h/view?usp=drive_link
Members Only Vol. 2,"RIOT
(prod. Luke White)",Luke White - Joey Bada$$ Type Beat - Tired (prod. Luke White),,,Full,CD Quality,https://drive.google.com/file/d/1alJMZXVXzthOH-9TSVzDET8v13e0Rxfw/view?usp=sharing
Members Only Vol. 2,"Save Me
(feat. Yaprak Asimov)
(prod. Yaprak Asimov)",Original instrumental,,,Full,High Quality,https://drive.google.com/file/d/1t5ON8rnkvJ7IQP0h-JoSuJVW32bURGTV/view?usp=drive_link
Members Only Vol. 2,"Save Yourself
(feat. Kilo Jr, 1Hunnitjunior & Ski Mask The Slump God)
(prod. 808 Mafia & Melzi)","Melzi - ""No Purpose"" TM88/Metro Boomin/Young Thug/Yung Sizzle Type Beat [prod. By @KMelzi]",,,Full,High Quality,https://drive.google.com/file/d/1UhtScyCD59mZRXgn3XsiEep4YEHAf0hT/view?usp=sharing
Members Only Vol. 2,"SHUT UP (Snippet) [V1]
(prod. acidbrain)",AcidBraiᶯ - Fly As A Missle [Thanks for 2K],,,Full,High Quality,https://drive.google.com/file/d/1Y33Z0X58ahfHdYAvii647JwM-1CLhMYn/view?usp=sharing
Members Only Vol. 2,"Ski Mask The Slump God - Broly
(feat. XXXTENTACION)
(prod. DJ Mooskie)","OG Filename: 808GOD.mp3
DJ Mooskie - Young Thug X TM88 X Metro Boomin X ??? ""???""",119,Bb Minor,OG File,CD Quality,https://drive.google.com/file/d/1AkMfTmh4PMvREvib2v88qoAFI5NBTAEt/view?usp=drive_link
Members Only Vol. 2,"Tay - Crush
(feat. XXXTENTACION)
(prod. Fuckboy Tay & CavalierSound)","??? - ???
Cavalier - Masks",,,Partial,High Quality,https://drive.google.com/file/d/1cfO-zK-Zb_2SnJlj5R1RFoVLwFVtecek/view?usp=drive_link
Members Only Vol. 2,"TheresAnElephantInTheRoom (Acoustic Version)
(prod. drew the architect)",drew the architect - growing tired now,,,Full,Lossless,https://drive.google.com/file/d/1p4-6Px6P369_wf4Qv1NKPZ4zM_1LaI6Q/view?usp=drive_link
,KIDS,,,,,,
,Stems,,,,,,
KIDS,"ILOVEITWHENTHEYRUN (Sample)
(feat. Yung Bans & Ski Mask The Slump God)
(prod. Elijah Made It)","OG Filename: FX - Sweet chaos 2.wav
Original sample used in the track.",,,OG File,Lossless,https://drive.google.com/file/d/1-PRfRwlYH4pQodRB-af-NnagIAmtK3C-/view?usp=drive_link
,Instrumentals,,,,,,
KIDS,"GNARLY BASTARD
(prod. The Virus and Antidote)",,,,Full,CD Quality,https://drive.google.com/file/d/1YEa-lHAYXPIqmYwvlAOWk8eyYWywftBD/view?usp=sharing
KIDS,"Gnarly Freestyle!
(prod. KHAED)","OG Filename: trappope.mp3
KHAED - TRAP POPE",,,OG File,CD Quality,https://drive.google.com/file/d/1uxK42h5mXDN6ikIQKSfVMIBQXweLjlXE/view?usp=drive_link
KIDS,"GnarlyGuyAnthem! (Hell Version)
(feat. Ski Mask The Slump God)
(prod. AKATrae)",AKATrae - HOT TM88 Type Beat Heavy Metal Hip Hop Beat Instrumental,,,Full,CD Quality,https://drive.google.com/file/d/1nyXdmu93FTea7E46xsaEOURfNY_43_T-/view?usp=drive_link
KIDS,"IGOTPLENTYDICKTOSHARE (SNIPPET) [V2]
(prod. NBOMe)","OG FIlename: fuckshit.wav
NBOMe - it'swhatever",,,Full,CD Quality,https://drive.google.com/file/d/1y7EIeOz3c9tSg6SoYpvhCufeLyKJGSiP/view?usp=drive_link
KIDS,"ILOVEITWHENTHEYRUN
(feat. Yung Bans & Ski Mask The Slump God)
(prod. Elijah Made It)",Soulja Boy - Plug Talk Instrumental,,,Full,High Quality,https://drive.google.com/file/d/1YraJdWXDGBKNzHf3QF0haJGPZgXqPBVw/view?usp=drive_link
KIDS,"LET'S PRETEND WERE NUMB
(prod. KHAED)","Waifu's Prayer.mp3
KHAED - Waifu's Prayer",,,Full,High Quality,https://drive.google.com/file/d/1F4etb3uBk2eJz75vvVwBPjaFLZr-ZIcJ/view?usp=sharing
KIDS,"Ski Mask The Slump God - Fatality (Snippet)
(Joseph Barnes Team)
(feat. XXXTENTACION)
(prod. BraveStarr)",$tash Guapo - Team prod. Bravestar,,,Full,High Quality,https://drive.google.com/file/d/19noLmZu-Kn1Squ4KhYKWEXo_WioSzEab/view?usp=sharing
KIDS,"Ski Mask The Slump God - IWATCHEDHIMDROWN (INTRO)
(feat. XXXTENTACION)
(prod. YoungFlow305)",Ski Mask - My Slime ( prod.By.Dr.Flow),115,,Full,High Quality,https://drive.google.com/file/d/1rMPFz1WcqCTmeqcyqFbMEqPGjixA1off/view?usp=drive_link
KIDS,"WitDemDicks!
(prod. Slight & Prxz)","prxz2.mp3
Slight - CODEX w/ prxz",,,Full,CD Quality,https://drive.google.com/file/d/1KTC5iy4JQzk0NCkYT1EKyGGozStMI6or/view?usp=drive_link
KIDS,"you're thinking to much, stop It
(prod. trbld Boy)",trbld boy - blue for beauty,,,Full,CD Quality,https://drive.google.com/file/d/1n1EXQE7_Ldq-MWB_wEq3VOsaPiaj1SRm/view?usp=drive_link
,"ItWillAllBeOverSoon
(ItWasntEnough, WILLY WONKA WAS A CHILD MURDERER)",,,,,,
IWABOS,"Snow
(feat. Killstation)
(prod. Killstation & Nine Inch Nails)",Killstation - Snow,71,Bb Major,Full,CD Quality,https://drive.google.com/file/d/16zU9sdS6117W53THF6IJNJMAEVAZzssJ/view?usp=drive_link
IWABOS,"I don’t wanna do this anymore [V2]
(prod. KHAED & XXXTENTACION)",NOVA - Whitley,,,Full,CD Quality,https://drive.google.com/file/d/1gjfCYTpRbv0SEyqp41qgMbfTAz64ChYC/view?usp=sharing
IWABOS,"TAKE A STEP BACK
(feat. Ski Mask The Slump God)
(prod. RONNY J)","OG Filename: FUCKEDUP XXXSKI.mp3 
Original Instrumental",,,OG File,High Quality,https://drive.google.com/file/d/1JAX3Vj1a7PXupa_uFmNimnMDFbm7X41k/view?usp=drive_link
,Bad Vibes Forever,,,,,,
Bad Vibes Forever,"a helping hand, not a song",Palace - Head Above The Water,114,G Minor,Full,Lossless,https://drive.google.com/file/d/19aE-n3FMt5id3X6qNAnKE1j5DV-JQd_g/view?usp=drive_link
Bad Vibes Forever,"tightrope
(feat. Scott James)
(prod. Scott James)","OG Filename: Ropes__mastered 12-10-2015.wav
Scott James - ropes",,,Full,Lossless,https://drive.google.com/file/d/1t0I7VIe6I_MzWtoU2prPtrwMxU69Tvjy/view?usp=drive_link
Bad Vibes Forever,"Cracka Paul - Bodies
(feat. XXXTENTACION & Lxrd Hippy)
(prod. Peso Piddy & DJ Patt)","OG Filename: DJ PATT x PEO PIDDY.mp3
Original Instrumental",125,,OG File,CD Quality,https://drive.google.com/file/d/1_eN58gSkWUtoM9MQp064iQxxAmx6DFGu/view?usp=sharing
,Members Only Vol. 3,,,,,,
,Instrumentals,,,,,,
Members Only Vol. 3,"H2O
(feat. Ski Mask The Slump God)
(prod. KHAED)","OG Filename: street vighter MP3.mp3
KHAED - Street Vighter",70,F Minor,OG File,CD Quality,https://drive.google.com/file/d/14lBKLvz02lCO-aiR5N1BvrWlNKL02TTE/view?usp=drive_link
Members Only Vol. 3,"Supra
(feat. Kin$oul)
(prod. Benji Arm$trong & Alex Freedo)","OG Filename: Supra x Alex Freedo.mp3
Original Instrumental",,,OG File,CD Quality,https://drive.google.com/file/d/1PWlZ9SMYu4Oyt5tW7Q7xhGEAZnzrlva3/view?usp=drive_link
Members Only Vol. 3,"Curse
(feat. Cooliecut, Kin$oul & Bass Santana)
(prod. Bass Santana)",Original Instrumental,,,Full,CD Quality,https://drive.google.com/file/d/1AJE6QDaB_TwWzBh6OT60SrN_jlzKALKZ/view?usp=drive_link
Members Only Vol. 3,"Slipknot
(feat. Kin$oul & Killstation)
(prod. P. Soul)",P. Soul - Nobody,,,Full,CD Quality,https://drive.google.com/file/d/1I6aokD0g5spD_uiABvouJRLj4A8VXbCc/view?usp=sharing
Members Only Vol. 3,"Ugly God - Get Off My Dick
(prod. PARISVVS)","NEW UGLY GOD BOOSTED.mp3
Original Instrumental",,,Full,CD Quality,
,17,,,,,,
,Stems,,,,,,
17,"Ok Shorty! [Drum Stems]
(prod. Dub Tha Prodigy & Natra Average)",Drum stems released onto Bandlab.,,,Full,Lossless,https://drive.google.com/drive/folders/1k5nYSn6tODF9042Q7RqITTCNTKYvYg4c?usp=drive_link
17,"Save Me [Drum Stems]
(prod. Dub The Prodigy & Natra Average)",Drum stems released onto Bandlab.,71,,Full,Lossless,https://drive.google.com/drive/folders/1t4mU-n_9Do98gmTDQrcvLLzDboNM3lKr?usp=drive_link
,Instrumentals,,,,,,
17,"Jocelyn Flores
(prod. Potsu)","im closing my eyes.wav
potsu - i'm closing my eyes",134,C Minor,Full,Lossless,https://drive.google.com/file/d/1TmzMruMWF6U-wKEIUo3_IpwttpgkdmJj/view?usp=drive_link
17,"Kodak Black - Roll In Peace
(feat. XXXTENTACION)
(prod. Nils, Hector Chaparro, CuBeatz & London On Da Track)","OG Filename: Not Yo Speed-Instrumental V4 CD.mp3 
Original Instrumental",,,OG File,CD Quality,https://drive.google.com/file/d/1HP5_-tCphHvPWw79z7FKyuEIc2SeO9bh/view?usp=drive_link
,"A GHETTO CHRISTMAS CAROL
(UGLY, I Need Jesus)",,,,,,
A GHETTO CHRISTMAS CAROL,"hate will never win
(prod. J Dilla)",J Dilla - Life,,,Full,CD Quality,https://drive.google.com/file/d/1s9BLM57pNn0lK2-31a7UqwXhZUYFQKCy/view?usp=drive_link
,?,"(28/01/2018) (X posts a picture of the cover art with the caption ""coming soon"")",,,,,
,Sessions,,,,,,
?,NUMB - Piano Sessions,,,,Full,Lossless,https://drive.google.com/file/d/1PRl-XwwOtP3ouKNqYFnr6AHdDqad2PbT/view?usp=drive_link
?,changes,,,,Full,Lossless,
,Stems,,,,,,
?,SAD! [Melody Loop Stem],"OG Filename: OS_FT_150_G_Grainy_Release.wav
SAD!'s melody loop sample found on Splice by ZZERO. Sample was ripped by ZZERO on June 10th 2024.",150,G# Major,Full,Lossless,"https://splice.com/sounds/sample/7f1f79165e975b557a56eac4d89c0887a9d2bedda44b11895df1c5c01761d7b3/origin-sound-trap-synth-hip-hop-chords-trap-sample
https://drive.google.com/file/d/1i3zgCIRGkm8n2sNQvMRUtJTULG5PsPQt/view?usp=drive_link"
?,SAD!,Sad Stems,,,Full,Lossless,https://drive.google.com/drive/folders/1BjoIzXQQQ-gcMIFtDNvzaBDq4rzX-yN3
?,the remedy for a broken heart (why am i so in love),the remedy for a broken heart Stems,,,Full,Lossless,https://drive.google.com/drive/folders/1x3i192qk-SC306IEIFRbKeft6FPfYjJz
?,changes,Changes Stems,,,Full,Lossless,https://drive.google.com/drive/folders/1KQqSPxeUC5qmC2lCpihTzwYrSdnb9sfG?usp=drive_link
?,Hope,Hope Stems,,,Full,Lossless,https://drive.google.com/drive/folders/19XNxCFa_RwUyk6-dKyFdICL3rS1C5GYx
?,Lil Wayne - Don't Cry,Don't Cry Stems,,,Full,Lossless,https://drive.google.com/drive/folders/1Tp2C5z5UMlQ-fuKhptgw2UVWAtM561_D
?,Moonlight,Moonlight Stems,,,Full,Lossless,https://drive.google.com/file/d/1-7fLdQYY8Nf0MntSTeWItatSccX3myqL/view?usp=drivesdk
?,The Edge,The Edge Stems with X added production,,,Full,Lossless,
,Instrumentals,,,,,,
?,"HOPE
(prod. John Cunningham)",Original Instrumental,,,Full,Lossless,https://drive.google.com/file/d/1KJNavz5wyUgDGTeiqVEOd5oKRqn5pjBa/view?usp=sharing
?,"SAD!
(prod. John Cunningham)",Original Instrumental,,,Full,Lossless,https://drive.google.com/file/d/1RgZCrnr_Cjsr9mUdCctCam5HmtRq-H9I/view?usp=sharing
?,"changes
(feat. Pnb Rock)
(prod. John Cunningham)",Original Instrumental,,,Full,Lossless,https://drive.google.com/file/d/1FPUl0nqKto8jZKf0dmuei5Ajbyrirbrh/view?usp=sharing
?,"King's Dead (Freestyle)
(feat. Joey Bada$$)
(prod. Saint Joe)",Original Instrumental,,,Full,CD Quality,https://drive.google.com/file/d/1_WbKsOYYsrgMp0abkQZVK2ZTB-2bQoJO/view?usp=drive_link
?,"Gekyume (Freestyle)
(prod. Gum$) ",,,,Full,CD Quality,https://drive.google.com/file/d/1ywlHsbdzzinHCW_jVkJ4U5h3nA3uv9gB/view?usp=drive_link
?,"ALONE, PART 3
(prod. John Cunninghamn & Robert Soukiasyan)",Original Instrumental,,,Full,Lossless,https://drive.google.com/file/d/1fGjq2m983CWdyfgNUuiPamuCylGaSPCG/view?usp=sharing
?,"Moonlight
(prod. John Cunningham)",Original Instrumental,,,Full,Lossless,https://drive.google.com/file/d/1PEuS9JJlANwDPrO8DgO2sbyHzyff339G/view?usp=sharing
?,"the remedy for a broken heart (why am i so in love)
(prod. XXXTENTACION & John Cunningham)",Original Instrumental,,,Full,Lossless,https://drive.google.com/file/d/1u7Vtdnn-9C-y5jHDkjs3Jl_1tr0xJlxS/view?usp=sharing
?,"Floor 555
(prod. DELL SODA)",Original Instrumental,,,Full,Lossless,https://drive.google.com/file/d/1iQatnfsMk21mP5-N478aR2GfbFXLFNwF/view?usp=sharing
?,"NUMB
(prod. John Cunninghamn & Robert Soukiasyan)",Original Instrumental,,,Full,Lossless,https://drive.google.com/file/d/15iyUsFlk62yja5AbnMe6TApQmqkunDUz/view?usp=sharing
?,"Infinity (888)
(feat. Joey Bada$$)
(prod. P. Soul)",Original Instrumental,,,Full,Lossless,https://drive.google.com/file/d/1YSuwzUty2QQzR-xv0ODjCVPGBR2blyTm/view?usp=sharing
?,"going down!
(prod. TM-88)",Original Instrumental,,,Full,Lossless,https://drive.google.com/file/d/1jh6x_gzgAaY-c9Nrq8Qo-goGKkVTd4Ik/view?usp=sharing
?,"Pain = BESTFRIEND
(feat. Travis Barker)
(prod. John Cunningham & Travis Barker)",Original Instrumental,,,Full,Lossless,https://drive.google.com/file/d/1H9g81m3uh1YNsGue6pr3Tlu_R8C72i3x/view?usp=sharing
?,"$$$
(feat. Matt Ox)
(prod. Laron & Den Beats)",Original Instrumental,,,Full,Lossless,https://drive.google.com/file/d/1M0u2HZ1JRACcdVQWCAfARQ-zbOr7Y_Qf/view?usp=sharing
?,"love yourself (interlude)
(prod. John Cunninghamn & Robert Soukiasyan)",Original Instrumental,,,Full,Lossless,https://drive.google.com/file/d/1PQZVAXhIIMsd8vKNl1Jn7jhc02z0A2X4/view?usp=sharing
?,"SMASH!
(feat. Pnb Rock)
(prod. Rekless & Smash David)",Original Instrumental,,,Full,Lossless,https://drive.google.com/file/d/1MDAgdT2fT2RPhChpXIjloyOjo0i5klqn/view?usp=sharing
?,"I dont even speak spanish lol
(feat. Rio Santana, Judah & Andrez Babii)
(prod. Z3N)",Original Instrumental,,,Full,Lossless,https://drive.google.com/file/d/1QteXdUljBxvnuyOY0c0FznZWfOQ_g1Qw/view?usp=sharing
?,"Hope
(prod. John Cunningham)",Original Instrumental,,,Full,Lossless,https://drive.google.com/file/d/1KJNavz5wyUgDGTeiqVEOd5oKRqn5pjBa/view?usp=sharing
?,"schizophrenia
(prod. John Cunningham & Robert Soukiasyan)",Original Instrumental,,,Full,Lossless,https://drive.google.com/file/d/1c16Ug4VbIjKw53GnGHkvL6FefNWlBI1L/view?usp=sharing
?,"before I close my eyes
(prod. John Cunningham)",Original Instrumental,,,Full,Lossless,https://drive.google.com/file/d/1TeryvUQrHan-QbILEK_vZnORNcldQ1ls/view?usp=sharing
?,"Shorty On 4 Legs
(prod. Mally Mall)",Original Instrumental,,,Full,CD Quality,https://drive.google.com/file/d/1CvwG_fKhp4uKKpPc3P4orZygsrzAptHd/view?usp=drive_link
,SKINS,,,,,,
,Stems,,,,,,
SKINS,Lil Wayne - Scared Of The Dark,Scared of the Dark Stems,,,Full,Lossless,https://drive.google.com/drive/folders/15ogpiGhvruJFwRP2ES9TT4VaHJj9NyW5
,Acapellas,,,,,,
SKINS,"Falling Down
(with Lil Peep) (prod. John Cunningham, Blue Cheeze & Mike WILL Made It)",Official Acapella,120,E Minor,Full,OG File,https://drive.google.com/file/d/1I_2MUiQhGLAoG5ZXqZ_ZUfTboU8R9GVW/view?usp=drive_link
,Instrumentals,,,,,,
SKINS,"Trippie Redd - GHOST BUSTERS [V4]
(Danny Phantom)
(feat. XXXTENTACION & Ski Mask The Slump God)
(prod. HONOURABLE C-NOTE)",Original Instrumental,,,Full,CD Quality,https://drive.google.com/file/d/1BZauR6zCYiVmTeochPBMiMMnXGqzYhT4/view?usp=drive_link
SKINS,"Falling Down
(with Lil Peep) (prod. John Cunningham, Blue Cheeze & Mike WILL Made It)",Original Instrumental,,,Full,OG File,https://drive.google.com/file/d/16K2fqxYAi0NFsFOR2nBQehMPD6TCCL5V/view?usp=sharing
SKINS,"Lil Wayne - Don't Cry
(feat. XXXTENTACION)
(prod. Z3N & Ben Billions)",Original Instrumental,,,Full,Lossless,https://drive.google.com/file/d/14ztKzCqfXPfFY4Ln0ETAxIvPBiQGC6NK/view?usp=sharing
SKINS,"Arms Around You
(feat. Lil Pump, Swae Lee & Maluma)
(prod. JonFX, MallyRaw & Skrillex)",Original Instrumental,,,Full,CD Quality,https://drive.google.com/file/d/1-popf6J9L08Ng22u2BNX3UjzLRv3jPOp/view?usp=sharing
SKINS,"BAD!
(prod. John Cunningham)",Original Instrumental,,,Full,CD Quality,https://drive.google.com/file/d/18oAfRLDiNr21HkCyKi3ILoN7G7Nq1q-1/view?usp=sharing
SKINS,"Kanye West - The Storm
(feat. Kid Cudi, XXXTENTACION, Ty Dolla $ign, Ant Clemons & tizhimself)
(prod. RONNY J)",Original Instrumental,,,Full,CD Quality,https://drive.google.com/file/d/14NufHf2MSppgUErt2Z1xKCjXYNjALmmK/view?usp=sharing
SKINS,"whoa (mind in awe)
(prod. John Cunningham)",Original Instrumental,,,Full,CD Quality,https://drive.google.com/file/d/1m_ui9dYVDFmO1hBTUPOOCyIoq8xD9BFa/view?usp=drive_link
SKINS,"One Minute
(feat. Kanye West & Travis Barker)
(prod. John Cunningham & Travis Barker)",Original Instrumental,,,Full,Lossless,https://drive.google.com/file/d/1tVRl6UleaURuUMBkDILotTC6dgGzJ1qq/view?usp=sharing
SKINS,"Lil Wayne - Scared Of The Dark
(feat. XXXTENTACION & Ty Dolla $ign)
(prod. Ben Billions & Infamous)",Original Instrumental,,,Full,Lossless,https://drive.google.com/file/d/1meYw10iSQjgLnYN19EOClZX0uuk_B_bk/view?usp=sharing
,Bad Vibes Forever (2019),,,,,,
Bad Vibes Forever (2019),"VOICES
(feat. Daniel Skye)
(prod. Kid Joki)",Original Instrumental,,,Full,CD Quality,https://drive.google.com/file/d/1UUrNeEhuFPf5ImKEkV7HefxjbDfJZ5Sh/view?usp=drive_link
Bad Vibes Forever (2019),"Triumph
(prod. John Cunningham)",Original Instrumental,,81,Full,Lossless,https://drive.google.com/file/d/1PIuxAObPTgIreC-X_fMvUlq3fyKXwGVa/view?usp=sharing
Bad Vibes Forever (2019),"Hot Gyal
(Forever, In Heaven)
(feat. Mavado & Tory Lanez)
(prod. Mally Mall & Jon Fx)",Original Instrumental,,,Full,Lossless,https://drive.google.com/file/d/1VvQL8MGIKhCnjXdP6-8Y6PcOPxmc9-hy/view?usp=sharing
Bad Vibes Forever (2019),"Royalty
(feat. Ky-Mani Marley, Stefflon Don & Vybz Kartel)
(prod. JonFX)",Original Instrumental,,,Full,Lossless,https://drive.google.com/file/d/1FJKmkrLm2s9Xn2Q-emhj815OIjbbe_dR/view?usp=drive_link
,LOOK AT ME: THE ALBUM,,,,,,
,Stems,,,,,,
LOOK AT ME: THE ALBUM,"Selfish
(prod. John Cunningham)","OG Filename: Selfish JC XXX Stems
Stems for an early version of ""Selfish"" with additional production from John Cunningham and one open verse. Said to been made on January 30th, 2022 and could just be a rebounce like ""True Love"" did to get prepared to be worked on in the later versions. Leaked as a bonus for the ""Gnarly Freestyle!"" groupbuy from the X community.",124,,OG File,Full,https://pillows.su/f/c41c7a2344b7513f5f05ade0fd837b31
LOOK AT ME: THE ALBUM,"True Love [V2]
(prod. John Cunningham)","OG Filename: True Love.02 - Stems
Stems for XXXTENTACION's solo version of ""True Love"".",84,Bb Minor,OG File,Full,https://pillows.su/f/30279b6a4dc5e381d0086952881421ad
