Era,Name,Notes,Available Length,Leak Date,Type,Availability,Quality,Link(s)
,Luv Is Rage,,,,,,,
,Instrumentals,,,,,,,
Luv Is Rage,"7AM
(prod. Xay Scott, Lex Luger & DP Beats)",Instrumental for the released song '7AM'.,3:10,,Instrumental,Full,High Quality,https://pillows.su/f/d3debc106ae860939f078c13f1de8431
Luv Is Rage,"Finessin Hearts
(prod. DP Beats & PJ Pipe It Up)
(Left Me Lone)",Instrumental for the released song 'Finessin Hearts'.,4:36,,Instrumental,Full,High Quality,https://pillows.su/f/52ac0a8ae2be949bd84e757ed857a2cd
Luv Is Rage,"Grandmamie
(prod. Don Cannon & DJ DaddyAndre)
(Grandmother, Justin Bieber)","Instrumental for the unleaked song 'Grandmamie'. Was posted on soundcloud by Don Cannon himself on Apr 26, 2024, was later taken down in May 2025.",3:23,"Apr 26, 2024",Instrumental,Full,High Quality,https://pillows.su/f/e75891c2fff92fa68c1487b10520d721
Luv Is Rage,"Like This
(prod. Maaly Raw & Ike Beatz)
(Alone Time)",Instrumental for the leaked song 'Like This'.,3:58,"Aug 9, 2023",Instrumental,Full,High Quality,https://pillows.su/f/348084b92eb1809487e9bf09f0f35cf5
,Beat Loops,,,,,,,
Luv Is Rage,"Like This
(prod. Maaly Raw & Ike Beatz)
(Alone Time)",Beat loop for 'Like This'.,0:06,,Beat Loop,Full,Lossless,https://pillows.su/f/f724dd29173d50bcad4571f004dc5e48
,Lil Uzi Vert vs. The World,,,,,,,
,Instrumentals,,,,,,,
Lil Uzi Vert vs. The World,"Bye Bye Birdie
(prod. DP Beats)
(Bandz)",Instrumental for the leaked song 'Bandz'. Posted by DP Beats on Soundcloud.,2:57,"Feb 18, 2023",Instrumental,Full,High Quality,LINK NEEDED
Lil Uzi Vert vs. The World,"Lies
(prod. WondaGurl)
(Foreign Hoes)",Instrumental for the leaked song 'Lies'.,3:08,"Nov 26, 2016",Instrumental,Full,CD Quality,https://pillows.su/f/4e8d16b9cbcc8e4d8f02341dabe2fa8a
Lil Uzi Vert vs. The World,"Money Longer
(prod. Maaly Raw & Don Cannon)",Instrumental for the released song 'Money Longer'.,3:03,"Oct 6, 2023",Instrumental,Full,Lossless,https://pillows.su/f/75a9d7016e1c89659a06d2e70c05c245
Lil Uzi Vert vs. The World,"Malcolm In The Middle
(prod. Maaly Raw)
(Malcom In The Middle, Everytime, Fast Life)
[Unfinished]",Instrumental for the leaked song 'Malcolm In The Middle'.,5:00,"Mar 14, 2026",Instrumental,Full,High Quality,LINK NEEDED
Lil Uzi Vert vs. The World,"Pillz
(prod. Don Cannon, DJ Day-Day & Ging)
(3 Pills)","Instrumental for the leaked song 'Pillz'. Beat released to all streaming services by Don Cannon himself in April 2024 as '02thousandsixteenbeat 1',",3:32,"Apr 28, 2024",Instrumental,Full,CD Quality,LINK NEEDED
,Acapellas,,,,,,,
Lil Uzi Vert vs. The World,"Kanye West - Come and Go [V2]
(feat. Lil Uzi Vert) (prod. ???)
(That's On You)",Acapella for Uzi on 'Come and Go'.,3:03,"Mar 13, 2025",Acapella,Full,CD Quality,LINK NEEDED
,Sessions,,,,,,,
Lil Uzi Vert vs. The World,"A$AP Ferg - UziGang
(feat. Lil Uzi Vert & Marty Baller)","Single later released on A$AP Ferg's album, music video released on Dec 19, 2016.",N/A,"Mar 29, 2024",Session,Full,Lossless,https://mega.nz/folder/oW8nFQqR#uNh0tnLX2Bfqhh772xEYog
,The Perfect LUV Tape,,,,,,,
,Instrumentals,,,,,,,
The Perfect LUV Tape,"5 In One
(prod. MexikoDro)
(Five In One, My Number In Your iPhone)",Instrumental for the leaked song '5 In One'.,2:21,,Instrumental,Full,CD Quality,LINK NEEDED
The Perfect LUV Tape,"Fire
(prod. DP Beats)",Instrumental for the leaked song 'Fire'.,3:30,"Feb 6, 2025",Instrumental,Full,CD Quality,LINK NEEDED
The Perfect LUV Tape,"Gymnastics
(prod. DP Beats)
(Flexible, That's My Bitch)",Instrumental for the leaked song 'Gymnastics'.,4:39,"Aug 4, 2023",Instrumental,Full,CD Quality,https://pillows.su/f/266fe1151eb563d5ec7f79756a59c76e
The Perfect LUV Tape,"Yah Yah Yah
(prod. Lyle Leduff)
(4G Tires, Forgi Tires)","Instrumental for the unleaked song 'Yah Yah Yah'. Previewed on Lyle Leduff's IG Live on Mar. 23, 2019.",,"Mar 23, 2019",Instrumental,Full,Recording,https://pillows.su/f/f3f4f6f97f62ed1822b8cba5d33d769e
,Beat Loops,,,,,,,
The Perfect LUV Tape,"Do What I Want
(prod. Maaly Raw, Don Cannon & SpadeOfficial)
(I Do What I Want, Now I Do What I Want)",Beat loop for 'Do What I Want'.,0:15,,Beat Loop,Full,Lossless,https://pillows.su/f/8f21560eecdda1870f78f310e1c6b2d6
The Perfect LUV Tape,"Erase Your Social
(prod. Don Cannon & Lyle Leduff)
(Socials)",Beat loop for 'Erase Your Social'.,0:13,,Beat Loop,Full,Lossless,https://pillows.su/f/48031c50045bdc40772df42cb46e7f86
,Luv Is Rage 2 [V1],,,,,,,
,Instrumentals,,,,,,,
Luv Is Rage 2 [V1],"20 Min
(prod. Honorable C.N.O.T.E.)
(20 Minutes, 20 Til', 20 Till' I'm On, Listen)","Instrumental for the released song '20 Min"".",2:44,"Jun 5, 2021",Instrumental,Full,High Quality,https://pillows.su/f/4ebee0cff6d8882fd12d6851a18d1cda
Luv Is Rage 2 [V1],"3D Wrist [V1]
(prod. DP Beats)
(CD Wrist, 3D My Wrist)",Instrumental for the leaked song '3D Wrist'. This is the original instrumental used before it was updated in 2020.,2:57,"Apr 15, 2021",Instrumental,Full,High Quality,LINK NEEDED
Luv Is Rage 2 [V1],"For Real
(prod. DJ Plugg & Bobby Kritical)",Instrumental for the released song 'For Real'.,3:10,,Instrumental,Full,Lossless,https://pillows.su/f/ac0ff5c272d6c0b73c06ce900fa95821
Luv Is Rage 2 [V1],"Fruity Diamonds
(prod. DP Beats)
(Coloured Pebbles, Difference)","Instrumental for the unleaked song 'Fruity Diamonds'. Beat was named 'Difference_2', seemingly made on FL and on 10/4 or 10/9 2016?
Leaked beat is seemingly looped and missing full production. DP played the full uncut beat on his IG live while in a car.",3:21,"Aug 29, 2023",Instrumental,Partial,High Quality,LINK NEEDED
Luv Is Rage 2 [V1],"Gorilla Glue #4*
(prod. DP Beats)
(Triads)","Gorilla Glue #4 Inst, Uzi may have recorded on it before DP gave it to another artist",3:48,"Aug 4, 2023",Instrumental,Full,CD Quality,LINK NEEDED
Luv Is Rage 2 [V1],"Guts, No Glory
(prod. Da Honorable C.N.O.T.E. & Derelle Rideout)
(Boring shit)","Instrumental for the released song 'Boring Shit"".",2:57,"Jun 5, 2021",Instrumental,Full,High Quality,https://pillows.su/f/b4c5a18555098713aeee62427e5cf261
Luv Is Rage 2 [V1],"Hate On Me
(prod. DP Beats)",Instrumental to the unleaked song 'Hate On Me'. DP played it on his IG live.,,"Oct 28, 2016",Instrumental,Partial,Recording,LINK NEEDED
Luv Is Rage 2 [V1],"Hatin'
(prod. Don Cannon & Maaly Raw)
(Old N****s Hating, Old Niggas Hating)",Instrumental to the unleaked song 'Hatin'. Beat posted by Cannon to soundcloud.,2:25,"Dec 17, 2024",Instrumental,Full,High Quality,https://pillows.su/f/e99d49b0a2fff16dc9c1dd0663b0243b
Luv Is Rage 2 [V1],"IDK
(prod. DP Beats)
(I Don't Know, Call My Phone)",Instrumental to the leaked song 'IDK'.,2:48,"Jul 9, 2019",Instrumental,Full,High Quality,https://pillows.su/f/4a85dfa82b21e48588b7071ee6ffeb13
Luv Is Rage 2 [V1],"Nowadays
(prod. HONORABLE C.N.O.T.E)
(We Made It, Jetoff)",Instrumental for the leaked song 'Nowadays'.,3:30,"Jun 5, 2021",Instrumental,Full,CD Quality,LINK NEEDED
Luv Is Rage 2 [V1],"No iPhone Trapping
(prod. DP Beats)
(Don't Trap Off No iPhone, Can't Be Asked, Mollywater, DTONI)","Instrumental for the unleaked song 'No iPhone Trapping'. Beat made in 2014.
Beat is looped, likely missing production similarly to fruity diamonds",3:15,"Sep 26, 2016",Instrumental,Partial,High Quality,https://pillows.su/f/21400e28310a455899b68bc1b28feb18
Luv Is Rage 2 [V1],"Rags To Riches
(prod. DP Beats)
(Drip)",Instrumental for the leaked song 'Rags To Riches'.,3:18,"Sep 8, 2024",Instrumental,Full,High Quality,https://pillows.su/f/3cfc6b57fbbb1c85500c95da1db734bb
Luv Is Rage 2 [V1],"Ready Set Go (VLone)
(prod. DP Beats)",Instrumental for the released song 'Ready Set Go (VLone)'.,3:23,,Instrumental,Full,High Quality,https://pillows.su/f/8511fb79ddf59c754df0d001d1cc88f8
Luv Is Rage 2 [V1],"Ruler
(prod. DP Beats)
(YSL)","Instrumental for the released song 'YSL"".",3:04,,Instrumental,Full,High Quality,https://pillows.su/f/51321db306097ff7eca6d2dc74ee7916
Luv Is Rage 2 [V1],"Vision Got Clearer
(prod. Derelle Rideout & Honorable C.N.O.T.E.)
(Real Rap, My New Girl, Hear Y'all)",Instrumental for the leaked song 'Vision Got Clearer'.,2:07,"Jun 5, 2021",Instrumental,Full,High Quality,https://pillows.su/f/6a9d940dacf35b5427223414c1dbc2df
Luv Is Rage 2 [V1],"Woke Up Thankful
(prod. DP Beats)",OG file of beat posted on soundcloud,,"Aug 4, 2023",Instrumental,Full,High Quality,LINK NEEDED
Luv Is Rage 2 [V1],"This Way
(prod. Lyle Leduff)
(Come This Way)","Instrumental for the original version of the released song ""Come This Way"".",2:35,,Instrumental,Full,Lossless,https://pillows.su/f/4b56cc6dc6a3fbde0320f5e968d6a34a
Luv Is Rage 2 [V1],"Migos - Bad & Boujee
(feat. Lil Uzi Vert) (prod. Metro Boomin & G Koop)",Instrumental for the released song 'Bad & Boujee' by Migos.,5:32,"Mar 29, 2022",Instrumental,Full,Lossless,https://pillows.su/f/2011bb007d274390f08c65b6988a37f1
,Beat Loops,,,,,,,
Luv Is Rage 2 [V1],"Hatin'
(prod. Don Cannon & Maaly Raw)
(Old N****s Hating, Old Niggas Hating)","Beat loop for ""Hatin'""",0:12,,Beat Loop,Full,Lossless,https://pillows.su/f/b7cb84d8978af29caead60735cf465cc
,1017 Vs. The World,,,,,,,
,Instrumentals,,,,,,,
1017 Vs. The World,"Changed My Phone
(w/ Gucci Mane) (prod. Honorable C.N.O.T.E & D. Rich)","Instrumental for the released song ""Changed My Phone"".",2:02,"Dec 29, 2022",Instrumental,Full,High Quality,https://pillows.su/f/987f703ee770740025972319b1f44500
1017 vs. The World,"Today
(prod. Da Honorable C.N.O.T.E.)
(Today!!, 2 New York)","Instrumental for the released song ""Today"".",2:50,"Jun 5, 2021",Instrumental,Full,High Quality,LINK NEEDED
1017 vs. The World,"IN O4'
(prod. DP Beats & Almighty Red)","Instrumental for the released song ""IN O4'"".",2:49,,Instrumental,Full,High Quality,https://pillows.su/f/04729c898f665ee579cd2e240b1594e2
,Luv Is Rage 2 [V2],,,,,,,
,Instrumentals,,,,,,,
Luv Is Rage 2 [V2],"Automatic
(prod. Wondagurl)
(Wondergirl, Pulled Up, Hunnid Bands, 100 Bands)",Instrumental for the leaked song 'Automatic'. Previewed on Wondagurls IG live on an old unknown date.,,,Instrumental,Full,Recording,LINK NEEDED
Luv Is Rage 2 [V2],"Beat It and Delete It
(prod. Lyle Leduff)
(Ginseng)","Instrumental for the leaked song 'Beat It and Delete It'. Instrumental samples Yung Lean's ""Ginseng Strip 2002"". Previewed on Lyle's IG.
Alt beat that leaked 2024/2025 apparently wasn't real.",,,Instrumental,Partial,Recording,https://pillows.su/f/8edbc8c40812943e48ca290517834df5
Luv Is Rage 2 [V2],"Break The Bank
(with Playboi Carti) (prod. Pi'erre Bourne)",Instrumental for the leaked song 'Break The Bank'.,0:50,,Instrumental,Full,High Quality,LINK NEEDED
Luv Is Rage 2 [V2],"Flex By Mistake
(prod. Maaly Raw)
(Way I Am)",Alt Instrumental for the leaked song 'Flex By Mistake'. This is before Don Cannon added his produciton. Was included in a Maaly Raw beat pack titled 'way i am'.,3:34,"Mar 31, 2024",Alt Instrumental,Full,High Quality,https://pillows.su/f/ffaff3f0762b2e395b0223f631e4b339
Luv Is Rage 2 [V2],"Freebandz*
(prod. Haz Futcha)
(Smoke)","Alt instrumental for the unleaked song 'Freebandz'. It is not confirmed if this is actually from Haz Futcha, or a remaster, but it was included in a stems archive for Uzi.
Listed as Alt instrumental (if real) as strings and other instruments have different pitch and layout based on snippets",3:22,,Alt Instrumental,Full,Low Quality,https://pillows.su/f/5c9becc2764207784870008365a542eb
Luv Is Rage 2 [V2],"Got The Work
(prod. Don Cannon)
(I Got The Work)",Instrumental for the leaked song 'Got The Work'. Includes an unknown sample.,1:03,"Oct 5, 2023",Instrumental,Full,High Quality,https://pillows.su/f/f614b136f60d85a1aed05db4585f5e51
Luv Is Rage 2 [V2],"Just Keep Her
(prod. BassKidsOnTheBeat)
(Imma Keep Ballin)",Instrumental for the leaked song 'Just Keep Her'.,,,Instrumental,Snippet,CD Quality,LINK NEEDED
Luv Is Rage 2 [V2],"I Get It
(prod. Don Cannon)
(Throw Some In It, In It)",Instrumental for the leaked song 'I Get it'. Beat was posted on soundcloud by Don Cannon himself in April 2024 as '2thousandseventeenbeat04.uzi'. OG file for beat surfaced later on. ,2:42,"Apr 26, 2024",Instrumental,Full,CD Quality,https://pillows.su/f/cc749043ff2cb29cb46a3f0f3a0ac501
Luv Is Rage 2 [V2],"I Know
(prod. Sonny Digital)
(Neck On Froze)",Official instrumental for the released song 'I Know'.,3:10,"Sep 16, 2022",Instrumental,Full,High Quality,LINK NEEDED
Luv Is Rage 2 [V2],"I Think Not
(prod. Zaytoven)",Instrumental for the leaked song 'I Think Not'.,2:58,"Feb 11, 2025",Instrumental,Full,CD Quality,LINK NEEDED
Luv Is Rage 2 [V2],"Mission To The Loot
(prod. Don Cannon & Maaly Raw)
(Batman, Mission, Before China, Before China Food)","Instrumental for the leaked song 'Mission To The Loot'. Was posted to Cannon on Souncloud. Original beat file surfaced later on.
2:33 808 bass boost of doom",4:02,"Oct 5, 2023",Instrumental,Full,Lossless,https://pillows.su/f/261b3b1ca9583db664921ab1ad6eed52
Luv Is Rage 2 [V2],"No Sleep Leak
(prod. Don Cannon & CuBeatz)",Instrumental for the released song 'No Sleep Leak'.,3:09,"Oct 5, 2023",Instrumental,Full,CD Quality,https://pillows.su/f/b17d9287abd0edec302ee4b4a93a0680
Luv Is Rage 2 [V2],"Recoup
(prod. DP Beats)",Instrumental for the leaked song 'Recoup'. Posted to Soundcloud by DP Beats. Doesn't contain the distorted sounding second part of the song.,2:01,"Apr 3, 2024",Instrumental,Full,High Quality,https://pillows.su/f/d361e57e2c5860745590e2b87c7fb518
Luv Is Rage 2 [V2],"Sauce It Up
(prod. Don Cannon, Michael Piroli & BeldonDidThat)",Instrumental for the released song 'Sauce It Up'.,3:27,"Oct 5, 2023",Instrumental,Full,CD Quality,https://pillows.su/f/2d11f91b0d1af50d63809266888afeb0
Luv Is Rage 2 [V2],"She All On Me
(prod. Pi'erre Bourne)",Instrumental for the leaked song 'She All On Me'.,0:52,"Mar 25, 2025",Instrumental,Full,High Quality,LINK NEEDED
Luv Is Rage 2 [V2],"Swag Disease
(w/ Playboi Carti) (prod. DP Beats)
(1600 Block, 400 Degrees)",Instrumental for the leaked song 'Swag Disease'. Was posted by DP to soundcloud. Has notably different production not included in actual song.,2:10,"Jul 9, 2019",Alt Instrumental,Full,High Quality,https://pillows.su/f/ac275c302f984b6c29a8666d2784f00e
Luv Is Rage 2 [V2],"Swag Swag
(prod. Pi'erre Bourne)",Instrumental for the leaked song 'Swag Swag'.,0:52,,Instrumental,Full,High Quality,https://pillows.su/f/8ec330528eff981d25a58404577709b4
Luv Is Rage 2 [V2],"The Way Life Goes
(feat. Oh Wonder) (prod. Don Cannon & Ike Beatz)","Instrumental for the released song 'The Way Life Goes'. Instrumental samples ""Landslide"" by Oh Wonder.",3:41,"Oct 5, 2023",Instrumental,Full,High Quality,https://pillows.su/f/27ff0a20545a91df034c0e1116e8e909
Luv Is Rage 2 [V2],"This That
(prod. Don Cannon)
(Remember)",Instrumental for the leaked song 'This That'. Has the original BPM,2:24,"Oct 5, 2023",Instrumental,Full,CD Quality,https://pillows.su/f/d1fe6a0cf495be0ba3e215fb97eff698
Luv Is Rage 2 [V2],"XO Tour Llif3
(prod. TM88 & JW Lucas)",Instrumental for the released song 'XO TourLlif3'. Lossless alternate bounce of beat surfaced on later date.,4:40,"Mar 7, 2023",Instrumental,Full,Lossless,https://pillows.su/f/61802db494a601c4e133524a2f3dc092
,Beat Loops,,,,,,,
Luv Is Rage 2 [V2],"Sauce It Up
(prod. Don Cannon, Michael Piroli & BeldonDidThat)",Beat loop for 'Sauce It Up'.,0:14,,Beat Loop,Full,Lossless,https://pillows.su/f/3ea9008c7917df05e43b2631610e1c2e
Luv Is Rage 2 [V2],"Woke Up On Mars
(prod. DJ Spinz & Honorable C.N.O.T.E.)
(Mars)",Beat loop for 'Woke Up On Mars'.,0:17,,Beat Loop,Full,Lossless,https://pillows.su/f/acd98d697819f98bee8bd5a2f2083c4e
,Sessions,,,,,,,
Luv Is Rage 2 [V2],"Neon Guts
(feat. Pharrell Williams) (prod. Pharrell Williams)",Full session for the song 'Neon Guts'.,N/A,,Session,Full,Lossless,LINK NEEDED
Luv Is Rage 2 [V2],"Pretty Mami
(prod. Don Cannon & Illmind)
(Let You Know, Pretty Miami)",Full session for the song 'Pretty Mami'. Seen titled as 'Let You Know' originally.,N/A,"May 30, 2025",Session,Full,Lossless,https://mega.nz/folder/cDdiFQqZ#_RQZ2rnnmgMsByaEJpQayQ
Luv Is Rage 2 [V2],"Rich By The Morning
(prod. Don Cannon & CuBeatz)
(No Sleep Leak)",snippet of vocals from session from waterfalls,N/A,,Session,Snippet,CD Quality,LINK NEEDED
Luv Is Rage 2 [V2],"XO Tour Llif3
(prod. TM88 & JW Lucas)",Studio session for the released song 'XO Tour Llif3'.,N/A,"Mar 7, 2023",Session,Full,CD Quality,LINK NEEDED
Luv Is Rage 2 [V2],"NAV - Wanted You
(feat. Lil Uzi Vert) (prod. Ben Billions)",Session put up for sale,N/A,"Nov 3, 2023",Session,Snippet,High Quality,LINK NEEDED
,"Tsunami Island
(Collaboration with Wheezy)",,,,,,,
,Beat Loops,,,,,,,
Tsunami Island,"Don't Get Murked Up*
(prod. CuBeatz)
(Hurt Too, Hurt 2)",Beat loop for 'Don't Get Murked Up*'.,0:30,,Beat Loop,Full,Lossless,https://pillows.su/f/92387c0b059e5abda87e1b30474adc4b
,Lil Uzi Vert vs. The World 2 [V1],,,,,,,
,Instrumentals,,,,,,,
Lil Uzi Vert vs. The World 2 [V1],"I Can't Break*
(prod. Metro Boomin, D’Mile, Charlie Handsome & Wheezy)
(Backwoods)",Instrumental for the leaked song 'I Can't Break'.,3:27,"Jun 4, 2021",Instrumental,Full,Lossless,LINK NEEDED
Lil Uzi Vert vs. The World 2 [V1],"I'm Livin'
(prod. Swavey Beats)
(Treat The Rari)",Instrumental for the leaked song 'I'm Livin'. The beat was likely meant for Carti originally based on the name of it. This is the beat before Lyle Leduff slightly tweaked it.,3:14,"Dec 18, 2023",Alt Instrumental,Full,High Quality,LINK NEEDED
Lil Uzi Vert vs. The World 2 [V1],"Masters
(prod. Bugz Ronin)
(Coughing, Tennis Chain, Dark Forest)","Instrumental for the leaked song 'Masters'. Provided by Bugz via a beat pack on Aug 6, 2024.",4:05,"Aug 6, 2024",Instrumental,Full,CD Quality,https://pillows.su/f/57538971c50d3896ab1af15b44821e42
Lil Uzi Vert vs. The World 2 [V1],"Million In A Month
(prod. Honorable C-Note)
(Move How I Wanna)",Instrumental for the leaked song 'Million In A Month'.,3:09,,Instrumental,Full,CD Quality,https://pillows.su/f/def957a92631d2abf591785baf6e0331
Lil Uzi Vert vs. The World 2 [V1],"Rolli
(feat. Chief Keef) (prod. Pi'erre Bourne)
(ROLLI, Bean (Kobe), Count It Up, Jellybean, Rockstar Life, Rollie)","Instrumental for the released song ""Bean (Kobe)"".",0:52,"Jan 25, 2026",Instrumental,Full,Lossless,https://pillows.su/f/805c15dd868bf0b56c110978e6ebec0f
Lil Uzi Vert vs. The World 2 [V1],"Sticky
(prod. Don Cannon)",Instrumental for the leaked song 'Sticky'. Instrumental posted in 2020 by Don Cannon on Soundcloud.,3:22,"May 5, 2020",Instrumental,Full,High Quality,https://pillows.su/f/f8bb3aeea8942561c816310875e22d70
Lil Uzi Vert vs. The World 2 [V1],"That Ain't Gucci
(prod. Wheezy)","Instrumental for the leaked song ""That Ain't Gucci"".",2:31,"Jan 2, 2023",Instrumental,Full,Lossless,https://pillows.su/f/5ae8f88befc4eca886af4e8b7e2faac2
Lil Uzi Vert vs. The World 2 [V1],"They Don't Love You
(prod. Ike Beatz & DP Beats)
(Watch Yourself, Sinking)",Instrumental for the leaked song 'They Don't Love You'. Has harder hitting 808s. Instrumental posted in 2023 by DP Beats. Was taken down sometime in 2025.,2:21,"Dec 28, 2023",Instrumental,Full,High Quality,https://pillows.su/f/352b61ecf9ea160e5e8b8671cd44cc70
Lil Uzi Vert vs. The World 2 [V1],"Thot Back
(feat. Ballout) (prod. Pi'erre Bourne)
(Tot Back, Thought Back)
[Unfinished]","Instrumental for the leaked song ""Thot Back"".",0:48,"Jan 25, 2026",Instrumental,Full,Lossless,https://pillows.su/f/48c42d120a4695ddf5484583337e2019
Lil Uzi Vert vs. The World 2 [V1],"Watchu Was On
(prod. Bluxz)
(Money To Me)","Instrumental for the leaked song 'Watchu Was On"". Posted by producer to Soundcloud.
- Has the song snippet added at start by producer also",3:53,"May 31, 2024",Instrumental,Full,High Quality,https://pillows.su/f/8fad23d47086abac919da8edf0c548f3
Lil Uzi Vert vs. The World 2 [V1],"What You Mean*
(feat. Chief Keef) (prod. Pi'erre Bourne)","Instrumental for the leaked song ""What You Mean"".",0:49,"Jan 25, 2026",Instrumental,Full,Lossless,https://pillows.su/f/e2afbee2add9863b6788c2546750f6b4
Lil Uzi Vert vs. The World 2 [V1],"With Your Girl
(prod. Oogie Mane & Forza)
(Relapse)",Instrumental for the leaked song 'With Your Girl'. Beat was previewed in the studio likely during or after the song session.,,,Instrumental,Snippet,Recording,LINK NEEDED
Lil Uzi Vert vs. The World 2 [V1],"Travis Scott - Watch
(feat. Lil Uzi Vert & Kanye West) (prod. Pi'erre Bourne)",Instrumental for the released song 'Watch' by Travis Scott.,1:25,"Aug 6, 2024",Instrumental,Full,CD Quality,LINK NEEDED
,Beat Loops,,,,,,,
Lil Uzi Vert vs. The World 2 [V1],"1600
(prod. Dripchord)
(Drip, Rager Anthem)",Beat loop for '1600'.,0:14,,Beat Loop,Full,Lossless,https://pillows.su/f/feb8405e72643ef257f35c7af005dbc0
Lil Uzi Vert vs. The World 2 [V1],"Target
(prod. CuBeatz)
(Harden, Pocket Rocket)",Beat loop for 'Target'.,0:28,,Beat Loop,Full,Lossless,https://pillows.su/f/758950097fd780f80b3c58f780f6a416
Lil Uzi Vert vs. The World 2 [V1],"That Ain't Gucci
(prod. Wheezy)",Beat loop for 'That Ain't Gucci'.,0:06,,Beat Loop,Full,High Quality,https://pillows.su/f/b12b3bf10e4489537ae9d7a10521d095
Lil Uzi Vert vs. The World 2 [V1],"Won't Let Me In
(prod. Nick Mira)",Beat loop for 'Won't Let Me In'.,0:12,,Beat Loop,Full,Lossless,https://pillows.su/f/3c4f0a483553913e35f096f5586ca646
,Sessions,,,,,,,
Lil Uzi Vert vs. The World 2 [V1],"Rolli
(feat. Chief Keef) (prod. Pi'erre Bourne)
(ROLLI, Bean (Kobe), Count It Up, Jellybean, Rockstar Life, Rollie)","Full session for the song ""Bean (Kobe)"".",N/A,"Jan 25, 2026",Session,Full,Lossless,https://mega.nz/folder/VbsUFJCR#8f5q2i40WXLT-xq-B2atgg
Lil Uzi Vert vs. The World 2 [V1],"That Ain't Gucci
(prod. Wheezy)","Full session for the song ""That Ain't Gucci"".",N/A,"Jan 2, 2023",Session,Full,Lossless,https://mega.nz/file/ob1AwCwJ#DmpRNd2S_ONvk6z1sVXQLm5bv1rLI9ne0hC5qtmbPmo
Lil Uzi Vert vs. The World 2 [V1],"Thot Back
(feat. Ballout) (prod. Pi'erre Bourne)
(Tot Back, Thought Back)
[Unfinished]","Full session for the song ""Thot Back"".",N/A,"Jan 25, 2026",Session,Full,Lossless,https://mega.nz/folder/oWMHlZ5J#VaBLYyPHxRsa1PfVs4BLKg
Lil Uzi Vert vs. The World 2 [V1],"What You Mean*
(feat. Chief Keef) (prod. Pi'erre Bourne)","Full session for the song ""What You Mean"".
Session contains 2 unused beats",N/A,"Jan 25, 2026",Session,Full,Lossless,https://mega.nz/folder/pf0jTaST#dak7QR6Pdf7HOLb3yZCw4Q
Lil Uzi Vert vs. The World 2 [V1],"NAV - Glow Up (Remix)
(feat. Lil Uzi Vert) (prod. ???)","Session for sale in 2023, never ended up leaking",N/A,"Nov 7, 2023",Session,Snippet,High Quality,LINK NEEDED
,Eternal Atake [V1],,,,,,,
,Instrumentals,,,,,,,
Eternal Atake [V1],".223s*
(with Gunna) (prod. Wheezy)
(.223 Drip, Park It)","Official instrumental for the song "".223"".",2:05,"Dec 18, 2022",Instrumental,Full,CD Quality,LINK NEEDED
Eternal Atake [V1],"3 Bands
(prod. Oogie Mane)
(Three Bands, Leaving, Lambo)","Instrumental for the leaked song ""3 Bands"".",2:59,"May 1, 2025",Instrumental,Full,Lossless,https://pillows.su/f/7e74ad23b3d2a89f9884003bb781479a
Eternal Atake [V1],"80's Love
(prod. Bugz Ronin)","The beat for an Uzi song from 2018. Likely recorded around the same time as ""Can't Save Her"".",2:50,"Apr 27, 2025",Instrumental,Full,CD Quality,LINK NEEDED
Eternal Atake [V1],"Balmain and Michael
(prod. Bugz Ronin)
(Samurai)",Instrumental for the leaked song 'Balmain and Michael'. Features a drum part unused in the actual song.,1:58,"Nov 17, 2024",Instrumental,Full,CD Quality,https://pillows.su/f/5b3478cf19c96bac8356f543f4c650fd
Eternal Atake [V1],"Bite My Swag*
(prod. Brandon Finessin & Oogie Mane)
(roll up)",Instrumental for the leaked song 'Bite My Swag'.,2:31,"Nov 10, 2025",Instrumental,Full,Lossless,https://pillows.su/f/40984ba4d9cb4aa6262822d503a5712e
Eternal Atake [V1],"Bust Me
(prod. Bugz Ronin)","Instrumental for the released song 'Bust Me'. Provided by Bugz via a beat pack on Aug 6, 2024.",1:55,"Jan 31, 2022",Instrumental,Full,CD Quality,https://pillows.su/f/b60656f48162e3510012af169838e662
Eternal Atake [V1],"Can't Save Her
(prod. Bugz Ronin)
(Reason)","Instrumental for the leaked song 'Can't Save Her'. Provided by Bugz via a beat pack on Aug 6, 2024.",3:30,"Aug 6, 2024",Instrumental,Full,CD Quality,https://pillows.su/f/b6e91d957a127ef9942518c5c19a71ab
Eternal Atake [V1],"Cayy Benji
(prod. Harper & Jordan Ivey)
(CayyBenji, Kayy Benji, Kay Benji)",Instrumental for the leaked song 'Cayy Benji'.,2:52,"Dec 8, 2025",Instrumental,Full,CD Quality,LINK NEEDED
Eternal Atake [V1],"Cold Like December
(prod. Harper)
(Vetements)",Instrumental for the leaked song 'Cold Like December'.,3:40,"Jan 14, 2026",Instrumental,Full,CD Quality,LINK NEEDED
Eternal Atake [V1],"Crazy Girl
(prod. Don Cannon, Lyle Leduff & Ineza Beats)",Instrumental for the leaked song 'Crazy Girl'. Was posted on soundcloud by Don Cannon himself in April 2024 as '2thousandsixteenbeat02.uzi' but was later taken down in May 2025.,1:41,"Apr 14, 2024",Instrumental,Full,High Quality,https://pillows.su/f/07e297cbe01d0af6ab5c5a3689c976ff
Eternal Atake [V1],"Don't Wanna Wait
(prod. Harper)
(Reborn, KSG Song)",Instrumental for the leaked song 'Don't Wanna Wait'. Harper apparently lost the original beat so he remade it himself to this.,3:20,"Jan 11, 2026",Alt Instrumental,Full,CD Quality,LINK NEEDED
Eternal Atake [V1],"Everybody Fall
(prod. Bugz Ronin)
(Don't Want To, Let Go)","Instrumental for the leaked song 'Everybody Fall'. Provided by Bugz via a beat pack on Aug 6, 2024.",3:36,"Aug 6, 2024",Instrumental,Full,CD Quality,https://pillows.su/f/31667e3a08adc4f89afddb9180c86135
Eternal Atake [V1],"Friends*
(prod. Ike Beats & Jahdiddat)
(Fr1ends, 16 Zone, Matt Hoffman)","Instrumental for the unleaked song ""16 Zone"". The beat is titled 'Friends' which is where that nickname for the song came from.",2:59,"Apr 30, 2025",Instrumental,Full,Lossless,https://pillows.su/f/3e54ffa59498bbafa89578eaf0d8c6da
Eternal Atake [V1],"Gang
(prod. Bugz Ronin)
(Keys)","Instrumental for the leaked song 'Gang'. Provided by Bugz via a beat pack on Aug 6, 2024.",2:17,"Aug 6, 2024",Instrumental,Full,CD Quality,https://pillows.su/f/23d64bf393c258dc25170de57b86bf40
Eternal Atake [V1],"Get It
(prod. Forza)
(Zombie Man, Gucci Linen, Meds)","Instrumental for the leaked song 'Get It'. Provided by Bugz via a beat pack on Aug 6, 2024.",1:58,"Aug 6, 2024",Instrumental,Full,CD Quality,https://pillows.su/f/1b922af3375c6edb3194cd2a1d4c8cc2
Eternal Atake [V1],"Get What I Want
(prod. Oogie Mane & Brandon Finessin)
(alone)",Instrumental for the leaked song 'Get What I Want'.,3:00,"Nov 14, 2025",Instrumental,Full,Lossless,https://pillows.su/f/0122954b5ca116f48a429e17e50576b7
Eternal Atake [V1],"Gettin' Guap*
(prod. Brandon Finessin & Oogie Mane)
(no no, Getting Guap)",Instrumental for the leaked song 'Gettin' Guap'.,1:53,"May 1, 2025",Instrumental,Full,Lossless,https://pillows.su/f/e9d694055eeb0df4e0b8594510a4d25b
Eternal Atake [V1],"Gucci Socks*
(prod. Forza & Oogie Mane)
(BBL, Okay Sure, Lobster)",Instrumental for the leaked song 'Gucci Socks'.,1:52,"Jun 21, 2025",Instrumental,Full,Lossless,https://pillows.su/f/0cdbfd8ad5bf9176d339702571d80f88
Eternal Atake [V1],"How Bout' Now
(prod. Brandon Finessin & JMoney)
(arizz)","Instrumental for the leaked song 'How Bout' Now"".",2:45,"Nov 14, 2025",Instrumental,Full,Lossless,https://pillows.su/f/39ab0c70b29e218a9164e2d1da3583e3
Eternal Atake [V1]," I've Been Up*
(prod. Brandon Finessin & DJ Bangout)
(March Madness, I Been Up)",Instrumental for the leaked song 'I've Been Up'.,2:32,"May 1, 2025",Instrumental,Full,Lossless,https://pillows.su/f/bcfc060bf80f58c66dd0cddcdd220e20
Eternal Atake [V1],"I Did Everything
(prod. Bugz Ronin)
(Hunter, Worst Way)",Instrumental for the leaked song 'I Did Everything'.,2:00,"Apr 21, 2025",Instrumental,Full,CD Quality,LINK NEEDED
Eternal Atake [V1],"I Don't Even*
(prod. Supah Mario)
(ONLY ONE, I Don't)",Instrumental for the leaked song 'I Don't Even'.,4:55,"Nov 8, 2025",Instrumental,Full,Lossless,https://pillows.su/f/0fc57e2654e2148dd5cb10c04ae78568
Eternal Atake [V1],"I Don't Lack Much
(prod. Bugz Ronin)",Instrumental for the leaked song 'I Don't Lack Much'.,2:35,"Apr 21, 2025",Instrumental,Full,CD Quality,LINK NEEDED
Eternal Atake [V1],"It's Going Down
(prod. Bugz Ronin)","Instrumental for the leaked song 'It's Going Down'. Provided by Bugz via a beat pack on Aug 6, 2024.",4:18,"Aug 6, 2024",Instrumental,Full,CD Quality,https://pillows.su/f/e8ca4b39f325f57ec3a6ee870f8b69e0
Eternal Atake [V1],"Jack and Gin*
(prod. Bugz Ronin)
(Jack and Jen, Jack and Jill)","Instrumental for the unleaked song 'Jack and Gin'. Provided by Bugz via a beat pack on Aug 6, 2024.",1:40,"Aug 6, 2024",Instrumental,Full,CD Quality,https://pillows.su/f/3f2a686141f5d7d0abad903f9608f9e8
Eternal Atake [V1],"Like The Way I'm Drippin'
(prod. Oogie Mane)",Instrumental for the leaked song 'Like The Way I'm Drippin'.,1:14,,Instrumental,Full,High Quality,LINK NEEDED
Eternal Atake [V1],"London
(prod. Oogie Mane, Brandon Finessin & Forza)",Instrumental for the leaked song 'London'.,2:42,"Dec 1, 2024",Instrumental,Full,CD Quality,https://pillows.su/f/6e29af85cefea72bc348b0c9dc417fdb
Eternal Atake [V1],"Losing It*
(prod. Bugz Ronin)
(So Fake)","Instrumental for the leaked song 'So Fake'. Provided by Bugz via a beat pack on Aug 6, 2024.",1:44,"Aug 6, 2024",Instrumental,Full,CD Quality,https://pillows.su/f/a4a12ddffd40d5d485ecc8ac074da371
Eternal Atake [V1],"Long Life*
(prod. ???)
(Long Life)",Instrumental for the leaked song 'Long Life'.,3:14,"Nov 14, 2025",Instrumental,Full,Lossless,https://pillows.su/f/7e86cb22746cf38c6e3718c0b88c0fca
Eternal Atake [V1],"Lost You*
(prod. Bugz Ronin & Oogie Mane)
(flamingo, Walk Through, On My Waist)",Instrumental for the leaked song 'Lost You'.,3:20,"Nov 5, 2025",Instrumental,Full,Lossless,https://pillows.su/f/66de9a5fef9375fb1d913ea2431885cc
Eternal Atake [V1],"Main And My Side
(prod. Harper & KBeaZy)
(Vanish)",Instrumental for the leaked song 'Main And My Side'. Posted by Harper on Soundcloud. Official beat provided later on.,3:43,"Apr 30, 2024",Instrumental,Full,CD Quality,LINK NEEDED
Eternal Atake [V1],"More Bands
(prod. Harper)
(VVV)",Instrumental for the leaked song 'More Bands'.,3:15,"Jan 14, 2026",Instrumental,Full,CD Quality,LINK NEEDED
Eternal Atake [V1],"Mr. Hit, No Miss*
(prod. Oogie Mane)
(Let's Go, True Story, Whole Lotta Cases)",Instrumental for the leaked song 'Mr Hit No Miss*'.,3:20,"Oct 30, 2025",Instrumental,Full,Lossless,https://pillows.su/f/b24ace1321cde04d2e655bbed438b7ea
Eternal Atake [V1],"Never Met A Real One
(prod. Bugz Ronin)",Instrumental for the leaked song 'Never Met A Real One'.,3:31,"Apr 21, 2025",Instrumental,Full,CD Quality,LINK NEEDED
Eternal Atake [V1],"Not Mine*
(prod. ???)
(Not Mine)",Instrumental for the leaked song 'Not Mine'.,3:07,"Nov 14, 2025",Instrumental,Full,Lossless,https://pillows.su/f/531911beb92fc3c97794e9c2adbeb37b
Eternal Atake [V1],"Put That Money Up
(prod. Don Cannon)
(Blue Hunnids, No Matter The Cost)",Instrumental for the leaked song 'Put That Money Up'.,,,Instrumental,Partial,Recording,LINK NEEDED
Eternal Atake [V1],"Sauced*
(prod. Oogie Mane)
(lamb, Stay Swaggin', Whole Lotta Pot)",Instrumental for the leaked song 'Sauced'.,2:59,"Nov 8, 2025",Instrumental,Full,Lossless,https://pillows.su/f/a5bd46b3599608842bc074bc89388195
Eternal Atake [V1],"Shoulda Never
(prod. Pharrell Williams & Kteck)",Instrumental for the leaked song 'Shoulda Never'.,,,Instrumental,Full,Lossless,https://pillows.su/f/8363906f14d055c516d31bc1ebdb6273
Eternal Atake [V1],"Shrooms*
(prod. Brandon Finessin, F1lthy & Loosie Man)
(Mushrooms, Shroomsies)",Instrumental for the leaked song 'Shrooms'.,2:25,"May 1, 2025",Instrumental,Full,Lossless,https://pillows.su/f/84cc293bbea309e14bec6defc97cb238
Eternal Atake [V1],"That's A Rack
(prod. Oogie Mane, DJ Bangout, Nick Mira, Taz Taylor & Brandon Finessin)
(Hood Babby, Racks)",Instrumental for the released song 'That's A Rack'.,3:12,"Nov 1, 2022",Instrumental,Full,Lossless,https://pillows.su/f/9c7b5f1c105aa5fdd21b4d031aa6ee68
Eternal Atake [V1],"That's My Rollie*
(prod. JahDidDat)",Instrumental for the leaked song 'That's My Rollie'.,3:00,"Apr 30, 2025",Instrumental,Full,Lossless,https://pillows.su/f/3effc8cc6d4fa0f8fe9b1101d88b275d
Eternal Atake [V1],"Watch This
(prod. Forza)","Instrumental for the leaked song ""Watch This"".",1:49,"Dec 3, 2022",Instrumental,Full,Low Quality,https://pillows.su/f/d3e731ea38a6c7904125e7483165288b
Eternal Atake [V1],"Yes Yes
(prod. Pi'erre Bourne)
(Patek Swag)",Instrumental for the leaked song 'Yes Yes'.,0:59,"Nov 18, 2024",Instrumental,Full,Lossless,https://pillows.su/f/c138898dcc960cb0fdac4e90d1ea6d03
Eternal Atake [V1],"You're The One
(prod. Bugz Ronin)
(Scarecrow, Got It All)","Instrumental for the leaked song 'You're The One'. Provided by Bugz via a beat pack on Aug 6, 2024.",1:59,"Aug 6, 2024",Instrumental,Full,CD Quality,https://pillows.su/f/21629ad23dedbd5ac97239bca0a5ed25
Eternal Atake [V1],"03 Greedo - Never Bend (Remix)
(feat. Lil Uzi Vert) (prod. 03 Greedo, TheyCallMeParker)","Official instrumental for the ""Never Bend (Remix)"".",,"Nov 1, 2022",Instrumental,Full,CD Quality,LINK NEEDED
,Beat Loops,,,,,,,
Eternal Atake [V1],"Cayy Benji
(prod. Jordan Ivey)
(CayyBenji, Kayy Benji, Kay Benji)",Beat loop for 'Cayy Benji'.,0:13,,Beat Loop,Full,Lossless,https://pillows.su/f/fbac7c2bc9286c7828d23b334a55a894
Eternal Atake [V1],"Crazy Girl
(prod. Ineza Beats)",Beat loop for 'Crazy Girl'. ,1:01,"Aug 26, 2023",Beat Loop,Full,Lossless,https://pillows.su/f/673ddb29a5f662a3fdef3593f6dd03f3
Eternal Atake [V1],"Blue Tips
(prod. Forza)
(Relationship)",Beat loop for 'Blue Tips'.,0:13,"Apr 10, 2024",Beat Loop,Full,Lossless,https://pillows.su/f/5b3bf408a0985d539c09a20132a555f7
Eternal Atake [V1],"Fast Money
(prod. Forza)
(New Bentley, Tokyo Ghoul)",Beat loop for 'Fast Money'.,0:07,"Sep 10, 2018",Beat Loop,Full,Lossless,https://pillows.su/f/9559193b4a3f8c475def39a76637f7b7
Eternal Atake [V1],"I Can Show You
(prod. shadow412)",Beat loop for 'I Can Show You',0:13,,Beat Loop,Full,Lossless,https://pillows.su/f/3849e891472d4df2083d583b56b09d4c
Eternal Atake [V1],"Kappa
(prod. LexoBeatss)
(Nicki Minaj, Diamonds)",Beat loop for 'Kappa'.,0:12,,Beat Loop,Full,Lossless,https://pillows.su/f/0b38dec4663f87a853cd2fe10c44cce3
Eternal Atake [V1],"Of Course
(prod. Kado)
(Of Course (Intro), Drippin' & Swaggin', Best Friend)",Beat loop for 'Of Course',0:27,,Beat Loop,Full,CD Quality,https://pillows.su/f/d6e0915097c33ba14ef0ebd4ea4adbca
Eternal Atake [V1],"That's A Rack
(prod. Oogie Mane, DJ Bangout, Nick Mira, Taz Taylor & Brandon Finessin)
(Hood Babby, Racks)",Beat loop for 'That's A Rack'.,0:27,,Beat Loop,Full,Lossless,https://pillows.su/f/8797ad73cd7fc3a6d5dc587198a05a3a
Eternal Atake [V1],"Watch This
(prod. Forza & Kado)
(Benjamin)",Beat loop for 'Watch This',0:11,,Beat Loop,Full,Lossless,https://pillows.su/f/2308b6d17f4115ae8caaaaa6880086f9
,Sessions,,,,,,,
Eternal Atake [V1],"Oct 1, 2018 Session
(How Bout' Now, Alone, Get What I Want [V2])","Full session for the leaked songs 'How Bout' Now', 'Alone' and 'Get What I Want [V2]'"".",N/A,"Nov 14, 2025",Session,Full,Lossless,https://mega.nz/folder/5HEH2CAa#-C0QFZfjyGnpw4f-LMd2Qg
Eternal Atake [V1],"Oct 2, 2018 Session
(That's A Rack, Bite My Swag)","Full session for released song ""That's A Rack"" and the unreleased song ""Bite My Swag""",N/A,"Nov 10, 2025",Session,Full,Lossless,https://mega.nz/folder/8DUVEB4C#DJdMVT0bfnAXmIZTebXYGA
Eternal Atake [V1],"Oct 8-10, 2018 Session
(Friends/16-Zone, That's My Rollie, Gettin' Guap, I've Been Up)","Full session for the songs 'Friends', 'That's My Rollie', 'Gettin' Guap'' and 'I've Been Up'. All songs were put into one giant session file.",N/A,"May 1, 2025",Session,Full,Lossless,https://mega.nz/folder/pCczTIqY#Dpj6ht-I0a7r76dzIpuTow
Eternal Atake [V1],"Get What I Want* [V1]
(prod. Oogie Mane & Brandon Finessin)
(alone)
[Unfinished]","Full session for the song ""Get What I Want"" [V1].",N/A,"Nov 14, 2025",Session,Full,Lossless,https://mega.nz/folder/gG0zjChR#g7pJLId0ERJlFkjwWEgLug
Eternal Atake [V1],"Gucci Socks*
(prod. Forza & Oogie Mane)
(BBL, Okay Sure, Lobster)",Full session for the leaked song 'Gucci Socks'.,N/A,"Jun 21, 2025",Session,Full,Lossless,https://mega.nz/folder/tHUWQBoR#Iegq_Qn_CBO22cXqMhq8AQ
Eternal Atake [V1],"I Don't Even*
(prod. Supah Mario)
(ONLY ONE, I Don't)","Full session for the song ""I Don't Even"".",N/A,"Nov 8, 2025",Session,Full,Lossless,https://mega.nz/folder/hfV3hIQS#UnmEWcY8RU9MwqrLtv7bwA
Eternal Atake [V1],"Long Life*
(prod. ???)
(Long Life)",Full session for the leaked song 'Long Life'.,N/A,"Nov 14, 2025",Session,Full,Lossless,https://mega.nz/folder/QDcFCbKa#bPoV-YC3t8vDIurtWBhkLg
Eternal Atake [V1],"Mr. Hit, No Miss*
(prod. Oogie Mane)
(Let's Go, Mr Hit No Miss, True Story, Whole Lotta Cases)","Full session for the song ""Mr Hit No Miss"".",N/A,"Oct 30, 2025",Session,Full,Lossless,https://mega.nz/folder/tKEFiCxR#hHiqR3wmMx52a_fk3KCABw
Eternal Atake [V1],"Shrooms*
(prod. Brandon Finessin, F1lthy & Loosie Man)
(Mushrooms, Shroomsies)","Full session for the leaked song 'Shrooms'.
Mega link was taken down by someone so they don't want this available for whatever reason",N/A,"Nov 5, 2025",Session,Full,Lossless,LINK NEEDED
Eternal Atake [V1],"Sauced*
(prod. Oogie Mane)
(lamb, Stay Swaggin', Whole Lotta Pot)","Full session for the song ""Sauced"".",N/A,"Nov 8, 2025",Session,Full,Lossless,https://mega.nz/folder/hekHyBRQ#qmftecyR0w0fe11h-02i8w
Eternal Atake [V1],"Not Mine*
(prod. ???)
(Not Mine)",Full session for the leaked song 'Not Mine'.,N/A,"Nov 14, 2025",Session,Full,Lossless,https://mega.nz/folder/tGtWBKrK#L4S_jDUo_30poQ6mI_eVSg
Eternal Atake [V1],"Walk Through*
(prod. Bugz Ronin)
(flamingo, On My Waist)",Full session for the leaked song 'Walk Through'.,N/A,"Nov 5, 2025",Session,Full,Lossless,https://mega.nz/folder/EX111LhI#m-tRdDqpLGhP05toeATVGg
Eternal Atake [V1],"G Herbo - 100M's
(feat. Lil Uzi Vert) (prod. DJ Victoriouz & Chase Davis)
(Like This, 100 Million)",Full session for the song 'Like This'.,N/A,"Feb 13, 2025",Instrumental,Full,Lossless,https://mega.nz/file/0GtF0K5b#9Yxb6XMvxvYqvE9TMwSsiteX51l-B6TF-LcDhswuwPs
,Eternal Atake [V2],,,,,,,
,Instrumentals,,,,,,,
Eternal Atake [V2],"Celebration Station
(prod. Brandon Finessin & Outtatown)",Instrumental for the released song 'Celebration Station'.,2:16,"Nov 1, 2022",Instrumental,Full,High Quality,https://pillows.su/f/b42f8107d6d61a3bfeed7c56c9383786
Eternal Atake [V2],"History*
(prod. Cellulins & Wright)",Instrumental for the unleaked song 'History'.,2:56,,Instrumental,Full,High Quality,LINK NEEDED
Eternal Atake [V2],"I'm Sorry
(prod. Brandon Finessin & StarBoy)","Instrumental for the released song 'I'm Sorry"".",2:15,"Nov 1, 2022",Instrumental,Full,High Quality,https://pillows.su/f/d898103bd62b70cc95111600502754ba
Eternal Atake [V2],"Rose Gold
(prod. Dolan Beatz)
(Money Reload)",Instrumental for the leaked song 'Rose Gold'. Beat was originally made in 2015. Features an intro unused on the song.,3:15,"Dec 9, 2024",Instrumental,Full,High Quality,https://pillows.su/f/eb39d3889eb009fba17014ff147c3e48
Eternal Atake [V2],"The Funny Way
(prod. Oogie Mane & Forza)
(Pack That)",Instrumental for the leaked song 'The Funny Way'. Forza played the full beat on his twitch livestream. The prod tags are muted while he recorded it.,~1:25,"Jan 22, 2023",Instrumental,Full,CD Quality,LINK NEEDED
Eternal Atake [V2],"Vivid
(prod. Dolan Beats)
(Shells 2, Capri Sun, One of the Greats, Leo)",Instrumental for the unleaked song 'Vivid'. Missing some additional production added when it was used by Uzi in 2019.,1:49,,Alt Instrumental,Full,High Quality,https://pillows.su/f/c93421d513234b65cdbd162224fcb093
Eternal Atake [V2],"Tyler, The Creator - IGOR'S THEME
(feat. Lil Uzi Vert & Solange) (prod. Tyler, The Creator)
(Intro, IGOR's (Intro))","Instrumental to ""IGOR'S THEME.""",3:26,"Feb 22, 2024",Instrumental,Full,CD Quality,LINK NEEDED
,Beat Loops,,,,,,,
Eternal Atake [V2],"Leo
(prod. Prince Chrishan)",Beat loop for 'Leo',0:10,,Beat Loop,Full,Lossless,LINK NEEDED
Eternal Atake [V2],"Wed And Thurs
(prod. Kado)
(Wednesday And Thursday, Take It To Heart, Lames)",Beat loop for 'Wed And Thurs',0:49,,Beat Loop,Full,CD Quality,https://pillows.su/f/72aef611dc5953f74b477797ffff20da
,Eternal Atake [V3],,,,,,,
,Instrumentals,,,,,,,
Eternal Atake [V3],"Audi
(prod. Oogie Mane, FaxOnlyBeats & Clibbbo)",Instrumental for the leaked song 'Audi'. Beat previewed on Oogie Manes' IG live.,,,Instrumental,Snippet,Recording,LINK NEEDED
Eternal Atake [V3],"Moon Relate
(prod. Kid808 & Danny Wolf)
(Related, Me And The Moon Relate)",2020 album version of the instrumental for 'Moon Relate'. Has some sfx in the intro that aren't on the song.,,"Apr 9, 2024",Instrumental,Full,CD Quality,https://pillows.su/f/d83217fa45441167d383dccb849a78b2
,"Pluto x Baby Pluto
(Collaboration with Future)",,,,,,,
,Instrumentals,,,,,,,
Pluto x Baby Pluto,"Patek
(w/ Future) (prod. Brandon Finessin & StarBoy)","Instrumental for the released song ""Patek"".",2:56,"Jul 28, 2022",Instrumental,Full,Lossless,https://pillows.su/f/a583dfebe7bcf63f68043d4b1a03c6bf
,Sessions,,,,,,,
Pluto x Baby Pluto,"Patek
(w/ Future) (prod. Brandon Finessin & StarBoy)","Session for 'Patek'. Leaked in full on March 19th, 2024. Leaked following a successful groupbuy, along with Patek OG.",N/A,"Mar 19, 2024",Session,Full,Lossless,LINK NEEDED
,"Forever Young
(Luv Is Rage 3, Soundcloud Tape, Pink Tape V1)",,,,,,,
,Instrumentals,,,,,,,
Forever Young,"3D Wrist [V2]
(prod. DP Beats)
(CD Wrist, 3D My Wrist)",Updated instrumental of '3D Wrist' from DP Beats that was used for the updated version.,2:53,"Apr 14, 2021",Instrumental,Full,Lossless,https://pillows.su/f/17503fc023b733fa66c2b821877957e5
Forever Young,"AB
(prod. Bertbeatz & LostKidSamy)
(Audemars Benz, Rockin' Diors)",Original instrumental for 'AB' before the beat was bought by Brandon and updated.,3:42,"Oct 10, 2025",Alt Instrumental,Full,High Quality,LINK NEEDED
Forever Young,"Beefing With Jesus*
(prod. Bloody Osiris, Brandon Finessin & Swvsh)
(Hurtin')",Instrumental for the unleaked song 'Beefing With Jesus*'.,2:52,,Instrumental,Full,High Quality,https://pillows.su/f/bbf44213f060c20c6443aec109847a8e
Forever Young,"Carlton
(prod. Harper & Lossados)
(Can't Stop, By The Morning)",Instrumental for the leaked song 'Carlton'.,3:20,"Dec 8, 2025",Instrumental,Full,CD Quality,LINK NEEDED
Forever Young,"Finessin Hearts Pt.2
(prod. DP Beats & PJ Pipe It Up)
(Part 2, Finessin Hearts 2, FH2)","Instrumental for the leaked song 'Finessin Hearts Pt.2'.
Original beat has slightly faster bpm",4:15,"Apr 14, 2021",Instrumental,Full,Lossless,LINK NEEDED
Forever Young,"Goose Chase
(prod. DP Beats)
(Sleep With A Bag, Johnny Cage)","Official instrumental for ""Sleep With A Bag"". Was intended to release on ""DP Vs The World 2"".",3:22,"Apr 14, 2021",Alt Instrumental,Full,Lossless,https://pillows.su/f/363e538ff35f3531b0cd5d2ef9347630
Forever Young,"McLaren
(feat. NoLimit Wet) (prod. DP Beats)
(Newz)",Official instrumental for McLaren. Posted by DP Beats on Soundcloud 2/18/23.,3:00,"Feb 18, 2023",Instrumental,Full,High Quality,https://pillows.su/f/5ef62ac0cfa508e3e5a9d120d28339ed
Forever Young,"Need You
(prod. Lyle Leduff, Lukrative & ???)",Alt instrumental for the leaked song 'Need You'.,2:06,"Apr 3, 2025",Alt Instrumental,Full,Lossless,https://pillows.su/f/2d340524ec76e501aac6477e61974157
Forever Young,"Not My Fault
(prod. Harper & Cooper Vengrove)
(Gucci Sneaks, Gucci Sneakers, Know Me)",Instrumental for the leaked song 'Not My Fault'.,3:09,"Dec 8, 2025",Instrumental,Full,CD Quality,LINK NEEDED
Forever Young,"Porsche*
(prod. Brandon Finessin & ShaunGoBrazy)
(Of Course 2)",Instrumental for the unleaked song 'Porsche'. Previewed by Brandon,,,Instrumental,Snippet,Recording,https://pillows.su/f/47765f8211878c127caeac7aa62b0360
Forever Young,"Slides
(prod. NAV, Pro Logic & Lilac)
(Say Some, Headroom, Head Room, Slide)",Alt instrumental for the leaked song 'Slides'. Slightly alternate production from actual song beat.,2:45,,Alt Instrumental,Full,High Quality,https://pillows.su/f/a30dd97bc4eff1ea1ddd21f19f7ff72b
Forever Young,"Swap
(prod. DP Beats & Ty Luminosity)
(I'll Swap That)","Instrumental for the leaked song 'Swap'.
Audio was screen recorded from a video so bad quality bugs",3:13,,Instrumental,Full,High Quality,https://pillows.su/f/fb453d887642b0037cd9e5cb3de513b3
Forever Young,"Young Stoner Life - Proud of You
(feat. Lil Uzi Vert & Yung Kayo) (prod. Bugz Ronin)",Instrumental for the released version of 'Proud of You'.,3:31,"Jun 28, 2022",Instrumental,Full,CD Quality,https://pillows.su/f/9e43ae95e461100a5e02fa960edf7ed5
,Beat Loops,,,,,,,
Forever Young,"Homies
(prod. TM88, Akachi, Radiate & DJ Moon)
(Show Me, On Me)",Beat loop for 'Homies'.,0:12,,Beat Loop,Full,Lossless,https://pillows.su/f/9b8385e234ddc593070eb473eed82b53
,Samples,,,,,,,
Forever Young,"Line
(prod. Mike WiLL Made-It)
(Halleiujah, Take My Time)","Sample from the leaked song 'Line"". Sampled song is Thank God For The Blood Part I by the Florida Mass Chior from the late 1980s. Sampled part is at 3:40.",15:04,"Nov 18, 2017",Sample,Full,CD Quality,https://www.youtube.com/watch?v=wev3nlORtUI
,Pink Tape [V1],,,,,,,
,Instrumentals,,,,,,,
Pink Tape [V1],"Emeralds
(prod. Brandon Finessin & Swvsh)
(Crush It)","Instrumental for the leaked song ""Emeralds"". Brandon previewed on IG",,,Instrumental,Partial,Recording,LINK NEEDED
Pink Tape [V1],"Lean
(prod. Maaly Raw)",Instrumental for the leaked song 'Lean'. Maaly Raw played it on his Twitch livestream.,,"Jan 26, 2025",Instrumental,Partial,High Quality,LINK NEEDED
Pink Tape [V1],"Red Wraith
(prod. Brandon Finessin, Only1Shredder & ​demarcxx)
(Aimless)",Instrumental for the leaked song 'Red Wraith'.,1:12,"Oct 10, 2025",Instrumental,Full,High Quality,LINK NEEDED
Pink Tape [V1],"Remember My Name
(prod. Brandon Finessin & Lukrative)
(No Brain)",Instrumental for the leaked song 'Remember My Name'.,,,Instrumental,Partial,Recording,LINK NEEDED
Pink Tape [V1],"NGeeYL - OFF-WHITE
(feat. Lil Uzi Vert)","Official instrumental for ""OFF-WHITE"".",,"Feb 28, 2022",Instrumental,Full,CD Quality,LINK NEEDED
,Sessions,,,,,,,
Pink Tape [V1],"Nigo - Heavy
(feat. Lil Uzi Vert) (prod. AXL, Brandon Finessin & CuBeatz)","Session for ""Heavy"". Was for sale by Wire on leaked.",N/A,,Session,Snippet,CD Quality,LINK NEEDED
,"Pink Tape [V2]
(RED & WHITE, Post Rehab Era, Jersey Club Tape, R&B Mix)",,,,,,,
,Instrumentals,,,,,,,
Pink Tape [V2],"Chopper
(prod. JRODthePROD & luvbayley)
(Whopper)",Instrumental for the unleaked song 'Chopper'.,3:12,"Aug 8, 2023",Instrumental,Full,High Quality,https://pillows.su/f/4d34f34b2df09f82e80d2a2dfddf4711
Pink Tape [V2],"Forty*
(prod. Akachi, BHeavy, Mackey & TTrendy)
(Missouri, Plus A .40)",Instrumental for 'Forty'. Previewed by Akachi in the Uzi hub stage.,,"Jul 12, 2025",Instrumental,Partial,High Quality,https://pillows.su/f/1683dac53656ccdad4ef67db2a53310a
Pink Tape [V2],"Guap
(prod. Akachi, iWeirdo & Sonickaboom)",Instrumental for the unleaked song 'Guap'. Previewed by Akachi in the Uzi hub stage.,,"Jul 12, 2025",Instrumental,Partial,High Quality,https://pillows.su/f/731cdcc8c8c11192444a07d2de5444e8
Pink Tape [V2],"How You Do That?*
(prod. Akachi, DP Beats & Kirk)
(Pokémon, Pokemon, Pokimon, Catch Her)",Instrumental for the leaked song 'How You Do That*'. Previewed by Akachi in the Uzi hub stage. DP Beats later played the whole beat on an IG post after the song leaked.,,"Jan 23, 2026",Instrumental,Full,High Quality,LINK NEEDED
Pink Tape [V2],"Just Wanna Rock
(prod. Mcvertt & Synthetic)
(Higher Power)",Instrumental for the released song 'Just Wanna Rock'.,1:00,"Aug 28, 2023",Instrumental,Full,Lossless,https://pillows.su/f/e9805dd57c40620aa24cebe21fc35007
Pink Tape [V2],"Muller
(prod. Akachi, Hendrix Smoke & Sonickaboom)
(Mueller, Get In There)",Instrumental for 'Muller'. Previewed by Akachi on IG live and later in the Uzi hub stage.,,"Jul 12, 2025",Instrumental,Partial,High Quality,"https://pillows.su/f/8bb3c390fba03a2b0a0644c04b09e6ac
https://pillows.su/f/aff95e0ecd9d7be923c2ffed50ab62c9"
Pink Tape [V2],"My Own Wave
(prod. Akachi, Hendrix Smoke & Spill)",Instrumental for the unleaked song 'My Own Way'. Previewed by Akachi in the Uzi hub stage.,,"Jul 12, 2025",Instrumental,Partial,High Quality,https://pillows.su/f/423b0db266b2846c58ab96e8e9c6757e
Pink Tape [V2],"Payroll
(prod. Brandon Finessin, Only1Shredder, & Spill)
(Diamonds, You Get It)",Instrumental for the unleaked song 'Payroll'. Previewed by Brandon on IG.,~3:11,"Oct 21, 2022",Instrumental,Full,Recording,https://pillows.su/f/dd103f337e14a3b1161361c3e8fd4679
Pink Tape [V2],"Ronda Rousey*
(prod. Akachi, Brent Rambo & gyro)
(Mileage, Jewels On Jewels)",Instrumental for Ronda Rousey. Previewed by Akachi in the Uzi hub stage.,,"Jul 12, 2025",Instrumental,Partial,High Quality,https://pillows.su/f/603ea8f99922963d8402d929855c707b
Pink Tape [V2],"Yeah
(prod. Akachi & Sonickaboom)
(E-Pill, E Pill, EPill)",Instrumental for 'Yeah'.,,"Jan 26, 2025",Instrumental,Snippet,High Quality,https://pillows.su/f/71fa70e93b2a221bf66c9115b2111325
,Pink Tape [V3],,,,,,,
,Instrumentals,,,,,,,
Pink Tape [V3],"666
(prod. Akachi & BHeavy)",Instrumental for the leaked song '666'. Previewed by Akachi in the Uzi hub stage.,,"Jul 12, 2025",Instrumental,Partial,High Quality,https://pillows.su/f/b821edec3757ef51f882ba7cdba516f7
Pink Tape [V3],"Bacardi [V1]
(prod. Brandon Finessin & Evan Picker)
(Not Eternal Atake)",Instrumental for the unleaked song 'Bacardi'. This is the original beat before Brandon even made his vocals.,,"Nov 10, 2025",Instrumental,Snippet,High Quality,https://pillows.su/f/0c9db43ee7270f7c503bfc81195e71ae
Pink Tape [V3],"Bound
(prod. Riff Grimez)
(Wicked, Pockets Got Fatter)",Instrumental for the leaked song 'Bound'. Posted to YT by the producer back in 2022.,3:00,"Apr 29, 2022",Instrumental,Full,High Quality,LINK NEEDED
Pink Tape [V3],"Braces
(prod. Pro Logic & AyoZVCH)
(Dogged Out)",Instrumental for the leaked song 'Braces'.,,"Dec 25, 2024",Instrumental,Snippet,CD Quality,LINK NEEDED
Pink Tape [V3],"Death
(prod. Riff Grimez)
(Dead, Walking Corpse)",Instrumental for the leaked song 'Death'. Posted to YT by the producer back in 2022.,3:00,"Jun 23, 2022",Instrumental,Full,High Quality,LINK NEEDED
Pink Tape [V3],"Gasolina
(prod. Rich Lou)",Instrumental for the unleaked song 'Gasolina'.,1:13,"Mar 25, 2024",Instrumental,Full,High Quality,https://pillows.su/f/d1a9d6562b61ae667b1694e07e0b2a8a
Pink Tape [V3],"Geek Monster
(prod. Akachi, Deedot Will, & Sonickaboom)","Instrumental for the leaked song 'Geek Monster'. Was previewed on Akachi's IG live on Dec 19, 2024. He later previewed it in the Uzi hub stage.",,"Jul 12, 2025",Instrumental,Partial,High Quality,LINK NEEDED
Pink Tape [V3],"Pink Day
(prod. Akachi & Lyle Leduff)",Instrumental for the leaked song 'Pink Day'. Previewed on Lyle's IG. Akachi later quickly snippeted it in the Uzi hub stage.,,"Jul 12, 2025",Instrumental,Partial,Recording,"https://pillows.su/f/35541fa4d3b69c0dd7d7731ee64e94d9
https://pillows.su/f/1fdb92e15c2648c02a24789320f275b2"
Pink Tape [V3],"Star, Star
(prod. Brandon Finessin & Only1Shredder)",Instrumental for the leaked song 'Star Star'.,,"Sep 28, 2025",Instrumental,Snippet,CD Quality,LINK NEEDED
Pink Tape [V3],"Tribal Tattoo
(prod. Brandon Finessin & ZeeGoinXrazy)",Instrumental for the leaked song 'Tribal Tattoo'. Previewed by ZeeGoinXrazy on a Twitch stream.,,"Mar 4, 2026",Instrumental,Snippet,CD Quality,https://pillows.su/f/81ed4aba7f5ac22ac9601d53cdbf5272
Pink Tape [V3],"VETEMENTS Jeans [V1]
(with Playboi Carti) (prod. Maaly Raw, Ambezza & OUTOFAIR)
(By Myself, Justin Bieber, Vetements)","Instrumental for the leaked song 'Vetements Jeans'. Previewed by Maaly Raw in a twitch stream. 
Beat name is not real, someone named it Justin Bieber because the song snippet was named this",,,Instrumental,Partial,High Quality,https://pillows.su/f/a193efa56f5e40ba0cbf828119547161
Pink Tape [V3],"x2
(prod. Ken Carson & Clif Shane)
(Too Kray)",Instrumental for the released song 'x2'.,3:54,"Oct 6, 2023",Instrumental,Full,CD Quality,https://pillows.su/f/59f9d3be810474c3aad94771233d1161
Pink Tape [V3],"DJ Khaled - SUPPOSED TO BE LOVED
(feat. Lil Baby, Future, & Lil Uzi Vert) (prod. DJ Khaled, TM88)",Instrumental for the released song 'SUPPOSED TO BE LOVED' by DJ Khaled.,,"Aug 16, 2023",Instrumental,Full,CD Quality,LINK NEEDED
,Acapellas,,,,,,,
Pink Tape [V3],"iann dior - V12
(feat. Lil Uzi Vert) (prod. Taz Taylor, Nick Mira & Cxdy)","OG Filename: 04 - V12 ACA MT MIX EDIT MIXV10 MT002
Official acapella for the iann dior song ""V12"" featuring Uzi.",2:57,"Mar 12, 2023",Acapella,Full,CD Quality,LINK NEEDED
Pink Tape [V3],7x Pink Tape Song Acapellas,"Ripped from the Dolby Atmos stems for Pink Tape, some are just the lead vocals, some have adlibs, songs missing weren't just the vocals and had other stems like the 808s etc mixed in, only these songs are just the vocals
Includes: Died and Came Back, I Gotta (Ridiculous), Mama I'm Sorry, Nakamura, Pluto To Mars, That Fiya, and x2",,"Aug 8, 2023",Acapella,Full,CD Quality,LINK NEEDED
,Sessions,,,,,,,
Pink Tape [V3],"Ain't Regular*
(prod. K RICH, London On Da Track, O.T Beats & Tone Deaf)","Full session for the song ""Ain't Regular"".",N/A,"Mar 23, 2024",Session,Full,Lossless,LINK NEEDED
Pink Tape [V3],"iann dior - V12
(feat. Lil Uzi Vert) (prod. Taz Taylor, Nick Mira & Cxdy)","Official acapella for the iann dior song ""V12"". Leaked March 12th, 2023.",,"Mar 12, 2023",Acapella,Full,CD Quality,LINK NEEDED
,Barter 16,,,,,,,
,Instrumentals,,,,,,,
Barter 16,"Alright
(prod. ​madd maks, Bugz Ronin, ‎xgiannii & Emildollaz)",Alt Instrumental for the leaked song 'Alright' using the same beat loop. Likely made long time before Uzi used the beat.,1:31,"Jan 13, 2025",Alt Instrumental,Full,CD Quality,LINK NEEDED
Barter 16,"Blow Da Whistle
(prod. R.L. Beats & Starborn)
(McWhistle, They Still Cry)",Instrumental for 'Blow Da Whistle' before Lyle Leduff added his production.,3:21,,Alt Instrumental,Full,CD Quality,https://pillows.su/f/104bfc03a55f1412fd5b8981d9e0b064
Barter 16,"Bob Marley
(prod. London on da Track, Chi Chi & ZiggyMadeIt)
(Smoke To The Face)",Instrumental for the leaked song 'Bob Marley'.,1:41,"Mar 20, 2024",Instrumental,Full,Lossless,https://pillows.su/f/7c9b2cbc956028baa5335de3d71eb7c3
Barter 16,"Chill Bae
(prod. Ike Beatz)
(Don't Do It)","Original instrumental to the released song ""Chill Bae"" before it was updated for Eternal Atake 2. Was previewed in an IG live by Ike Beatz on Aug 18, 2023.",N/A,"Aug 18, 2023",Alt Instrumental,Full,Recording,LINK NEEDED
Barter 16,"Fire Up*
(prod. London on da Track) (?)
(I Want 2 Love You)",Instrumental for the leaked song 'Fire Up'.,1:18,"Mar 19, 2024",Instrumental,Full,Lossless,https://pillows.su/f/d4e8a35b754a09e1d4de3a5ffb4db130
Barter 16,"Warrior
(prod. London on da Track & Metro Boomin)",Instrumental for the first version of 'Warrior'.,N/A,"Mar 22, 2024",Instrumental,Full,Lossless,https://pillows.su/f/2bd69ef4c6d8849484ca06a4cc423d89
,Sessions,,,,,,,
Barter 16,"Bob Marley
(prod. London on da Track, Chi Chi & ZiggyMadeIt)
(Smoke To The Face)",Full session for the song 'Bob Marley'.,N/A,"Mar 20, 2024",Session,Full,Lossless,https://mega.nz/file/NO8x3KaR#WK8XoF50MVLcVIRWrFxOI6vHwj7eSg16khFKElLSq_c
Barter 16,"Fire Up*
(prod. London on da Track) (?)
(I Want 2 Love You)","Full session for the song ""Fire Up/I Want 2 Love You"", seemingly has files only for 2nd version of song.",N/A,"Mar 19, 2024",Session,Full,CD Quality,LINK NEEDED
Barter 16,"Warrior
(prod. London on da Track & Metro Boomin)",Full session for the song 'Warrior'.,N/A,"Mar 22, 2024",Session,Full,Lossless,https://mega.nz/file/J38hUAhK#dOGQxuLc0uK7z2wvZS_0qfUHJzBQ8V7G11GZ21r2NEk
,LUV Is Rage 3 [V2],,,,,,,
,Instrumentals,,,,,,,
LUV Is Rage 3 [V2],"Mopar
(prod. RimaThugger)",Instrumental loop for the unleaked song 'Mopar'.,,"Nov 25, 2024",Instrumental,Full,High Quality,LINK NEEDED
LUV Is Rage 3 [V2],"Too Rich
(prod. Akachi & Good Charlotte)",Instrumental for the unleaked song 'Too Rich'. Previewed by Akachi in the Uzi hub stage.,,"Jul 12, 2025",Instrumental,Partial,High Quality,https://pillows.su/f/a0bd25ea008dc9c4cccc57713a128139
,Eternal Atake 2,,,,,,,
,Instrumentals,,,,,,,
Eternal Atake 2,"Binary Trigger [V1]
(prod. blonkoh & J Kari)
(Lil Uzi World, Let Luv Go)",Instrumental for the unleaked version of 'Binary Trigger'. Leaked by AMG.,2:18,"Mar 18, 2026",Instrumental,Full,High Quality,https://pillows.su/f/7a7308ec7cb44e5d594724560b211e51
Eternal Atake 2,"It's Okay*
(prod. Brandon Finessin, madd maks, & Prod Sohi)",Instrumental loop for the unleaked song 'It's Okay'.,,,Instrumental,Full,High Quality,LINK NEEDED
Eternal Atake 2,"Still Wanna Rock
(prod. MCVertt & Synthetic)
(Just Wanna Rock Pt. 2, Just Wanna Rock Remix)",Instrumental for the unleaked song 'Still Wanna Rock'.,,,Instrumental,Partial,Lossless,LINK NEEDED
,ALL WHITE,,,,,,,
,Instrumentals,,,,,,,
ALL WHITE,"Ball Baby*
(prod. Maaly Raw)
(Buy The Mall, Wassup Maaly, We Ball)","Instrumental for the unleaked song 'Ball Baby'. Said to be the 'original' beat from 2021, but this isn't confirmed.",,"Dec 15, 2024",Alt Instrumental,Snippet,High Quality,LINK NEEDED
,W.H.2.U,,,,,,,
,Instrumentals,,,,,,,
W.H.2.U,"Hansen Helly
(prod. ZeeGoinXrazy)",Instrumental for 'Hansen Helly'. Beat previewed be ZeeGoingXrazy on a Twitch stream.,,"Mar 4, 2026",Instrumental,Snippet,CD Quality,https://pillows.su/f/b2e3db0d8279a70f7b3a656f374eb887
,"LP 5
(W.H.2.U [V2], Cor(e))",,,,,,,
,Instrumentals,,,,,,,
LP 5,"What You Saying
(prod. MCVERTT)",Instrumental for the unreleased song 'What You Saying''. Taken from Uzi's website where it played in the background.,2:11,"Dec 21, 2025",Instrumental,Full,Lossless,LINK NEEDED
