Era,Name,Notes,Track Length,Date,Type,Streaming,Link(s)
,Music Of The Sun,"(February 20, 1988) Rihanna is born.
(August 29, 2005) Music Of The Sun is released.",,,,,
Music Of The Sun,"Pon de Replay
(prod. Vada Nobles, Evan Rogers & Carl Sturken)","Released as a single, later became track 1 on 'Music Of The Sun'.",4:06,"May 24, 2005",Album Track,Yes,https://open.spotify.com/track/4TsmezEQVSZNNPv5RJ65Ov?si=4b7b94b2c91a4485
Music Of The Sun,"Pon de Replay (Remix)
(feat. Elephant Man) (prod. Vada Nobles, Evan Rogers & Carl Sturken)","Released as a single, later became track 13 on 'Music Of The Sun (Bonus Track)'.",3:37,"May 24, 2005",Album Track,Yes,https://open.spotify.com/track/1B4iEymNy6FyU2I39ujzVw?si=42940028770944e8
Music Of The Sun,"If It's Lovin' That You Want
(prod. Poke and Tone, Evan Rogers, Spanador, Carl Sturken & Makeba Riddick)","Released as a single, later became track 3 on 'Music Of The Sun'.",3:28,"Aug 16, 2005",Album Track,Yes,https://open.spotify.com/track/4x2rgtSFOI4hRvEvDj02KP?si=a957abc9461a46e1
Music Of The Sun,"Here I Go Again 
(feat. J-Status) (prod. Evan Rogers & Carl Sturken)",Track 2 on 'Music Of The Sun'.,4:11,"Aug 29, 2005",Album Track,Yes,https://open.spotify.com/track/07gLSfLyr23jSKaUpRgR1B?si=7b6c4bffcc634c4e
Music Of The Sun,"You Don't Love Me (No, No, No) 
(feat. Vybz Kartel) (prod. Evan Rogers, Carl Sturken, Supa Dups & Chin-Quee)",Track 4 on 'Music Of The Sun'.,4:20,"Aug 29, 2005",Album Track,Yes,https://open.spotify.com/track/7wWU3G8lAYNkro19o1wsBc?si=f22b746dd56a4c79
Music Of The Sun,"That La, La, La
(prod. Full Force, Johnny Nice, Evan Rogers, Carl Sturken & Dernst Emile)",Track 5 on 'Music Of The Sun'.,3:45,"Aug 29, 2005",Album Track,Yes,https://open.spotify.com/track/2JMgGr5NopZc83ECon8MBj?si=5ad2b5704823488a
Music Of The Sun,"The Last Time
(prod. Evan Rogers & Carl Sturken)",Track 6 on 'Music Of The Sun'.,4:53,"Aug 29, 2005",Album Track,Yes,https://open.spotify.com/track/2IRrmMVmjvWQjJGY8LNuk5?si=acb219776bcc4589
Music Of The Sun,"Willing to Wait
(prod. Evan Rogers & Carl Sturken)",Track 7 on 'Music Of The Sun'.,4:38,"Aug 29, 2005",Album Track,Yes,https://open.spotify.com/track/5b41vHKBfpyEbmkJu6wtlH?si=02648d6bcc2e4eba
Music Of The Sun,"Music of the Sun
(prod. Evan Rogers & Carl Sturken)",Track 8 on 'Music Of The Sun'.,3:56,"Aug 29, 2005",Album Track,Yes,https://open.spotify.com/track/3vPkkIsaQ5NqOqvj7Ht8kR?si=a291fd3b506f4e75
Music Of The Sun,"Let Me
(prod. StarGate, Evan Rogers & Carl Sturken)",Track 9 on 'Music Of The Sun'.,3:56,"Aug 29, 2005",Album Track,Yes,https://open.spotify.com/track/4tAqWkqjX9bRSUpNcYviVf?si=b1724dab744e4898
Music Of The Sun,"Rush 
(feat. Kardinal Offishall) (prod. Evan Rogers & Carl Sturken)",Track 10 on 'Music Of The Sun'.,3:09,"Aug 29, 2005",Album Track,Yes,https://open.spotify.com/track/5NH2an2qR7M6ptHnxTfhP1?si=a005462528854394
Music Of The Sun,"There's a Thug in My Life 
(feat. J-Status) (prod. Rudy Maya, Evan Rogers & Carl Sturken)",Track 11 on 'Music Of The Sun'.,3:18,"Aug 29, 2005",Album Track,Yes,https://open.spotify.com/track/2O5rxPXXEFuvVfvsc85GX3?si=e2f8e9039dc24bc7
Music Of The Sun,"Now I Know
(prod. Evan Rogers & Carl Sturken)",Track 12 on 'Music Of The Sun'.,5:00,"Aug 29, 2005",Album Track,Yes,https://open.spotify.com/track/35Hibmn6fwoYVifZ9TKnWg?si=e2c5f47da8314a84
Music Of The Sun,"Should I? 
(feat. J-Status) (prod. Evan Rogers & Carl Sturken)",Track 14 on 'Music Of The Sun (UK and Japan Edition)'.,3:06,"Aug 29, 2005",Album Track,Yes,https://open.spotify.com/track/1PjeKX3GkxpbneIKZt7W2C?si=a6c6812e82dc4813
Music Of The Sun,"Hypnotized
(prod. Evan Rogers & Carl Sturken)",Track 15 on 'Music Of The Sun (Japan Edition)'.,4:15,"Aug 29, 2005",Album Track,No,https://krakenfiles.com/view/KrSgKkBg5L/file.html
,A Girl Like Me,"(August 29, 2005) Music Of The Sun is released.
(April 10, 2006) A Girl Like Me is released.",,,,,
A Girl Like Me,"If It's Lovin' That You Want (Remix) [Radio Edit]
(feat. Corey Gunz & Canei) (prod. Poke and Tone, Evan Rogers, Spanador, Carl Sturken & Makeba Riddick)",Released as a single.,3:51,"Sep 13, 2005",Remix,Yes,https://open.spotify.com/track/3SbtV8zftINvi2DlyCJlWy?si=92291585d641497c
A Girl Like Me,"SOS 
(prod. J.R. Rotem, Evan Rogers & Carl Sturken)","Released as a single, later became track 1 on 'A Girl Like Me'.",4:00,"Feb 13, 2006",Album Track,Yes,https://open.spotify.com/track/3sBmTwwsCwty2RNjOOvRVu?si=c5c82739c95f4893
A Girl Like Me,"SOS (Nevin's Glam Club Mix)
(prod. J.R. Rotem, Evan Rogers & Carl Sturken)",Released as a single.,7:43,"Feb 14, 2006",Remix,Yes,https://open.spotify.com/track/1QMN9kzedK30jcE9zPxuLy?si=cff08d692dd14b98
A Girl Like Me,"SOS (Nevin's Electrotek Edit)
(prod. J.R. Rotem, Evan Rogers & Carl Sturken)",Released as a single.,4:04,"Feb 14, 2006",Remix,Yes,https://open.spotify.com/track/5Nvs3ezCPZC94O5aJDE4IB?si=7788570f4e10421e
A Girl Like Me,"SOS (Nevin's Future-Retro Club)
(prod. J.R. Rotem, Evan Rogers & Carl Sturken)",Released as a single.,8:11,"Feb 14, 2006",Remix,Yes,https://open.spotify.com/track/2RtHO02XtMMP8UGM8FVVel?si=bde537e76dc54b9c
A Girl Like Me,"SOS (Nevin's Future-Retro Edit)
(prod. J.R. Rotem, Evan Rogers & Carl Sturken)",Released as a single.,4:11,"Feb 14, 2006",Remix,Yes,https://open.spotify.com/track/6dsnnU9epVO6XiWgYw3lkT?si=7276ee6295474c1f
A Girl Like Me,"SOS (Nevin's Electrotek Club Mix)
(prod. J.R. Rotem, Evan Rogers & Carl Sturken)",Released as a single.,7:05,"Feb 14, 2006",Remix,Yes,https://open.spotify.com/track/1FsnVaEb0HlVfYrXGjEeuP?si=a16161e101ce4af3
A Girl Like Me,"Kisses Dont Lie 
(prod. Evan Rogers & Carl Sturken)",Track 2 on 'A Girl Like Me'.,3:52,"Apr 10, 2006",Album Track,Yes,https://open.spotify.com/track/7txbzh10pVBKZmRXSjYxmR?si=37f803b6d36243d8
A Girl Like Me,"Unfaithful 
(prod. StarGate & Makeba Riddick)",Track 3 on 'A Girl Like Me'.,3:48,"Apr 10, 2006",Album Track,Yes,https://open.spotify.com/track/1oh6hjPd82XlGFQGUh2Jfa?si=6f5a9d5fcff942f7
A Girl Like Me,"We Ride 
(prod. StarGate, Evan Rogers & Carl Sturken)",Track 4 on 'A Girl Like Me'.,3:56,"Apr 10, 2006",Album Track,Yes,https://open.spotify.com/track/3e7aUCS2WvxoKx6LEDyOzh?si=ba595c3a5ff14ab8
A Girl Like Me,"Dem Haters 
(feat. Dwane Husbands) (prod. Mike City, Evan Rogers & Carl Sturken)",Track 5 on 'A Girl Like Me'.,4:19,"Apr 10, 2006",Album Track,Yes,https://open.spotify.com/track/7jP5dRMrHFQZblvBftHhbZ?si=05b1457f54324d2b
A Girl Like Me,"Final Goodbye
(prod. The Conglomerate, Evan Rogers & Carl Sturken)",Track 6 on 'A Girl Like Me'.,3:14,"Apr 10, 2006",Album Track,Yes,https://open.spotify.com/track/3JjwpZtcIKUB1PuWkWFwhv?si=1de017405871480e
A Girl Like Me,"Break It Off 
(feat. Sean Paul) (prod. Don Corleon)",Track 7 on 'A Girl Like Me'.,3:34,"Apr 10, 2006",Album Track,Yes,https://open.spotify.com/track/4mYvuqbaWcIP3RNn1mkOYP?si=64bdb738807c4b09
A Girl Like Me,"Crazy Little Thing Called Love 
(feat. J-Status) (prod. Gussie Clarke, Evan Rogers & Carl Sturken)",Track 8 on 'A Girl Like Me'.,3:23,"Apr 10, 2006",Album Track,Yes,https://open.spotify.com/track/5tXKUlGgXbUkr3cyT1ivWn?si=fe3506b1c7bc45c3
A Girl Like Me,"Selfish Girl
(prod. Evan Rogers & Carl Sturken)",Track 9 on 'A Girl Like Me'.,3:38,"Apr 10, 2006",Album Track,Yes,https://open.spotify.com/track/5fqRwaqk8OdNlcTdljwBuf?si=8c964e6acdfc4711
A Girl Like Me,"P.S. (I'm Still Not Over You)
(prod. Evan Rogers & Carl Sturken)",Track 10 on 'A Girl Like Me'.,4:11,"Apr 10, 2006",Album Track,Yes,https://open.spotify.com/track/49Uz3voxLt1j858YkOKn5R?si=946b6e9b0b3741a9
A Girl Like Me,"A Girl Like Me
(prod. Evan Rogers & Carl Sturken)",Track 11 on 'A Girl Like Me'.,4:18,"Apr 10, 2006",Album Track,Yes,https://open.spotify.com/track/53UymfuapLTAv8dGjOXrId?si=c4e6debf89aa4099
A Girl Like Me,"A Million Miles Away
(prod. Evan Rogers & Carl Sturken)",Track 12 on 'A Girl Like Me'.,4:11,"Apr 10, 2006",Album Track,Yes,https://open.spotify.com/track/09U6PbyADhwuezLa2RgQ9r?si=ed7801a2d4614b2a
A Girl Like Me,"If It's Lovin' That You Want (Part 2)
(feat. Cory Gunz) (prod. Poke and Tone, Spanador, Evan Rogers, Carl Sturken, Makeba Riddick & StarGate)",Track 13 on 'A Girl Like Me (Bonus Track)'.,4:08,"Apr 10, 2006",Album Track,Yes,https://open.spotify.com/track/22YsipUaMKQecPUy6uRNQn?si=8a53f6dd22434eea
A Girl Like Me,"Pon de Replay (Full Phatt Remix)
(prod. Matt Ward, Vada Nobles, Evan Rogers & Carl Sturken)",Track 14 on 'A Girl Like Me (Bonus Track)'.,3:21,"Apr 10, 2006",Album Track,Yes,https://open.spotify.com/track/34fYK1svsTZnI0UfyW8WH3?si=b382d6fe1f01490a
A Girl Like Me,"Who Ya Gonna Run To
(prod. Evan Rogers & Carl Sturken)",Track 14 on 'A Girl Like Me (Japan Edition)'.,4:01,"Apr 10, 2006",Album Track,No,https://krakenfiles.com/view/GX8jjUGv5A/file.html
A Girl Like Me,"Coulda Been the One
(prod. Evan Rogers & Carl Sturken)",Track 16 on 'A Girl Like Me (Japan Edition)'.,3:28,"Apr 10, 2006",Album Track,No,https://krakenfiles.com/view/szK7EwILgd/file.html
A Girl Like Me,"Unfaithful (Tony Moran Radio Mix)
(prod. StarGate & Makeba Riddick)",Track 1 on 'Unfaithful'.,4:15,"May 2, 2006",Remix,Yes,https://open.spotify.com/track/2wfhLX943B8CVrgMAFNu7y?si=8488951a999146a5
A Girl Like Me,"Unfaithful (Hamel Radio Edit)
(prod. StarGate & Makeba Riddick)",Track 2 on 'Unfaithful'.,3:53,"May 2, 2006",Remix,Yes,https://open.spotify.com/track/3S72ZBLY3K7plFNhSPFQyQ?si=9e84af68de5d44e8
A Girl Like Me,"Unfaithful (Maurice's Radio Edit)
(prod. StarGate & Makeba Riddick)",Track 3 on 'Unfaithful'.,3:38,"May 2, 2006",Remix,Yes,https://open.spotify.com/track/0Y9zbDG6uDDpHCqNm8FDq9?si=a3cb81ffc2d94265
A Girl Like Me,"Unfaithful (Tony Moran Club Mix)
(prod. StarGate & Makeba Riddick)",Track 4 on 'Unfaithful'.,9:08,"May 2, 2006",Remix,Yes,https://open.spotify.com/track/4NxWpxnLvLoOZpqZXKN7ru?si=043eeaa30e5741a9
A Girl Like Me,"Unfaithful (Hamel Club Mix)
(prod. StarGate & Makeba Riddick)",Track 5 on 'Unfaithful'.,8:48,"May 2, 2006",Remix,Yes,https://open.spotify.com/track/3782E51F9V2mOhXFTuPHm4?si=0cbd9c7586c3423f
A Girl Like Me,"Unfaithful (Maurice's Club Mix)
(prod. StarGate & Makeba Riddick)",Track 6 on 'Unfaithful'.,6:57,"May 2, 2006",Remix,Yes,https://open.spotify.com/track/2KgNwhGZC0yvVqLHD25Ln6?si=1d4e3976deae42af
A Girl Like Me,Unfaithful (AOL Music Sessions),Track 7 on 'Unfaithful'.,3:49,"May 2, 2006",Remix,Yes,https://open.spotify.com/track/17zVM8feyZDoZi0yporsxy?si=12c27d7dc9314cd3
A Girl Like Me,"Unfaithful (Reavers Remix)
(prod. StarGate & Makeba Riddick)",Released as a single.,3:39,"May 2, 2006",Remix,Yes,https://open.spotify.com/track/6yOtUYBlSUL9KcZuT4DYD2?si=47205ff02a684462
A Girl Like Me,"Unfaithful (Nu Soul Remix)
(prod. StarGate, Makeba Riddick & Nu Soul)","Released as a single, later became track 5 on 'A Girl Like Me (German Deluxe Edition Bonus Disc)'.",6:55,"May 2, 2006",Remix,Yes,https://open.spotify.com/track/3IpIpz0LhodukklhbXWTZV?si=1582f192add44f01
,Good Girl Gone Bad,"(April 10, 2006) A Girl Like Me is released.
(June 2, 2008) Good Girl Gone Bad: Reloaded is released.",,,,,
Good Girl Gone Bad,"Cham - Boom Boom
(feat. Rihanna) (prod. Dave Kelly)",Track 9 on 'Ghetto Story'.,4:13,"Aug 15, 2006",Feature,Yes,https://open.spotify.com/track/1SKDW8Cz4332mgdItZtBHx?si=cb700c3dfb26420c
Good Girl Gone Bad,It Just Don't Feel Like Xmas (Without You),Track 17 on disc 2 of 'Now That's What I Call Christmas! 3'.,3:49,"Oct 10, 2006",Feature,No,https://krakenfiles.com/view/0xzDrCv8UT/file.html
Good Girl Gone Bad,"The Hotness
(feat. Shontelle)",Track 5 on 'Save The Last Dance 2: Music From and Inspired By'.,3:11,"Nov 14, 2006",Feature,Yes,https://open.spotify.com/track/1Y34VwFToGa6gAPxUdr0Rf?si=74ddbd36e9534e3a
Good Girl Gone Bad,"J-Status - Roll It
(feat. Rihanna & Shontelle) (prod. Carl Sturken & Evan Rogers)",Released as a single.,3:58,"Feb 12, 2007",Feature,No,https://krakenfiles.com/view/ZJHjincful/file.html
Good Girl Gone Bad,"Umbrella
(feat. JAY-Z) (prod. Tricky Stewart & Kuk Harrell)","Released as a single, later became track 1 on 'Good Girl Gone Bad'.",4:35,"Mar 29, 2007",Album Track,Yes,https://open.spotify.com/track/4ywSrmvEIb6cyr3ELUVCHb?si=df363bbb74e44dbf
Good Girl Gone Bad,"Umbrella (Radio Edit)
(feat. JAY-Z) (prod. Tricky Stewart & Kuk Harrell)",Released as a single.,4:17,"Mar 29, 2007",Single,Yes,https://open.spotify.com/track/113v1MA9MTShy98uCz37nO?si=ca226ed11d3c4100
Good Girl Gone Bad,"Maroon 5 - If I Never See Your Face Again
(feat. Rihanna) (prod. Mark Endert, Mike Elizondo, Mark Stent, Tricky Stewart & Maroon 5)",Released as track 1 on 'It Won't Be Soon Before Long' by Maroon 5 and later became track 15 on 'Good Girl Gone Bad: Reloaded'.,3:18,"May 16, 2007",Album Track,Yes,https://open.spotify.com/track/78WpbrDFPLXP01g5SnFjhr?si=5de2ce018f8b40c8
Good Girl Gone Bad,"Push Up On Me
(prod. J.R. Rotem & Makeba Riddick)",Track 2 on 'Good Girl Gone Bad'.,3:15,"May 31, 2007",Album Track,Yes,https://open.spotify.com/track/7jdB1E2EINREEmYFaZ2AUO?si=f5e497d364d746ed
Good Girl Gone Bad,"Don't Stop The Music
(prod. StarGate)",Track 3 on 'Good Girl Gone Bad'.,4:27,"May 31, 2007",Album Track,Yes,https://open.spotify.com/track/3YGg9SjRxud5aWsEjllwXZ?si=93cdbea1964c40e9
Good Girl Gone Bad,"Breakin' Dishes
(prod. Tricky Stewart & Kuk Harrell)",Track 4 on 'Good Girl Gone Bad'.,3:20,"May 31, 2007",Album Track,Yes,https://open.spotify.com/track/560oOrmNQMUyjICV9DsXZY?si=a2c852e8704a4317
Good Girl Gone Bad,"Shut Up And Drive
(prod. Evan Rogers & Carl Sturken)",Track 5 on 'Good Girl Gone Bad'.,3:33,"May 31, 2007",Album Track,Yes,https://open.spotify.com/track/0vLKGJ2znvS28YimUEGIP2?si=ac969309467e462d
Good Girl Gone Bad,"Hate That I Love You
(feat. Ne-Yo) (prod. StarGate & Ne-Yo)",Track 6 on 'Good Girl Gone Bad'.,3:39,"May 31, 2007",Album Track,Yes,https://open.spotify.com/track/4PnD8mnkDCbFAegRx7b8fJ?si=35cd4407c6d44461
Good Girl Gone Bad,"Say It
(prod. Neo da Matrix & Makeba Riddick)",Track 7 on 'Good Girl Gone Bad'.,4:10,"May 31, 2007",Album Track,Yes,https://open.spotify.com/track/5eSN0gIPPQid4fmcOaRCca?si=4f4611f009a24bff
Good Girl Gone Bad,"Sell Me Candy
(prod. Timbaland, Makeba Riddick & The-Dream)",Track 8 on 'Good Girl Gone Bad'.,2:45,"May 31, 2007",Album Track,Yes,https://open.spotify.com/track/6lxHQ38x0y9V93ftTiu4v9?si=c889fc5847674a07
Good Girl Gone Bad,"Lemme Get That
(prod. Timbaland & The-Dream)",Track 9 on 'Good Girl Gone Bad'.,3:41,"May 31, 2007",Album Track,Yes,https://open.spotify.com/track/6KEa4pHjBvoYht2B6xjNVI?si=7e9ce7d9ab9e48c9
Good Girl Gone Bad,"Rehab
(prod. Timbaland, Justin Timberlake & Hannon Lane)",Track 10 on 'Good Girl Gone Bad'.,4:54,"May 31, 2007",Album Track,Yes,https://open.spotify.com/track/7vxC3652YfsKbCiJtKGSWz?si=0bb7a3239bbd4f93
Good Girl Gone Bad,"Question Existing
(prod. Shea Taylor, Ne-Yo & Makeba Riddick)",Track 11 on 'Good Girl Gone Bad'.,4:08,"May 31, 2007",Album Track,Yes,https://open.spotify.com/track/1CMjszubDuwtTAxVnHPcM9?si=00c3e99302544d78
Good Girl Gone Bad,"Good Girl Gone Bad
(prod. StarGate, Ne-Yo & Makeba Riddick)",Track 12 on 'Good Girl Gone Bad'.,3:35,"May 31, 2007",Album Track,Yes,https://open.spotify.com/track/11SxwBmE19ACmBpokmHgN5?si=25fa863c69c64d2e
Good Girl Gone Bad,"Cry
(prod. StarGate)",Track 13 on 'Good Girl Gone Bad (UK and Japan Edition)'.,3:53,"May 31, 2007",Album Track,Yes,https://open.spotify.com/track/6Jv7JCS9PnI6Oy51SyEWKL?si=edde529d9e8d48d2
Good Girl Gone Bad,"Haunted
(prod. Evan Rogers & Carl Sturken)",Track 14 on 'Good Girl Gone Bad (Japan Edition)'.,4:09,"May 31, 2007",Album Track,Yes,https://open.spotify.com/track/0pWVZg8ca0tvyT5ARcejsU?si=4c03e799eaac4c40
Good Girl Gone Bad,"Shut Up And Drive (Instrumental)
(prod. Evan Rogers & Carl Sturken)",Released as a single.,3:32,"Jun 12, 2007",Single,Yes,https://open.spotify.com/track/3OZUqdfhREUTiz70iLaPHp?si=2bac228d3f1e491d
Good Girl Gone Bad,"Fabolous - First Time
(feat. Rihanna) (prod. Big Tank)",Track 9 on 'From Nothin' To Somethin''.,3:53,"Jun 12, 2007",Feature,Yes,https://open.spotify.com/track/53Cz5Oi15GOwuBom8XzGAB?si=a9ba55f01c6c4225
Good Girl Gone Bad,"Umbrella (Seamus Haji & Paul Emanuel Radio Edit)
(feat. JAY-Z) (prod. Tricky Stewart & Kuk Harrell)",Track 1 on 'Umbrella (Remixes)'.,3:59,"Jul 31, 2007",Remix,Yes,https://open.spotify.com/track/3OuufuzYHswev5AfN0gQ1Z?si=88354e0d92454ae8
Good Girl Gone Bad,"Umbrella (Joy den Broeder Lush Radio Edit)
(feat. JAY-Z) (prod. Jody Den Broeder, Tricky Stewart & Kuk Harrell)",Track 2 on 'Umbrella (Remixes)'.,4:39,"Jul 31, 2007",Remix,Yes,https://open.spotify.com/track/2QYtXNABoSIyVXV2kaITS3?si=ad41270f345c40cd
Good Girl Gone Bad,"Umbrella (Joy den Broeder Destruction Radio Edit)
(feat. JAY-Z) (prod. Joy den Broeder, Tricky Stewart & Kuk Harrell)",Track 3 on 'Umbrella (Remixes)'.,4:24,"Jul 31, 2007",Remix,Yes,https://open.spotify.com/track/6fUL9fwYoI9JDryFAg2C7D?si=7e97f4a3e7764ee4
Good Girl Gone Bad,"Umbrella (The Lindbergh Palace Radio Edit)
(feat. JAY-Z) (prod. Tricky Stewart & Kuk Harrell)",Track 4 on 'Umbrella (Remixes)'.,3:53,"Jul 31, 2007",Remix,Yes,https://open.spotify.com/track/1vnH4FEPGOft3lpxkpmBhg?si=011cf11cb5b24603
Good Girl Gone Bad,"Umbrella (Seamus Haji & Paul Emanuel Club Remix)
(feat. JAY-Z) (prod. Tricky Stewart & Kuk Harrell)",Track 5 on 'Umbrella (Remixes)'.,6:32,"Jul 31, 2007",Remix,Yes,https://open.spotify.com/track/2oa27cZ4LpUKFfmCpg7K1n?si=4e2fc8b29b024c49
Good Girl Gone Bad,"Umbrella (Joy den Broeder Lush Club Remix)
(feat. JAY-Z) (prod. Joy den Broeder, Tricky Stewart & Kuk Harrell)",Track 6 on 'Umbrella (Remixes)'.,9:12,"Jul 31, 2007",Remix,Yes,https://open.spotify.com/track/5IeURwP0DdGryXQanFtfz2?si=e4f85cc025c64b7d
Good Girl Gone Bad,"Umbrella (Joy den Broeder Destruction Remix)
(feat. JAY-Z) (prod. Joy den Broeder, Tricky Stewart & Kuk Harrell)",Track 7 on 'Umbrella (Remixes)'.,7:55,"Jul 31, 2007",Remix,Yes,https://open.spotify.com/track/4GxCjfP9y3xe1HnLUyEbgi?si=e45ba1402d984801
Good Girl Gone Bad,"Umbrella (The Lindbergh Palace Remix)
(feat. JAY-Z) (prod. Tricky Stewart & Kuk Harrell)",Track 8 on 'Umbrella (Remixes)'.,7:53,"Jul 31, 2007",Remix,Yes,https://open.spotify.com/track/48YcEPc0MrPOMxS7qBpiyU?si=52e7567d95a34d8c
Good Girl Gone Bad,"Umbrella (The Lindbergh Palace Dub)
(feat. JAY-Z) (prod. Tricky Stewart & Kuk Harrell)",Track 9 on 'Umbrella (Remixes)'.,6:45,"Jul 31, 2007",Remix,Yes,https://open.spotify.com/track/1XchAVUC70m7K2gkfNqjOz?si=202e97bcac5a43b6
Good Girl Gone Bad,"Hate That I Love You (K-Klassic Remix)
(feat. Ne-Yo) (prod. StarGate & Ne-Yo)",Released as a single.,7:41,"Aug 21, 2007",Remix,Yes,https://open.spotify.com/track/1YrSCzRqwbnJ69kOHAk4ns?si=8aa501f285124bfc
Good Girl Gone Bad,"Don't Stop The Music (Wideboys Remix)
(prod. StarGate)",Track 2 on 'Don't Stop The Music'.,6:38,"Sep 9, 2007",Remix,Yes,https://open.spotify.com/track/7Ht0maVarro4JV90wnUN6t?si=d1f425472f1342cd
Good Girl Gone Bad,"The-Dream - Livin' A Lie
(feat. Rihanna) (prod. Tricky Stewart & The-Dream)",Track 11 on 'Love/Hate'.,4:16,"Dec 11, 2007",Feature,Yes,https://open.spotify.com/track/1hdrUut5lPr743e6PzKQhj?si=1e64a6a064e54567
Good Girl Gone Bad,"Elephant Man - Throw Your Hands Up
(feat. Rihanna) (prod. Willie Daniels & Ritchie D)",Track 4 on 'Let's Get Physical'.,3:23,"Apr 8, 2008",Feature,Yes,https://open.spotify.com/track/1TRbvuKSX62evlrMH5BHMm?si=21e6509eadd24593
Good Girl Gone Bad,"Take A Bow
(prod. StarGate & Ne-Yo)","Released as a single, later became track 14 on 'Good Girl Gone Bad: Reloaded'.",3:49,"Apr 15, 2008",Album Track,Yes,https://open.spotify.com/track/6Cv09gbV6mHXshhiHE1JO4?si=5e55568ec6d64363
Good Girl Gone Bad,"Don't Stop The Music (Solitaire's More Drama Remix)
(prod. StarGate, Lewis Dene & Albert Castillo)",Released as track 2 on 'Take A Bow'.,8:05,"Apr 15, 2008",Remix,Yes,https://open.spotify.com/track/6HTLsFOSNBukG2WlijwMPh?si=f850a122200d4c1c
Good Girl Gone Bad,"Take A Bow (Seamus Haji & Paul Emmanuel Club)
(prod. Seamus Haji, Paul Emmanuel, StarGate & Ne-Yo)",Track 1 on 'Take A Bow (Remixes)'.,8:34,"Apr 15, 2008",Remix,Yes,https://open.spotify.com/track/4mhO8YlID3EMRSk11Nuhb8?si=6d33147224754b03
Good Girl Gone Bad,"Take A Bow (Tony Moran & Warren Riggs Encore Club)
(prod. StarGate & Ne-Yo)",Track 2 on 'Take A Bow (Remixes)'.,8:17,"Apr 15, 2008",Remix,Yes,https://open.spotify.com/track/2zkdO6Df7EcRAt3xKPMsvY?si=173ed22ff7664a90
Good Girl Gone Bad,"Take A Bow (Groove Junkies MoHo Club)
(prod. StarGate & Ne-Yo)",Track 3 on 'Take A Bow (Remixes)'.,7:21,"Apr 15, 2008",Remix,Yes,https://open.spotify.com/track/2NoWqtkSfOp6jzbfFJ57cx?si=33bbd242bfa34e28
Good Girl Gone Bad,"Take A Bow (Subkulcha Club)
(prod. Skubkulcha, StarGate & Ne-Yo)",Track 4 on 'Take A Bow (Remixes)'.,6:16,"Apr 15, 2008",Remix,Yes,https://open.spotify.com/track/23eMKr2WkcCFuHBlC8F2AQ?si=99601eabafb14281
Good Girl Gone Bad,"Take A Bow (Groove Junkies MoHo Dub)
(prod. StarGate & Ne-Yo)",Track 5 on 'Take A Bow (Remixes)'.,6:41,"Apr 15, 2008",Remix,Yes,https://open.spotify.com/track/2CbmPhrszXO0JwpJf1yOM7?si=ea3e2228df7849e0
Good Girl Gone Bad,"Take A Bow (Groove Junkies MoHo Radio Edit)
(prod. StarGate & Ne-Yo)",Released as a single.,3:52,"Apr 15, 2008",Remix,Yes,https://open.spotify.com/track/0yYpZHDTupD3nZVZhNr3JL?si=a108d4ead5364f10
Good Girl Gone Bad,"Disturbia
(prod. Brian Kennedy & Makeba Riddick)",Track 13 on 'Good Girl Gone Bad: Reloaded'.,3:58,"Jun 2, 2008",Album Track,Yes,https://open.spotify.com/track/2FNhisxqysinB376qORaJK?si=3978d6b5085c48a9
Good Girl Gone Bad,"Disturbia (Instrumental)
(prod. Brian Kennedy & Makeba Riddick)",Released as a single.,3:58,"Jun 17, 2008",Single,Yes,https://open.spotify.com/track/7D2RdIjQf1gFwD70N6ZjUT?si=689d364756af4e42
Good Girl Gone Bad,"Disturbia (Jody Den Broeder Bum Bum Dub)
(prod. Brian Kennedy & Makeba Riddick)",Released as a single.,8:15,"Jun 17, 2008",Remix,Yes,https://open.spotify.com/track/7ihweBykszuZnf9vj306d1?si=5a1275c7b46d4710
Good Girl Gone Bad,"Rehab (Instrumental)
(prod. Timbaland, Justin Timberlake & Hannon Lane)",Released as a single.,4:54,"Dec 12, 2008",Single,Yes,https://open.spotify.com/track/1ci88eLtj8Ko8REJhzxnqw?si=06c7f06283984530
Good Girl Gone Bad,"Disturbia (Jody den Broeder Remix)
(prod. Brian Kennedy & Jody den Broeder)",Track 1 on 'Disturbia (Craig C's Master Radio Mix - Exclusive Edit' and later became track 2 on 'Good Girl Gone Bad: The Remixes'.,3:52,"Jan 27, 2009",Remix,Yes,https://open.spotify.com/track/3empwGY5IFwaRgn5R8r1p1?si=ec3482d7ce3f4811
Good Girl Gone Bad,"Disturbia (Craig C's Master Radio Mix)
(prod. Brian Kennedy & Makeba Riddick)",Track 2 on 'Disturbia (Craig C's Master Radio Mix - Exclusive Edit'.,3:54,"Jan 27, 2009",Remix,Yes,https://open.spotify.com/track/1AewmO0KabvwxiScYHEf7U?si=334fc23beae44db1
Good Girl Gone Bad,"Disturbia (Craig C and Nique's Master Radio Mix)
(prod. Brian Kennedy & Makeba Riddick)",Track 3 on 'Disturbia (Craig C's Master Radio Mix - Exclusive Edit'.,4:02,"Jan 27, 2009",Remix,Yes,https://open.spotify.com/track/6RdMU1dDOV2V0hNu3t3DlK?si=e02b7e6896794765
Good Girl Gone Bad,"Disturbia (Craig C and Nique's Tribal Mayhem Mix)
(prod. Brian Kennedy & Makeba Riddick)",Track 4 on 'Disturbia (Craig C's Master Radio Mix - Exclusive Edit'.,8:21,"Jan 27, 2009",Remix,Yes,https://open.spotify.com/track/1lkRqleTfOe62gperSkdoC?si=18cb2caab7c64451
Good Girl Gone Bad,"Disturbia (Craig C's Disturbstramental Mix)
(prod. Brian Kennedy & Makeba Riddick)",Track 5 on 'Disturbia (Craig C's Master Radio Mix - Exclusive Edit'.,9:18,"Jan 27, 2009",Remix,Yes,https://open.spotify.com/track/7736UsyjV5kmkKS4Oq3FX4?si=882924ba630b49ad
Good Girl Gone Bad,"Disturbia (Craig C and Nique's Bom Dub Mix)
(prod. Brian Kennedy & Makeba Riddick)",Track 6 on 'Disturbia (Craig C's Master Radio Mix - Exclusive Edit'.,8:21,"Jan 27, 2009",Remix,Yes,https://open.spotify.com/track/7j6yxw58zUWdX2hrmqJxoP?si=b3ad539bec384f8b
Good Girl Gone Bad,"Umbrella (Seamus Haji & Paul Emanuel Remix)
(feat. JAY-Z) (prod. Tricky Stewart, Seamus Haji & Paul Emanuel)",Track 1 on 'Good Girl Gone Bad: The Remixes'.,3:58,"Jan 27, 2009",Remix,Yes,https://open.spotify.com/track/2b15tXMkdnrTVmTxktq7Tq?si=954f116de24e42ab
Good Girl Gone Bad,"Shut Up And Drive (Wideboys Remix)
(prod. Carl Sturken, Evan Rogers & Wideboys)",Track 3 on 'Good Girl Gone Bad: The Remixes'.,3:39,"Jan 27, 2009",Remix,Yes,https://open.spotify.com/track/1XekHLeG9WMs4Iy4EbbvCR?si=52c7db1bc1594d5f
Good Girl Gone Bad,"Don't Stop The Music (Wideboys Remix)
(prod. StarGate & Wideboys)",Track 4 on 'Good Girl Gone Bad: The Remixes'.,3:10,"Jan 27, 2009",Remix,Yes,https://open.spotify.com/track/29C7Be2EngZnn7GSK3dDOW?si=0483cd911d204cad
Good Girl Gone Bad,"Take A Bow (Tony Moran & Warren Rigg Remix)
(prod. StarGate, Ne-Yo, Tony Moran & Warren Rigg)",Track 5 on 'Good Girl Gone Bad: The Remixes'.,4:02,"Jan 27, 2009",Remix,Yes,https://open.spotify.com/track/7tcxXaD8pklUOIUIrwVUhx?si=430eeca4e5834445
Good Girl Gone Bad,"Breakin' Dishes (Soul Seekerz Remix)
(prod. Tricky Stewart & Soul Seekerz)",Track 6 on 'Good Girl Gone Bad: The Remixes'.,3:19,"Jan 27, 2009",Remix,Yes,https://open.spotify.com/track/6Z5yD9aOtXVWYwIBQy6KPM?si=bba74422dfed4dc1
Good Girl Gone Bad,"Hate That I Love You (K-Klassic Remix)
(feat. Ne-Yo) (prod. StarGate & L-Klass)",Track 7 on 'Good Girl Gone Bad: The Remixes'.,3:58,"Jan 27, 2009",Remix,Yes,https://open.spotify.com/track/6SqkAuZuDhQmY0p2s8T1m0?si=dbda9bb2869f4a21
Good Girl Gone Bad,"Question Existing (Wideboys Remix)
(prod. Shea Taylor, Ne-Yo & Wideboys)",Track 8 on 'Good Girl Gone Bad: The Remixes'.,3:40,"Jan 27, 2009",Remix,Yes,https://open.spotify.com/track/1K0wvTTsG6UAGF68xUmUc3?si=69aa81e77b6b447e
Good Girl Gone Bad,"Push Up On Me (Moto Blanco Remix)
(prod. J.R. Rotem & Moto Blanco)",Track 9 on 'Good Girl Gone Bad: The Remixes'.,3:28,"Jan 27, 2009",Remix,Yes,https://open.spotify.com/track/4whG6kcgqybA84DBbgwQkQ?si=6e605e87e0d546e0
Good Girl Gone Bad,"Good Girl Gone Bad (Soul Seekerz Remix)
(prod. StarGate & Soul Seekerz)",Track 10 on 'Good Girl Gone Bad: The Remixes'.,3:29,"Jan 27, 2009",Remix,Yes,https://open.spotify.com/track/2JW9OfqzIrJDJGx0kVEC6n?si=d9882b3b522b475e
Good Girl Gone Bad,"Say It (Soul Seekerz Remix)
(prod. Neo da Matrix & Soul Seekerz)",Track 11 on 'Good Girl Gone Bad: The Remixes'.,4:21,"Jan 27, 2009",Remix,Yes,https://open.spotify.com/track/6P1pkjx7cMDKBU1TP7CqHY?si=ca991098eb5841b8
Good Girl Gone Bad,"Umbrella (Lindbergh Palace Remix)
(feat. JAY-Z) (prod. Tricky Stewart & Lindbergh Palace)",Track 12 on 'Good Girl Gone Bad: The Remixes'.,3:53,"Jan 27, 2009",Remix,Yes,https://open.spotify.com/track/5oWg1pM72PUl0ytKEot3LP?si=47f664695ce9403c
,Rated R,"(June 2, 2008) Good Girl Gone Bad: Reloaded is released.
(November 20, 2009) Rated R is released.",,,,,
Rated R,"Artists Stand Up To Cancer - JUST STAND UP!
(with Mariah Carey, Rihanna, Beyonce, Mary J. Blige, Fergie, Sheryl Crow, Melissa Etheridge, Miley Cyrus, Natasha Bedingfield, Leona Lewis, Ashanti, Carrie Underwood, Keyshia Cole, LeAnn Rimes & Ciara) (prod. Ronnie Walton, Babyface & L.A. Reid)",Released as a single.,3:34,"Sep 2, 2008",Feature,Yes,https://open.spotify.com/track/6wtcR8APXJAtPXb6LV96ia?si=384db0bec5264019
Rated R,"T.I. - Live Your Life
(feat. Rihanna) (prod. Just Blaze & Canei Finch)","Released as a single, later became track 5 on 'Paper Trail'.",5:38,"Sep 8, 2008",Feature,Yes,https://open.spotify.com/track/3jlbL2OTD5YmIunYzgQTAN?si=1b18873c095941b9
Rated R,"Kardinal Offishall - Numba 1 (Tide Is High)
(feat. Rihanna) (prod. Supa Dups)",Track 7 on 'Not 4 Sale'.,3:43,"Sep 9, 2008",Feature,Yes,https://open.spotify.com/track/18iSiFtrQ78wWLFJi4pCF7?si=70db7ac3aab444ef
Rated R,"JAY-Z - Run This Town
(feat. Rihanna & Kanye West) (prod. Kanye West & No I.D.)","Released as a single, later became track 4 on 'The Blueprint 3'.",4:27,"Aug 9, 2009",Feature,Yes,https://open.spotify.com/track/7LR85XLWw2yXqKBSI5brbG?si=c4bcba963c0e4eab
Rated R,"Russian Roulette
(prod. Chuck Harmony, Ne-Yo & Makeba Riddick)","Released as a single, later became track 6 on 'Rated R'.",3:47,"Oct 26, 2009",Album Track,Yes,https://open.spotify.com/track/3rMsX63C0IZVnOT5LGYoTH?si=441df5084bc44976
Rated R,"Hard
(feat. Jeezy) (prod. Tricky Stewart, The-Dream & Makeba Riddick)","Released as a single, later became track 3 on 'Rated R'.",4:10,"Nov 10, 2009",Album Track,Yes,https://open.spotify.com/track/3YJkAQNEhmCZGLdmPsu6Ye?si=08681e8c66da4c81
Rated R,"Wait Your Turn
(prod. StarGate, Chase & Status & Mikkel S. Eriksen)","Released as a single, later became track 2 on 'Rated R'.",3:46,"Nov 13, 2009",Album Track,Yes,https://open.spotify.com/track/59QZX1c9i8Sn1hdVEF6IUi?si=e285c87d53424cde
Rated R,"Mad House
(prod. Chase & Status & Makeba Riddick)",Track 1 on 'Rated R'.,1:34,"Nov 20, 2009",Album Track,Yes,https://open.spotify.com/track/4oHkmDMdEHbd0f1xWqyFC7?si=06c8e77f54374882
Rated R,"Stupid in Love
(prod. StarGate, Ne-Yo & Makeba Riddick)",Track 4 on 'Rated R'.,4:01,"Nov 20, 2009",Album Track,Yes,https://open.spotify.com/track/6Wiyd7AsRdXvXGrxNkbqQ1?si=96c21d7d5de540d9
Rated R,"ROCKSTAR 101
(feat. Slash) (prod. Tricky Stewart, The-Dream & Makeba Riddick)",Track 5 on 'Rated R'.,3:58,"Nov 20, 2009",Album Track,Yes,https://open.spotify.com/track/5rXDTihGQ3TkYE3pmraAmH?si=0baf211137ff4ce4
Rated R,"Fire Bomb
(prod. Brian Kennedy & Makeba Riddick)",Track 7 on 'Rated R'.,4:17,"Nov 20, 2009",Album Track,Yes,https://open.spotify.com/track/2igOUypyg58AbiUPgrlPNN?si=f87885235ed8431e
Rated R,"Rude Boy
(prod. StarGate, Rob Swire & Makeba Riddick)",Track 8 on 'Rated R'.,3:43,"Nov 20, 2009",Album Track,Yes,https://open.spotify.com/track/60jzFy6Nn4M0iD1d94oteF?si=5395a82e9e4b412e
Rated R,"Photographs
(feat. will.i.am) (prod. will.i.am & Paper-Boy)",Track 9 on 'Rated R'.,4:46,"Nov 20, 2009",Album Track,Yes,https://open.spotify.com/track/4iywo4hJoh7MxFdMLFqYhN?si=c4e4804dc3614d20
Rated R,"G4L
(prod. Chase & Status & Makeba Riddick)",Track 10 on 'Rated R'.,3:59,"Nov 20, 2009",Album Track,Yes,https://open.spotify.com/track/0gzpfUezy3wdktjC2SD1FY?si=3ddb28d6ab9349fb
Rated R,"Te Amo
(prod. StarGate & Makeba Riddick)",Track 11 on 'Rated R'.,3:28,"Nov 20, 2009",Album Track,Yes,https://open.spotify.com/track/4YYHgF9dWyVSor0GtrBzdf?si=c9835f2cebd740e2
Rated R,"Cold Case Love
(prod. The Y's & Makeba Riddick)",Track 12 on 'Rated R'.,6:04,"Nov 20, 2009",Album Track,Yes,https://open.spotify.com/track/4MMOt2JI6OjKL9RPT97krd?si=cfb1ecdbd38c4c8b
Rated R,"The Last Song
(prod. Brian Kennedy, Ben Harrison & Makeba Riddick)",Track 13 on 'Rated R'.,4:16,"Nov 20, 2009",Album Track,Yes,https://open.spotify.com/track/0llmtI6cBL8SomPTzAjtZ4?si=a2dd92b510cf4f13
Rated R,"Hole in My Head
(feat. Justin Timberlake) (prod. Timbaland)",Track 15 on 'Rated R (Nokia Edition)'.,4:05,"Nov 20, 2009",Album Track,No,https://krakenfiles.com/view/qXTzxFf74t/file.html
Rated R,"Mad House (Chew Fu Straight Jacket Fix)
(prod. Chew Fu, Chase & Status & Makeba Riddick)",Track 1 on 'Rated R: Remixed'.,2:12,"May 24, 2010",Remix,Yes,https://open.spotify.com/track/0xosb9d4wbXTYJ2FIbUm0h?si=fbd6f150ca764c74
Rated R,"Russian Roulette (Chew Fu Black Russian Fix)
(prod. Chew Fu, Chuck Harmony, Ne-Yo & Makeba Riddick)",Track 2 on 'Rated R: Remixed'.,5:55,"May 24, 2010",Remix,Yes,https://open.spotify.com/track/081sl4BpdkXcLciOJktR9y?si=287e0fb77f1d4a30
Rated R,"ROCKSTAR 101 (Chew Fu Teachers Pet Fix)
(feat. Slash) (prod. Chew Fu, Tricky Stewart, The-Dream & Makeba Riddick)",Track 3 on 'Rated R: Remixed'.,4:27,"May 24, 2010",Remix,Yes,https://open.spotify.com/track/78YZdpDXVJozZzcUE4JZa4?si=16e7a7dbd81745fe
Rated R,"Wait Your Turn (Chew Fu Can't Wait No More Fix)
(prod. Chew Fu, StarGate, Chase & Status & Mikkel S. Eriksen)",Track 4 on 'Rated R: Remixed'.,5:09,"May 24, 2010",Remix,Yes,https://open.spotify.com/track/4dyosL2M4UsLfHwvOs4RrF?si=6aa3b3657d7042d9
Rated R,"Photographs (Chew Fu 35mm Fix)
(feat. will.i.am) (prod. Chew Fu, will.i.am & Paper-Boy)",Track 5 on 'Rated R: Remixed'.,5:59,"May 24, 2010",Remix,Yes,https://open.spotify.com/track/4jOr9RdyQPV9uOWJxpwO5g?si=0dddd96fd3044e52
Rated R,"Rude Boy (Chew Fu Vitamin S Fix)
(prod. Chew Fu, StarGate, Rob Swire & Makeba Riddick)",Track 6 on 'Rated R: Remixed'.,5:41,"May 24, 2010",Remix,Yes,https://open.spotify.com/track/2iMd8V7X5IhINZpVVJaMgY?si=efb4a74287064160
Rated R,"Hard (Chew Fu Granite Fix)
(feat. Jeezy) (prod. Chew Fu, Tricky Stewart, The-Dream & Makeba Riddick)",Track 7 on 'Rated R: Remixed'.,5:28,"May 24, 2010",Remix,Yes,https://open.spotify.com/track/0SfYKR2DPK2IpJILbDIE1G?si=5159ee15388748d3
Rated R,"G4L (Chew Fu Guns in the Air Fix)
(prod. Chew Fu, Chase & Status & Makeba Riddick)",Track 8 on 'Rated R: Remixed'.,5:26,"May 24, 2010",Remix,Yes,https://open.spotify.com/track/0QiRDNlX6hVO3f2fa6Jf3e?si=2f00efadea4d42c6
Rated R,"Fire Bomb (Chew Fu Molotov Fix)
(prod. Chew Fu, Brian Kennedy & Makeba Riddick)",Track 9 on 'Rated R: Remixed'.,6:58,"May 24, 2010",Remix,Yes,https://open.spotify.com/track/7pI0BSkOux2TAXekXq1klO?si=19a144dd77784ff1
Rated R,"Stupid in Love (Chew Fu Small Room Fix)
(prod. Chew Fu, StarGate, Ne-Yo & Makeba Riddick)",Track 10 on 'Rated R: Remixed'.,5:32,"May 24, 2010",Remix,Yes,https://open.spotify.com/track/3amm7BQQgcC0PwhpNIiayb?si=4c9c57eb281b413a
Rated R,"ROCKSTAR 101 (Chew Fu Teachers Pet Fix) [Single Version]
(feat. Slash) (prod. Chew Fu, Tricky Stewart, The-Dream & Makeba Riddick)",Track 1 on 'Rockstar 101 (The Remixes)'.,3:52,"Jul 13, 2010",Remix,Yes,https://open.spotify.com/track/0ce9uGS8f5vDA7OYEkoPXm?si=963ea05e515142b3
Rated R,"ROCKSTAR 101 (Dave Aude Radio)
(feat. Slash) (prod. Tricky Stewart, The-Dream & Makeba Riddick)",Track 3 on 'Rockstar 101 (The Remixes)'.,4:18,"Jul 13, 2010",Remix,Yes,https://open.spotify.com/track/1aEeQXiyYXTGDoEWpLfm3C?si=838fa9e49d234e90
Rated R,"ROCKSTAR 101 (Mark Picchiotti Pop Rock Radio)
(feat. Slash) (prod. Tricky Stewart, The-Dream & Makeba Riddick)",Track 4 on 'Rockstar 101 (The Remixes)'.,3:58,"Jul 13, 2010",Remix,Yes,https://open.spotify.com/track/50aCiixoz9rWSspYgBXA3z?si=8fefe3215ccc4bd9
Rated R,"ROCKSTAR 101 (Mark Picchiotti Rockin Radio)
(feat. Slash) (prod. Tricky Stewart, The-Dream & Makeba Riddick)",Track 5 on 'Rockstar 101 (The Remixes)'.,3:57,"Jul 13, 2010",Remix,Yes,https://open.spotify.com/track/2yz45Saowbf2rINLl6n7fc?si=c1e2106ad18944ef
Rated R,"ROCKSTAR 101 (LoOse CanNons Black Guitar R-Licks Radio)
(feat. Slash) (prod. Tricky Stewart, The-Dream & Makeba Riddick)",Track 6 on 'Rockstar 101 (The Remixes)'.,3:46,"Jul 13, 2010",Remix,Yes,https://open.spotify.com/track/7IoQVUNwcQJX5wMizL50pZ?si=65f9d7062c1b4b6d
Rated R,"ROCKSTAR 101 (Dave Aude Club)
(feat. Slash) (prod. Tricky Stewart, The-Dream & Makeba Riddick)",Track 9 on 'Rockstar 101 (The Remixes)'.,7:52,"Jul 13, 2010",Remix,Yes,https://open.spotify.com/track/6d1YG2edqVu12yw4ZbdY0L?si=88417c880ea649fc
Rated R,"ROCKSTAR 101 (Mark Picchiotti Pop Rock Mix)
(feat. Slash) (prod. Tricky Stewart, The-Dream & Makeba Riddick)",Track 10 on 'Rockstar 101 (The Remixes)'.,7:37,"Jul 13, 2010",Remix,Yes,https://open.spotify.com/track/4SmNXn6Tc8CoomgmzwWk4F?si=7a30b66d2d654e36
Rated R,"ROCKSTAR 101 (Mark Picchiotti Rockin Club Mix)
(feat. Slash) (prod. Tricky Stewart, The-Dream & Makeba Riddick)",Track 11 on 'Rockstar 101 (The Remixes)'.,7:51,"Jul 13, 2010",Remix,Yes,https://open.spotify.com/track/7AYhU6Mfa4MPWDDig2dkCF?si=26e55e5c24b94b1c
Rated R,"ROCKSTAR 101 (LoOse CanNons Black Guitar R-Licks Extended)
(feat. Slash) (prod. Tricky Stewart, The-Dream & Makeba Riddick)",Track 12 on 'Rockstar 101 (The Remixes)'.,5:54,"Jul 13, 2010",Remix,Yes,https://open.spotify.com/track/56szO2WMRzMheGSRFr863o?si=6fb83784d7924c18
Rated R,"ROCKSTAR 101 (Dave Aude Dub)
(feat. Slash) (prod. Tricky Stewart, The-Dream & Makeba Riddick)",Track 13 on 'Rockstar 101 (The Remixes)'.,6:44,"Jul 13, 2010",Remix,Yes,https://open.spotify.com/track/2zswaURJAzFd7DzhZArSMO?si=c05d20e197ff4c6e
Rated R,"ROCKSTAR 101 (Mark Picchiotti Power Dub)
(feat. Slash) (prod. Tricky Stewart, The-Dream & Makeba Riddick)",Track 14 on 'Rockstar 101 (The Remixes)'.,7:20,"Jul 13, 2010",Remix,Yes,https://open.spotify.com/track/2Sd8d4toQFNb4R3g63UOpW?si=f539f985af9c4b58
,Loud,"(November 20, 2009) Rated R is released.
(November 12, 2010) Loud is released.",,,,,
Loud,"Stranded (Haiti Mon Amour)
(with JAY-Z, Bono & The Edge) (prod. Swizz Beatz & Declan Gaffney)",Track 17 on 'Hope For Haiti Now'.,4:20,"Jan 23, 2010",Single,No,https://krakenfiles.com/view/Eki0xBIpfU/file.html
Loud,"Eminem - Love The Way You Lie
(feat. Rihanna) (prod. Alex da Kid & Makeba Riddick)",Track 15 on 'Recovery'.,4:15,"Jun 18, 2010",Feature,Yes,https://open.spotify.com/track/15JINEqzVMv3SvJTAXAKED?si=9af81ee95cd94430
Loud,"Only Girl (In the World)
(prod. StarGate, Kuk Harrell & Sandy Vee)","Released as a single, later became track 5 on 'Loud'.",3:55,"Sep 10, 2010",Album Track,Yes,https://open.spotify.com/track/2ENexcMEMsYk0rVJigVD3i?si=b9f4ad771f6842e8
Loud,A Child Is Born,Track 1 on disc 1 of 'Now That's What I Call Christmas! 4'.,3:54,"Oct 12, 2010",Feature,No,https://krakenfiles.com/view/LXbQHWawTo/file.html
Loud,"What's My Name?
(feat. Drake) (prod. StarGate & Kuk Harrell)","Released as a single, later became track 2 on 'Loud'.",4:23,"Oct 25, 2010",Album Track,Yes,https://open.spotify.com/track/6DkXLzBQT7cwXmTyzAB1DJ?si=f2652ca9680544ca
Loud,"S&M
(prod. StarGate, Sandy Vee, Kuk Harrell & Veronika Bozeman)",Track 1 on 'Loud'.,4:03,"Nov 12, 2010",Album Track,Yes,https://open.spotify.com/track/7ySUcLPVX7KudhnmNcgY2D?si=868bf2bec4dc48a7
Loud,"Cheers (Drink to That)
(prod. The Runners & Makeba Riddick)",Track 3 on 'Loud'.,4:21,"Nov 12, 2010",Album Track,Yes,https://open.spotify.com/track/3DDBW9yeXc0RQUAOBeKYti?si=200962bdfe4e4b26
Loud,"Fading
(prod. Polow da Don, Willy Will, Kuk Harrell & Veronika Bozeman)",Track 4 on 'Loud'.,3:19,"Nov 12, 2010",Album Track,Yes,https://open.spotify.com/track/3IS0tPKRymmP8GwXeuLNn2?si=f0bc80dde6ce45b4
Loud,"California King Bed
(prod. The Runners & Kuk Harrell)",Track 6 on 'Loud'.,4:11,"Nov 12, 2010",Album Track,Yes,https://open.spotify.com/track/1NpDnkQO0yWxTtntrC0UNz?si=604c4f59de504756
Loud,"Man Down
(prod. Sak Pase & Kuk Harrell)",Track 7 on 'Loud'.,4:27,"Nov 12, 2010",Album Track,Yes,https://open.spotify.com/track/0GLfodYacy3BJE7AI3A8en?si=94e1c605a4c34d41
Loud,"Raining Men
(feat. Nicki Minaj) (prod. Mel & Mus & Kuk Harrell)",Track 8 on 'Loud'.,3:44,"Nov 12, 2010",Album Track,Yes,https://open.spotify.com/track/0XZHZslvxrByI84hFYWyXS?si=4bfd164006384905
Loud,"Complicated
(prod. Tricky Stewart, Kuk Harrell & Ester Dean)",Track 9 on 'Loud'.,4:17,"Nov 12, 2010",Album Track,Yes,https://open.spotify.com/track/5lP1kCqAj1fh9pgJWOKyJa?si=519da8fe64154d61
Loud,"Skin
(prod. Soundz, Makeba Riddick & Kuk Harrell)",Track 10 on 'Loud'.,5:03,"Nov 12, 2010",Album Track,Yes,https://open.spotify.com/track/1mjMXiWYKSJ5XmJCC0O9HJ?si=5e705162ce15431b
Loud,"Love the Way You Lie (Part II)
(feat. Eminem) (prod. Alex da Kid & Kuk Harrell)",Track 11 on 'Loud'.,4:56,"Nov 12, 2010",Album Track,Yes,https://open.spotify.com/track/4p2newrzzjPdXIENDqlCCW?si=eed27c3d82cb42e3
Loud,"Only Girl (In the World) - The Bimbo Jones Radio
(prod. StarGate, Kuk Harrell & Sandy Vee)",Track 11 on 'Loud (Japan Version)'.,3:50,"Nov 12, 2010",Remix,Yes,https://open.spotify.com/track/3Tb4oHMR617zvLANuiV1ok?si=4a12d5e8d539409d
Loud,"Only Girl (In the World) - CCW Radio Mix
(prod. StarGate, Kuk Harrell & Sandy Vee)",Track 11 on 'Loud (Japan Version)'.,3:41,"Nov 12, 2010",Remix,Yes,https://open.spotify.com/track/25A1RmT5eh7C99KXfESRj5?si=c2dcdae37ef84b5f
Loud,"S&M (Dave Aude Club)
(prod. StarGate, Sandy Vee, Kuk Harrell & Veronika Bozeman)",Track 2 on 'S&M'.,7:27,"Feb 18, 2011",Remix,Yes,https://open.spotify.com/track/3hWYkiezTpsYmAdJSFhTAi?si=417c5450bd4844c4
Loud,"S&M (Sidney Samson Club)
(prod. StarGate, Sandy Vee, Kuk Harrell & Veronika Bozeman)",Track 3 on 'S&M'.,6:49,"Feb 18, 2011",Remix,Yes,https://open.spotify.com/track/55QAdzwBaEfaKF0KUFKMus?si=f6cabf3e040c4faa
Loud,"S&M Remix
(feat. Britney Spears) (prod. StarGate, Sandy Vee, Kuk Harrell & Veronika Bozeman)",Released as a single.,4:17,"Apr 11, 2011",Remix,Yes,https://open.spotify.com/track/44FAj28ivN0HJ0xVYwQ9nL?si=106dbbc5cb1b4e35
,Talk That Talk,"(November 12, 2010) Loud is released.
(November 18, 2011) Talk That Talk is released.",,,,,
Talk That Talk,"David Guetta - Who's That Chick?
(feat. Rihanna) (prod. David Guetta, Giorgio Tuinfort & Frederic Riesterer)","Released as a single, later became track 16 on 'One More Love'.",3:20,"Nov 22, 2010",Feature,Yes,https://open.spotify.com/track/6qUSs4FDzZUdAhY6JDIJfa?si=874a521e4c584a6b
Talk That Talk,"Kanye West - All Of The Lights
(feat. Rihanna, Kid Cudi, Drake, John Legend, The-Dream, Fergie, Alicia Keys, Elton John, Ryan Leslie, Charlie Wilson, Tony Williams, La Roux, Ken Lewis & Alvin Fields) (prod. Kanye West & Jeff Bhasker)",Track 5 on 'My Beautiful Dark Twisted Fantasy'.,4:59,"Nov 22, 2010",Feature,Yes,https://open.spotify.com/track/22L7bfCiAkJo5xGSQgmiIO?si=97c99d091bf74864
Talk That Talk,"Nicki Minaj - Fly
(feat. Rihanna) (prod. J.R. Rotem, Skrt & Kevin Hissink)",Track 5 on 'Pink Friday'.,3:32,"Nov 22, 2010",Feature,Yes,https://open.spotify.com/track/2E1RGgFtr1X4H6glXOtABo?si=fc29909544b84149
Talk That Talk,"The Lonely Island - Shy Ronnie 2: Ronnie & Clyde
(feat. Rihanna) (prod. T-Minus)",Track 8 on 'Turtleneck & Chain'.,2:26,"May 10, 2011",Feature,Yes,https://open.spotify.com/track/1JT55KoXuhtYy5BeKNAeC0?si=240861676bf74f2b
Talk That Talk,"We Found Love 
(feat. Calvin Harris) (prod. Calvin Harris & Kuk Harrell)","Released as a single, later became track 3 on 'Talk That Talk'.",3:35,"Sep 22, 2011",Album Track,Yes,https://open.spotify.com/track/0U10zFw4GlBacOy9VDGfGL?si=0334d17908514e4b
Talk That Talk,"We Found Love (Chuckie Extended Remix) 
(feat. Calvin Harris) (prod. Calvin Harris & Kuk Harrell)",Track 1 on 'We Found Love (The Remixes)'.,5:56,"Sep 22, 2011",Remix,Yes,https://open.spotify.com/track/3eiljiHHlpZKkfj2uQTunn?si=0b365a1d73b346c9
Talk That Talk,"We Found Love (Chuckie Dub)
(feat. Calvin Harris) (prod. Calvin Harris & Kuk Harrell)",Track 2 on 'We Found Love (The Remixes)'.,5:56,"Sep 22, 2011",Remix,Yes,https://open.spotify.com/track/11F4bSUDXVd4W05jNs6DzX?si=dcf8a660175b4fa9
Talk That Talk,"We Found Love (Cahill Edit)
(feat. Calvin Harris) (prod. Calvin Harris & Kuk Harrell)",Track 3 on 'We Found Love (The Remixes)'.,3:36,"Sep 22, 2011",Remix,Yes,https://open.spotify.com/track/300u3cHkFvI7SQyouWkIfQ?si=2d205092ce004ac7
Talk That Talk,"We Found Love (Cahill Club Mix)
(feat. Calvin Harris) (prod. Calvin Harris & Kuk Harrell)",Track 4 on 'We Found Love (The Remixes)'.,6:29,"Sep 22, 2011",Remix,Yes,https://open.spotify.com/track/6cRqGdVhKXMq6jVmEvgEG2?si=e814e87edc114a26
Talk That Talk,"We Found Love (Cahill Dub)
(feat. Calvin Harris) (prod. Calvin Harris & Kuk Harrell)",Track 5 on 'We Found Love (The Remixes)'.,5:58,"Sep 22, 2011",Remix,Yes,https://open.spotify.com/track/0xPBtwxfqIFQG2QTZjoKkH?si=2440552a301e4f19
Talk That Talk,"We Found Love (R3HAB's XS Remix Edit)
(feat. Calvin Harris) (prod. Calvin Harris & Kuk Harrell)",Track 6 on 'We Found Love (The Remixes)'.,3:40,"Sep 22, 2011",Remix,Yes,https://open.spotify.com/track/43byoJF6OuPtVvUqUydU0G?si=760ba9020b1a4ca7
Talk That Talk,"We Found Love (R3HAB's XS Extended Remix)
(feat. Calvin Harris) (prod. Calvin Harris & Kuk Harrell)",Track 7 on 'We Found Love (The Remixes)'.,5:26,"Sep 22, 2011",Remix,Yes,https://open.spotify.com/track/1hVJxLpV93L3MUx2HOYtLU?si=faea2db26b2a45e9
Talk That Talk,"We Found Love (R3HAB's XS Dub)
(feat. Calvin Harris) (prod. Calvin Harris & Kuk Harrell)",Track 8 on 'We Found Love (The Remixes)'.,5:27,"Sep 22, 2011",Remix,Yes,https://open.spotify.com/track/26skMj4xCbyPSdWaprabb0?si=60435bdd7c384fd3
Talk That Talk,"We Found Love (Black Cards Remix)
(feat. Calvin Harris) (prod. Calvin Harris & Kuk Harrell)",Track 9 on 'We Found Love (The Remixes)'.,4:35,"Sep 22, 2011",Remix,Yes,https://open.spotify.com/track/7vI6G0osyp8cbkE6Sah7TC?si=efedc3c905a0491a
Talk That Talk,"Coldplay - Princess Of China
(with Rihanna) (prod. Kuk Harrell, Kenneth Vaughan Thomas, Markus Dravs, Daniel Green & Rik Simpson)",Track 10 on 'Mylo Xyloto'.,3:59,"Oct 24, 2011",Feature,Yes,https://open.spotify.com/track/4HXOBjwv2RnLpGG4xWOO6N?si=232306bc69dd43a6
Talk That Talk,"You Da One
(prod. Dr. Luke, Cirkut & Kuk Harrell)","Released as a single, later became track 1 on 'Talk That Talk'.",3:20,"Nov 14, 2011",Album Track,Yes,https://open.spotify.com/track/3Yt9lRtS5V4nbJnwcgFgvC?si=bea84ef1376442f2
Talk That Talk,"Drake - Take Care
(feat. Rihanna) (prod. 40 & Jamie xx) ",Track 5 on 'Take Care'.,4:37,"Nov 15, 2011",Feature,Yes,https://open.spotify.com/track/124NFj84ppZ5pAxTuVQYCQ?si=b301aeb7258f4a36
Talk That Talk,"Where Have You Been
(prod. Calvin Harris, Dr. Luke, Cirkut & Kuk Harrell)",Track 2 on 'Talk That Talk'.,4:02,"Nov 18, 2011",Album Track,Yes,https://open.spotify.com/track/3tyPOhuVnt5zd5kGfxbCyL?si=ae419001cfee4e6b
Talk That Talk,"Talk That Talk
(feat. JAY-Z) (prod. StarGate & Kuk Harrell)",Track 4 on 'Talk That Talk'.,3:29,"Nov 18, 2011",Album Track,Yes,https://open.spotify.com/track/57mKcbEq7nMqtJ4gqJvWcp?si=4708cc6d16204096
Talk That Talk,"Cockiness (Love It)
(prod. Bangladesh & Kuk Harrell)",Track 5 on 'Talk That Talk'.,2:58,"Nov 18, 2011",Album Track,Yes,https://open.spotify.com/track/3jYW03V9XeM2w7LJ0EXQDC?si=d353a39fc5b84108
Talk That Talk,"Birthday Cake
(prod. Da Internz, The-Dream & Kuk Harrell)",Track 6 on 'Talk That Talk'.,1:18,"Nov 18, 2011",Album Track,Yes,https://open.spotify.com/track/4EfN6bixdOOgoLYR5C4cWo?si=19bf465f688d4d7e
Talk That Talk,"We All Want Love
(prod. No I.D. & Kuk Harrell)",Track 7 on 'Talk That Talk'.,3:57,"Nov 18, 2011",Album Track,Yes,https://open.spotify.com/track/3gMC76iTaypaOnuIZZvoiR?si=037646ec16a64de6
Talk That Talk,"Drunk On Love
(prod. StarGate & Kuk Harrell)",Track 8 on 'Talk That Talk'.,3:32,"Nov 18, 2011",Album Track,Yes,https://open.spotify.com/track/5A0Swrynpx7ALauNv08nBe?si=07ef744910a249ee
Talk That Talk,"Roc Me Out
(prod. StarGate, Knife Party & Kuk Harrell)",Track 9 on 'Talk That Talk'.,3:29,"Nov 18, 2011",Album Track,Yes,https://open.spotify.com/track/5CegsKtrwkX9HKb2YU5FOm?si=6580d584d72845ce
Talk That Talk,"Watch n' Learn
(prod. Hit-Boy & Kuk Harrell)",Track 10 on 'Talk That Talk'.,3:31,"Nov 18, 2011",Album Track,Yes,https://open.spotify.com/track/1ROCX1nquOZ5i05YfGysu0?si=8620d6ee985d46b9
Talk That Talk,"Farewell
(prod. Alex da Kid & Kuk Harrell)",Track 11 on 'Talk That Talk'.,4:16,"Nov 18, 2011",Album Track,Yes,https://open.spotify.com/track/2f5PEKVrNEHL1X0dtMNgYu?si=69d1411a08f640e5
Talk That Talk,"Birthday Cake (Remix)
(feat. Chris Brown) (prod. Da Internz, The-Dream & Kuk Harrell)",Released as a single.,3:39,"Mar 6, 2012",Remix,No,https://krakenfiles.com/view/ESylrXDZXu/file.html
Talk That Talk,"Where Have You Been (Hardwell Club Mix)
(prod. Calvin Harris, Dr. Luke, Cirkut & Kuk Harrell)",Track 1 on 'Where Have You Been'.,6:34,"May 11, 2012",Remix,Yes,https://open.spotify.com/track/0ildeK8p6UUkHGK94EW1m0?si=2afb8aa1adbf4423
Talk That Talk,"Where Have You Been (Papercha$Er Remix)
(prod. Calvin Harris, Dr. Luke, Cirkut & Kuk Harrell)",Track 2 on 'Where Have You Been'.,6:35,"May 11, 2012",Remix,Yes,https://open.spotify.com/track/45cmCn8HEDFcf7lOBxlVHS?si=83af0eb60671424e
Talk That Talk,"Where Have You Been (Hector Fonseca Radio Edit)
(prod. Calvin Harris, Dr. Luke, Cirkut & Kuk Harrell)",Track 3 on 'Where Have You Been'.,3:57,"May 11, 2012",Remix,Yes,https://open.spotify.com/track/7rXzZBNoFYQYpHxh7hPlVR?si=6e6e814fee964e1d
Talk That Talk,"Where Have You Been (Vice Edit)
(prod. Calvin Harris, Dr. Luke, Cirkut & Kuk Harrell)",Track 4 on 'Where Have You Been'.,3:39,"May 11, 2012",Remix,Yes,https://open.spotify.com/track/0p5iB2jxyoRp9XgEkISBMu?si=d5be5fecc9554478
Talk That Talk,"Coldplay - Princess Of China (Radio Edit)
(with Rihanna) (prod. Kuk Harrell, Kenneth Vaughan Thomas, Markus Dravs, Daniel Green & Rik Simpson)",Track 1 on 'Princess of China'.,3:37,"Jun 1, 2012",Remix,Yes,https://open.spotify.com/track/6XJ2PVp2Vs9G2j5B2Cbbnb?si=5df831916488408f
Talk That Talk,"Coldplay - Princess Of China (Invisible Men Remix)
(with Rihanna) (prod. Kuk Harrell, Kenneth Vaughan Thomas, Markus Dravs, Daniel Green & Rik Simpson)",Track 2 on 'Princess of China'.,3:46,"Jun 1, 2012",Remix,Yes,https://open.spotify.com/track/2f3XEVeU7g6vZgK2BmyIg8?si=2d76263e044640af
Talk That Talk,"Coldplay - Princess Of China (Tiesto Remix)
(with Rihanna) (prod. Markus Dravs, Daniel Green & Rik Simpson)",Track 3 on 'Princess of China'.,4:46,"Jun 1, 2012",Remix,Yes,https://open.spotify.com/track/0pjMTISKHTJkogN1BPZxaC?si=1809ee5eb61e44b8
Talk That Talk,"Coldplay - Princess Of China (Acoustic)
(with Rihanna) (prod. Kuk Harrell, Kenneth Vaughan Thomas, Markus Dravs, Daniel Green & Rik Simpson)",Track 4 on 'Princess of China'.,3:26,"Jun 1, 2012",Remix,Yes,https://open.spotify.com/track/2tKqZsc0epdLrsNUT6y0Ls?si=404b0f64d0d144d7
Talk That Talk,"Red Lipstick
(prod. Chase & Status & Kuk Harrell)",Track 12 on 'Talk That Talk (Deluxe)'.,3:37,"Jul 18, 2012",Album Track,Yes,https://open.spotify.com/track/7rRsnDjtKcdrlEesPlw9CF?si=a2086ef4e1f34e07
Talk That Talk,"Do Ya Thang
(prod. The-Dream & Kuk Harrell)",Track 13 on 'Talk That Talk (Deluxe)'.,3:43,"Jul 18, 2012",Album Track,Yes,https://open.spotify.com/track/66IdTkn3exF8fdYqEeVeLc?si=64fb0b467a2d41cb
Talk That Talk,"Fool In Love
(prod. Dr. Luke, Cirkut, Kuk Harrell & Ester Dean)",Track 14 on 'Talk That Talk (Deluxe)'.,4:15,"Jul 18, 2012",Album Track,Yes,https://open.spotify.com/track/44fouNXjaqIoI6PVgiGQqw?si=edab123f667c4b32
Talk That Talk,"Cockiness (Love It) (Remix)
(feat. A$AP Rocky) (prod. Bangladesh & Kuk Harrell)",Released as a single.,3:38,"Sep 7, 2012",Remix,Yes,https://open.spotify.com/track/3gLEhKDJrwbb94WctCHCix?si=2b5a1b5fc83646c8
,Unapologetic,"(November 18, 2011) Talk That Talk is released.
(November 19, 2012) Unapologetic is released.",,,,,
Unapologetic,"Diamonds
(prod. StarGate & Benny Blanco)","Released as a single, later became track 2 on 'Unapologetic'.",3:45,"Sep 26, 2012",Album Track,Yes,https://open.spotify.com/track/5pDUMdIiW0rNLzFryqpC9j?si=4d3476ccdbec4e3e
Unapologetic,"Diamonds (Remix)
(feat. Kanye West) (prod. StarGate & Benny Blanco)",Released as a single.,4:48,"Nov 16, 2012",Remix,Yes,https://open.spotify.com/track/2DCCA7AwEslJ7jEaEX4Frf?si=e24acea1f77c4f07
Unapologetic,"Phresh Out the Runway
(prod. David Guetta, Giorgio Tuinfort & The-Dream)",Track 1 on 'Unapologetic'.,3:42,"Nov 19, 2012",Album Track,Yes,https://open.spotify.com/track/6JAJrnyEyqsE2NWmAjK6pJ?si=e04558fdd3e34898
Unapologetic,"Numb
(feat. Eminem) (prod. Oakwud, Pop Wansel & Flippa123)",Track 3 on 'Unapologetic'.,3:25,"Nov 19, 2012",Album Track,Yes,https://open.spotify.com/track/7kjUzVpN8IAlG6OQdXjDvR?si=e65fe1cfa79e479a
Unapologetic,"Pour It Up
(prod. Mike WiLL Made-It & J-Bo)",Track 4 on 'Unapologetic'.,2:41,"Nov 19, 2012",Album Track,Yes,https://open.spotify.com/track/1edP9mOIcf8lDzlO1ORbCr?si=9677d16596204da2
Unapologetic,"Loveeeeeee Song
(feat. Future) (prod. Luney Tunez, Future & Mex Manny)",Track 5 on 'Unapologetic'.,4:16,"Nov 19, 2012",Album Track,Yes,https://open.spotify.com/track/3Ij4WlSogXNafuyz6V2Xvl?si=45c843fcce5842b3
Unapologetic,"Jump
(prod. StarGate & Chase & Status)",Track 6 on 'Unapologetic'.,4:24,"Nov 19, 2012",Album Track,Yes,https://open.spotify.com/track/1MYpR4qlg2WQT304NecqXp?si=6bf1a110e7074043
Unapologetic,"Right Now
(feat. David Guetta) (prod. David Guetta, StarGate, Nicky Romero & Giorgio Tuinfort)",Track 7 on 'Unapologetic'.,3:01,"Nov 19, 2012",Album Track,Yes,https://open.spotify.com/track/3dK6PU05GCPr505YNOwV24?si=32d6f63b5a694087
Unapologetic,"What Now
(prod. Parker Ighile & Nathan Cassells)",Track 8 on 'Unapologetic'.,4:03,"Nov 19, 2012",Album Track,Yes,https://open.spotify.com/track/4RuOaq8cJzcA3UMdZ0dQCk?si=b8982ac776754963
Unapologetic,"Stay
(feat. Mikky Ekko) (prod. Mikky Ekko, Leolv & Justin Parker)",Track 9 on 'Unapologetic'.,4:00,"Nov 19, 2012",Album Track,Yes,https://open.spotify.com/track/5rvSPYxUGL3Bu8BWtLj5Yw?si=b4ff072153414106
Unapologetic,"Nobody's Business
(feat. Chris Brown) (prod. The-Dream & Carlos McKinney)",Track 10 on 'Unapologetic'.,3:36,"Nov 19, 2012",Album Track,Yes,https://open.spotify.com/track/5PpxwDAoIGOcAe3iVgcAwt?si=25b3bd2332634a57
Unapologetic,"Love Without Tragedy / Mother Mary
(prod. The-Dream & Carlos McKinney)",Track 11 on 'Unapologetic'.,6:58,"Nov 19, 2012",Album Track,Yes,https://open.spotify.com/track/3V3MTfAMIgas5iC13xIFX1?si=ca65811891934338
Unapologetic,"Get It Over With
(prod. Brian Kennedy)",Track 12 on 'Unapologetic'.,3:31,"Nov 19, 2012",Album Track,Yes,https://open.spotify.com/track/1tJ3ja9lE1jiWj0FGrk9aG?si=6a473e9d9eb64c45
Unapologetic,"No Love Allowed
(prod. No I.D.)",Track 13 on 'Unapologetic'.,4:09,"Nov 19, 2012",Album Track,Yes,https://open.spotify.com/track/2SlLKFpeeI2uxQUFEdXzr8?si=d28e6117c0ba4e47
Unapologetic,"Lost In Paradise
(prod. StarGate & Labrinth)",Track 14 on 'Unapologetic'.,3:35,"Nov 19, 2012",Album Track,Yes,https://open.spotify.com/track/0FXI1DzlVxnv5GNQoscEmM?si=aa90c6f587f34d6b
Unapologetic,"Half of Me
(prod. StarGate & Naughty Boy)",Track 15 on 'Unapologetic (Deluxe)'.,3:12,"Dec 11, 2012",Album Track,Yes,https://open.spotify.com/track/1L3wDPfRVoNSwt7gXoeIkl?si=679057cc9598414f
Unapologetic,"Diamonds - Dave Aude 100 Extended
(prod. Dave Aude, Kemal Golden, StarGate & Benny Blanco)",Track 15 on 'Unapologetic (Deluxe)'.,5:03,"Dec 11, 2012",Remix,Yes,https://open.spotify.com/track/4DjW2vouRxIHW2I0ZM7sYs?si=e5d2007fa1cb495c
Unapologetic,"Diamonds - Gregor Salto Downtempo Remix
(prod. Gregor Salto, Tzvetin Todorov, StarGate & Benny Blanco)",Track 15 on 'Unapologetic (Deluxe)'.,4:29,"Dec 11, 2012",Remix,Yes,https://open.spotify.com/track/3S5ECEL7AEn0qhbZoefB8d?si=594ff2346eb24e97
Unapologetic,"Right Now (Dyro Radio Edit)
(feat. David Guetta) (prod. Dyro, David Guetta, StarGate, Nicky Romero & Giorgio Tuinfort)",Track 1 on 'Right Now (Remixes)'.,3:05,"Jun 21, 2013",Remix,Yes,https://open.spotify.com/track/1CVyTJZkL9JcGkvNIRRyUZ?si=03ea458dbe7f4d18
Unapologetic,"Right Now (Dyro Club Mix)
(feat. David Guetta) (prod. Dyro, David Guetta, StarGate, Nicky Romero & Giorgio Tuinfort)",Track 2 on 'Right Now (Remixes)'.,4:05,"Jun 21, 2013",Remix,Yes,https://open.spotify.com/track/3lEr8KdqDZXCHcQAbD04H5?si=a252009dbf7141d8
Unapologetic,"Right Now (Dyro Instrumental)
(feat. David Guetta) (prod. Dyro, David Guetta, StarGate, Nicky Romero & Giorgio Tuinfort)",Track 3 on 'Right Now (Remixes)'.,4:05,"Jun 21, 2013",Remix,Yes,https://open.spotify.com/track/04K8W38h68G3gk81qdjREq?si=06ebedc429ab418e
Unapologetic,"Right Now (Sick Individuals Radio Edit)
(feat. David Guetta) (prod. Sick Individuals, David Guetta, StarGate, Nicky Romero & Giorgio Tuinfort)",Track 4 on 'Right Now (Remixes)'.,3:17,"Jun 21, 2013",Remix,Yes,https://open.spotify.com/track/6BT1lXagmLSfztplEtvA5Q?si=b6181c416aec4843
Unapologetic,"Right Now (Sick Individuals Remix)
(feat. David Guetta) (prod. Sick Individuals, David Guetta, StarGate, Nicky Romero & Giorgio Tuinfort)",Track 5 on 'Right Now (Remixes)'.,5:32,"Jun 21, 2013",Remix,Yes,https://open.spotify.com/track/0eGUpmAkQIGlUJvnIe8smP?si=9cba77e12c4d4756
Unapologetic,"Right Now (Sick Individuals Dub)
(feat. David Guetta) (prod. Sick Individuals, David Guetta, StarGate, Nicky Romero & Giorgio Tuinfort)",Track 6 on 'Right Now (Remixes)'.,5:17,"Jun 21, 2013",Remix,Yes,https://open.spotify.com/track/7e6fREoSkN6HDut0IpEeKj?si=97cea6526646482e
Unapologetic,"Right Now (Sick Individuals Instrumental)
(feat. David Guetta) (prod. Sick Individuals, David Guetta, StarGate, Nicky Romero & Giorgio Tuinfort)",Track 7 on 'Right Now (Remixes)'.,5:32,"Jun 21, 2013",Remix,Yes,https://open.spotify.com/track/4vS2ika5wE2tFmYZs6HN3N?si=ca6152990e5c45ab
Unapologetic,"Right Now (Justin Prime Radio Edit)
(feat. David Guetta) (prod. Justin Prime, David Guetta, StarGate, Nicky Romero & Giorgio Tuinfort)",Track 8 on 'Right Now (Remixes)'.,4:01,"Jun 21, 2013",Remix,Yes,https://open.spotify.com/track/1W3Cfd8tRDMz8DmvlAGIwX?si=e262ea74ad304688
Unapologetic,"Right Now (Justin Prime Vocal Mix)
(feat. David Guetta) (prod. Justin Prime, David Guetta, StarGate, Nicky Romero & Giorgio Tuinfort)",Track 9 on 'Right Now (Remixes)'.,5:00,"Jun 21, 2013",Remix,Yes,https://open.spotify.com/track/0Rhjpq6jgu7Q3aLXlmWGX9?si=860c2133eedd44d2
Unapologetic,"Right Now (Justin Prime Instrumental)
(feat. David Guetta) (prod. Justin Prime, David Guetta, StarGate, Nicky Romero & Giorgio Tuinfort)",Track 10 on 'Right Now (Remixes)'.,5:00,"Jun 21, 2013",Remix,Yes,https://open.spotify.com/track/2R4wFHAcO1yYAaqHQIAB2r?si=b52f1f4b2a05400a
Unapologetic,"Right Now (Ralphi Rosario Radio Edit)
(feat. David Guetta) (prod. Ralphi Rosario, David Guetta, StarGate, Nicky Romero & Giorgio Tuinfort)",Track 11 on 'Right Now (Remixes)'.,3:48,"Jun 21, 2013",Remix,Yes,https://open.spotify.com/track/3Qq7zFuBjiQFmQ8wz55CdJ?si=201f23b029d04794
Unapologetic,"Right Now (Ralphi Rosario Mix)
(feat. David Guetta) (prod. Ralphi Rosario, David Guetta, StarGate, Nicky Romero & Giorgio Tuinfort)",Track 12 on 'Right Now (Remixes)'.,7:42,"Jun 21, 2013",Remix,Yes,https://open.spotify.com/track/38OpLYY9YolyDPZxYX1VRo?si=9652bafbcbab4e15
Unapologetic,"Right Now (Ralphi Rosario Tough Mix)
(feat. David Guetta) (prod. Ralphi Rosario, David Guetta, StarGate, Nicky Romero & Giorgio Tuinfort)",Track 13 on 'Right Now (Remixes)'.,7:27,"Jun 21, 2013",Remix,Yes,https://open.spotify.com/track/5mNUkOMSTdXcmNWwCfpqQO?si=bd2a0e1760c64287
Unapologetic,"Right Now (Ralphi Rosario Dub)
(feat. David Guetta) (prod. Ralphi Rosario, David Guetta, StarGate, Nicky Romero & Giorgio Tuinfort)",Track 14 on 'Right Now (Remixes)'.,7:33,"Jun 21, 2013",Remix,Yes,https://open.spotify.com/track/3x5yaXyJJd1QQGBhX87Imh?si=7ef8fb94f1044d24
Unapologetic,"What Now (Firebeatz Remix)
(prod. Firebeatz, Parker Ighile & Nathan Cassells)",Track 1 on 'What Now (Remixes)'.,5:03,"Aug 29, 2013",Remix,Yes,https://open.spotify.com/track/7jsGkY16RvcwmIJ16pP4gK?si=e94dc6cce2784478
Unapologetic,"What Now (Firebeatz Radio Edit)
(prod. Firebeatz, Parker Ighile & Nathan Cassells)",Track 2 on 'What Now (Remixes)'.,3:15,"Aug 29, 2013",Remix,Yes,https://open.spotify.com/track/3y0w2UbjjLNSNXXgOLMyUF?si=6efb4956f1eb47db
Unapologetic,"What Now (Firebeatz Instrumental)
(prod. Firebeatz, Parker Ighile & Nathan Cassells)",Track 3 on 'What Now (Remixes)'.,5:03,"Aug 29, 2013",Remix,Yes,https://open.spotify.com/track/4H8DqPsp0pXBUKjvMNErCa?si=87afb0c9088a4bc7
Unapologetic,"What Now (R3HAB Remix)
(prod. R3HAB, Parker Ighile & Nathan Cassells)",Track 4 on 'What Now (Remixes)'.,4:51,"Aug 29, 2013",Remix,Yes,https://open.spotify.com/track/0FgmvVNvnZ05hJLRv0Frd1?si=2bee2bb636b843a0
Unapologetic,"What Now (R3HAB Edit)
(prod. R3HAB, Parker Ighile & Nathan Cassells)",Track 5 on 'What Now (Remixes)'.,3:24,"Aug 29, 2013",Remix,Yes,https://open.spotify.com/track/1QFIthmSdUpFEnNQgPbsXI?si=4647768d562d4abf
Unapologetic,"What Now (R3HAB Instrumental)
(prod. R3HAB, Parker Ighile & Nathan Cassells)",Track 6 on 'What Now (Remixes)'.,4:51,"Aug 29, 2013",Remix,Yes,https://open.spotify.com/track/0UaqL5ZoF6ULQR1doZ8Fsq?si=ccbbad12d0c445c9
Unapologetic,"What Now (Guy Scheiman Club Mix)
(prod. Parker Ighile & Nathan Cassells)",Track 7 on 'What Now (Remixes)'.,7:04,"Aug 29, 2013",Remix,Yes,https://open.spotify.com/track/3mDOgZpm0l2cm1WuoLaxty?si=667019545bb94ea0
Unapologetic,"What Now (Guy Scheiman Radio Edit)
(prod. Parker Ighile & Nathan Cassells)",Track 8 on 'What Now (Remixes)'.,4:03,"Aug 29, 2013",Remix,Yes,https://open.spotify.com/track/5HBRXxFyjhKiIcpwEEIsrD?si=ee0892e773c946c8
Unapologetic,"What Now (Guy Scheiman Mixshow Edit)
(prod. Parker Ighile & Nathan Cassells)",Track 9 on 'What Now (Remixes)'.,4:29,"Aug 29, 2013",Remix,Yes,https://open.spotify.com/track/08J8lqLLs8JRQ1iGBSHr98?si=cfa03c9957ab4ca7
Unapologetic,"What Now (Guy Scheiman Dub)
(prod. Parker Ighile & Nathan Cassells)",Track 10 on 'What Now (Remixes)'.,7:04,"Aug 29, 2013",Remix,Yes,https://open.spotify.com/track/1EUFZXJlMswyeTyqhWJcGH?si=929debcf9ea84c3c
Unapologetic,"What Now (R3HAB Trapped Out Remix)
(prod. R3HAB, Parker Ighile & Nathan Cassells)",Track 1 on 'What Now (Remixes Part 2)'.,3:33,"Oct 29, 2013",Remix,Yes,https://open.spotify.com/track/7JgguNsAtGArz7G2IUfhuO?si=c630553063ad4d3e
Unapologetic,"What Now (REFLEX Extended)
(prod. Parker Ighile & Nathan Cassells)",Track 2 on 'What Now (Remixes Part 2)'.,3:34,"Oct 29, 2013",Remix,Yes,https://open.spotify.com/track/5WAucPZYpaLKOITHF3RrAl?si=6d4780d737ae4dc8
Unapologetic,"What Now (REFLEX Radio Edit)
(prod. Parker Ighile & Nathan Cassells)",Track 3 on 'What Now (Remixes Part 2)'.,3:03,"Oct 29, 2013",Remix,Yes,https://open.spotify.com/track/1pcUDdvkJpqWGT2R6tykjQ?si=5c84f83fea2f4843
,ANTI,"(November 19, 2012) Unapologetic is released.
(January 28, 2016) ANTI is released.",,,,,
ANTI,"Wale - Bad (Remix)
(feat. Rihanna) (prod. MexManny)","Released as a single, later became track 10 on 'The Gifted'.",3:58,"Jun 3, 2013",Feature,Yes,https://open.spotify.com/track/2Gghr8ZxzXpU4WFBZrYWzs?si=7242f820392f4383
ANTI,"Eminem - The Monster
(feat. Rihanna) (prod. Frequency)","Released as a single, later became track 12 on 'The Marshall Mathers LP 2'.",4:12,"Oct 29, 2013",Feature,Yes,https://open.spotify.com/track/48RrDBpOSSl1aLVCalGl5C?si=a28758529d0e4825
ANTI,"Shakira - Can't Remember To Forget You
(feat. Rihanna) (prod. John Hill, Shakira & Kid Harpoon)","Released as a single, later became track 1on 'Shakira'.",3:26,"Jan 13, 2014",Feature,Yes,https://open.spotify.com/track/2Sh4sAOfnSHEVKFyysxzat?si=f4675df6e1d644f8
ANTI,"FourFiveSeconds
(with Kanye West & Paul McCartney) (prod. Kanye West, Paul McCartney, MIKE DEAN, Kuk Harrell, Noah Goldstein & Dave Longstreth)",Released as a single.,3:08,"Jan 24, 2015",Single,Yes,https://open.spotify.com/track/78TTtXnFQPzwqlbtbwqN0y?si=ddf7eb02f6cf445c
ANTI,"Towards The Sun
(prod. Tiago, Gary Go & Kuk Harrell)",Track 1 on 'Home (Original Motion Picture Soundtrack)'.,4:33,"Mar 23, 2015",Feature,Yes,https://open.spotify.com/track/6cy83P2limyzaFSl3OoQe0?si=5739329018514eec
ANTI,"As Real As You And Me
(prod. Darkchild, Paul Dawson & Kuk Harrell)",Track 4 on 'Home (Original Motion Picture Soundtrack)'.,3:40,"Mar 23, 2015",Feature,Yes,https://open.spotify.com/track/66NNT1W5yyArVLuxOnc5Zi?si=d3ae3622440b4643
ANTI,"Dancing In The Dark
(prod. StarGate & Kuk Harrell)",Track 6 on 'Home (Original Motion Picture Soundtrack)'.,3:43,"Mar 23, 2015",Feature,Yes,https://open.spotify.com/track/5J4WHWFvEWRd2FBVhcTcmi?si=cfba0ea88b1d4ab3
ANTI,"Bitch Better Have My Money
(prod. Kanye West, Travis Scott, Deputy, WondaGurl & Kuk Harrell)",Released as a single.,3:39,"Mar 26, 2015",Single,Yes,https://open.spotify.com/track/0NTMtAO2BV4tnGvw9EgBVq?si=3aba395bc11d4ea2
ANTI,"American Oxygen
(prod. Alex da Kid & Kuk Harrell)",Released as a single.,5:20,"Apr 14, 2015",Single,Yes,https://open.spotify.com/track/0bHA8LApeZHv7ZlhVUWg8X?si=69cea726e2eb460e
ANTI,"Bitch Better Have My Money (GTA Remix)
(prod. Kanye West, Travis Scott, Deputy, WondaGurl & Kuk Harrell)",Released as a single.,3:48,"May 3, 2015",Remix,Yes,https://open.spotify.com/track/5iMqQkFzWWsbwck2F6KnMw?si=d715083588e24247
ANTI,"Bitch Better Have My Money (Michael Woods Remix)
(prod. Kanye West, Travis Scott, Deputy, WondaGurl & Kuk Harrell)",Released as a single.,4:24,"May 3, 2015",Remix,Yes,https://open.spotify.com/track/6BnZgvbBofmZchwWgRXpH5?si=9468c9319f2342e9
ANTI,"Bitch Better Have My Money (R3HAB Remix)
(prod. Kanye West, Travis Scott, Deputy, WondaGurl & Kuk Harrell)",Released as a single.,3:48,"May 4, 2015",Remix,Yes,https://open.spotify.com/track/6KpwFKnUdpF98NSi81YUdH?si=312abeb9398a4545
ANTI,"Chris Brown - Counterfeit
(feat. Rihanna, Kelly Rowland & Wiz Khalifa) (prod. Danja & RoccStar)",Track 1 on 'Before The Party'.,4:35,"Nov 27, 2015",Feature,No,https://krakenfiles.com/view/9mAfQmP4mO/file.html
ANTI,"Work
(feat. Drake) (prod. Boi-1da, 40 & Kuk Harrell)","Released as a single, later became track 4 on 'ANTI'.",3:39,"Jan 27, 2016",Album Track,Yes,https://open.spotify.com/track/5gZsEYaYvyi1sAVyuiXbDm?si=b777b9a9575640f5
ANTI,"Consideration
(feat. SZA) (prod. Scum & Kuk Harrell)
(LouAnne Johnson)",Track 1 on 'ANTI'.,2:41,"Jan 28, 2016",Album Track,Yes,https://open.spotify.com/track/4pp7VqgssnQtlLJg7LIrkO?si=628ed16093a24e4a
ANTI,"James Joint
(prod. Shea Taylor & Kuk Harrell)",Track 2 on 'ANTI'.,1:12,"Jan 28, 2016",Album Track,Yes,https://open.spotify.com/track/0430PIZJLy3Oo691nMeUH0?si=60a097137c124a59
ANTI,"Kiss It Better
(prod. Jeff Bhasker, Glass John & Kuk Harrell)",Track 3 on 'ANTI'.,4:13,"Jan 28, 2016",Album Track,Yes,https://open.spotify.com/track/49tG0W4vxwEQtpr0FfkzTQ?si=4ddf090d673e4412
ANTI,"Desperado
(prod. Mick Schultz & Kuk Harrell)",Track 5 on 'ANTI'.,3:06,"Jan 28, 2016",Album Track,Yes,https://open.spotify.com/track/6ELYUjIai7bjtyUocOLCRE?si=25a419d34aa7401c
ANTI,"Woo
(prod. Hit-Boy, Travis Scott & Kuk Harrell)",Track 6 on 'ANTI'. Features uncredited background vocals from Travis Scott.,3:55,"Jan 28, 2016",Album Track,Yes,https://open.spotify.com/track/3ueQAPksJqgen3LYyAVVgw?si=5d9acd61e00748d2
ANTI,"Needed Me
(prod. DJ Mustard, Frank Dukes, Twice as Nice & Kuk Harrell)",Track 7 on 'ANTI'.,3:11,"Jan 28, 2016",Album Track,Yes,https://open.spotify.com/track/4NlnpZPi5Z3r1uuyRglUhO?si=bc3bd7e358384b92
ANTI,"Yeah, I Said It
(prod. Timbaland, Fade Majah, Daniel Jones & Kuk Harrell)",Track 8 on 'ANTI'.,2:13,"Jan 28, 2016",Album Track,Yes,https://open.spotify.com/track/1q35smJsSPtVl4aoc72wYN?si=02f6bccfc6964694
ANTI,"Same Ol' Mistakes
(prod. Kevin Parker & Kuk Harrell)",Track 9 on 'ANTI'.,6:37,"Jan 28, 2016",Album Track,Yes,https://open.spotify.com/track/39hkTmV9qe7lB2PTA0KVbk?si=8132221b315f4e4d
ANTI,"Never Ending
(prod. Chad Sabo & Kuk Harrell)",Track 10 on 'ANTI'.,3:22,"Jan 28, 2016",Album Track,Yes,https://open.spotify.com/track/7DJmn7YiwwpU2QTwycq6Lt?si=201f97834d364e40
ANTI,"Love on the Brain
(prod. Fred Ball & Kuk Harrell)",Track 11 on 'ANTI'.,3:44,"Jan 28, 2016",Album Track,Yes,https://open.spotify.com/track/31adnbEEiHwy6DDQ82F3HP?si=f05b152f90da42f5
ANTI,"Higher
(prod. No I.D & Kuk Harrell)",Track 12 on 'ANTI'.,2:00,"Jan 28, 2016",Album Track,Yes,https://open.spotify.com/track/390Zbl3vRpmvjyliv3cp96?si=cdb3063c3b854f2c
ANTI,"Close to You
(prod. Brian Kennedy & Kuk Harrell)",Track 13 on 'ANTI'.,3:43,"Jan 28, 2016",Album Track,Yes,https://open.spotify.com/track/2ZroUx8b9r7pCZOdmbiwPj?si=1f9fe7c4e4d544d3
ANTI,"Goodnight Gotham
(prod. Keyon Christ & Kuk Harrell)",Track 14 on 'ANTI (Deluxe)'.,1:28,"Jan 29, 2016",Album Track,Yes,https://open.spotify.com/track/5LJz7kmFhLqB53tmVWxig5?si=483fb81b83ac4164
ANTI,"Pose
(prod. Hit-Boy, Travis Scott & Kuk Harrell)",Track 15 on 'ANTI (Deluxe)'.,2:24,"Jan 29, 2016",Album Track,Yes,https://open.spotify.com/track/4UTizOdGljPIIbXtoXycAd?si=29f4b4728e7340dc
ANTI,"Sex With Me
(prod. Boi-1da, Frank Dukes, Vinylz & Kuk Harrell)",Track 16 on 'ANTI (Deluxe)'.,3:26,"Jan 29, 2016",Album Track,Yes,https://open.spotify.com/track/7BiELrM90hRxpozaIXbsLw?si=bf158257872b4fa4
ANTI,"Work (R3HAB Remix)
(feat. Drake) (prod. Boi-1da, 40 & Kuk Harrell)",Track 1 on 'Work (Remixes)'.,3:39,"Mar 18, 2016",Remix,Yes,https://open.spotify.com/track/63OshgWbxCtI1WHb5C0Txd?si=21c99083b124436c
ANTI,"Work (R3HAB Extended Remix)
(feat. Drake) (prod. Boi-1da, 40 & Kuk Harrell)",Track 2 on 'Work (Remixes)'.,3:59,"Mar 18, 2016",Remix,Yes,https://open.spotify.com/track/3CP32FhNTfoHTbAxYc3nJn?si=3bdcbc06e4574f86
ANTI,"Work (R3HAB Extended Instrumental)
(feat. Drake) (prod. Boi-1da, 40 & Kuk Harrell)",Track 3 on 'Work (Remixes)'.,3:59,"Mar 18, 2016",Remix,Yes,https://open.spotify.com/track/71eacS0crGmcFbjQ7nIOgy?si=61a43d7076974000
ANTI,"Work (BURNS' Late Night Rollin Remix)
(feat. Drake) (prod. Boi-1da, 40 & Kuk Harrell)",Track 4 on 'Work (Remixes)'.,3:42,"Mar 18, 2016",Remix,Yes,https://open.spotify.com/track/3aIDdmsRFNgZNXzkgRwqUG?si=0d8c1e69e16745bd
ANTI,"Work (Bad Royale Remix)
(feat. Drake) (prod. Boi-1da, 40 & Kuk Harrell)",Track 5 on 'Work (Remixes)'.,3:41,"Mar 18, 2016",Remix,Yes,https://open.spotify.com/track/4l92XvEkDAwCSlN0pgHdUk?si=3ceab294d5e0497d
ANTI,"Work (Bad Royale Remix 2)
(feat. Drake) (prod. Boi-1da, 40 & Kuk Harrell)",Track 6 on 'Work (Remixes)'.,3:42,"Mar 18, 2016",Remix,Yes,https://open.spotify.com/track/7mcI4WnhAYLaoI01ycSwmN?si=1c78d29e3b174332
ANTI,"Work (Lost Kings Remix)
(feat. Drake) (prod. Boi-1da, 40 & Kuk Harrell)",Track 7 on 'Work (Remixes)'.,4:18,"Mar 18, 2016",Remix,Yes,https://open.spotify.com/track/3Qnqmo5wfuEpMKf8b9Cg1n?si=a548573bce624847
ANTI,"Work (Lost Kings Extended Remix)
(feat. Drake) (prod. Boi-1da, 40 & Kuk Harrell)",Track 8 on 'Work (Remixes)'.,4:49,"Mar 18, 2016",Remix,Yes,https://open.spotify.com/track/4Y6MhzhiMo6kdJ7WpXm2D0?si=4d61aef5f99f402e
ANTI,"Kiss It Better (R3HAB Remix)
(prod. R3HAB, Jeff Bhasker, Glass John & Kuk Harrell)",Track 1 on 'Kiss It Better (Dance Remixes)'.,3:04,"Jun 1, 2016",Remix,Yes,https://open.spotify.com/track/2f7HKQh8zptKYnO6aIhErl?si=46508abc3d854f30
ANTI,"Kiss It Better (Four Tet Remix)
(prod. Bernard Fourtet, Jeff Bhasker, Glass John & Kuk Harrell)",Track 2 on 'Kiss It Better (Dance Remixes)'.,4:56,"Jun 1, 2016",Remix,Yes,https://open.spotify.com/track/42qkuB9NAWcsMVP3BwYP5L?si=d9cc932351c34b04
ANTI,"Kiss It Better (KAYTRANADA Remix)
(prod. KAYTRANADA, Jeff Bhasker, Glass John & Kuk Harrell)",Track 3 on 'Kiss It Better (Dance Remixes)'.,5:25,"Jun 1, 2016",Remix,Yes,https://open.spotify.com/track/62tnsScYuep18LnQiQqHmX?si=f383158c5475470c
ANTI,"Kiss It Better (Feenixpawl Remix)
(prod. Feenixpawl, Jeff Bhasker, Glass John & Kuk Harrell)",Track 4 on 'Kiss It Better (Dance Remixes)'.,3:53,"Jun 1, 2016",Remix,Yes,https://open.spotify.com/track/4syL8GULvakWTlXnHJw2qz?si=314b9d3cd7da4ff7
ANTI,"Needed Me (R3HAB Remix)
(prod. R3HAB, DJ Mustard, Frank Dukes, Twice as Nice & Kuk Harrell)",Track 1 on 'Needed Me (Dance Remixes)'.,3:19,"Jun 1, 2016",Remix,Yes,https://open.spotify.com/track/7wq03S8As2bkB6dSnXd63j?si=a60be4dd175e4f30
ANTI,"Needed Me (Salva Remix)
(prod. Salva, DJ Mustard, Frank Dukes, Twice as Nice & Kuk Harrell)",Track 2 on 'Needed Me (Dance Remixes)'.,3:59,"Jun 1, 2016",Remix,Yes,https://open.spotify.com/track/2P44g2cDbKJ8kuGG6XkMma?si=043eee343ccb4ed0
ANTI,"Needed Me (W&W Remix)
(prod. W&W, DJ Mustard, Frank Dukes, Twice as Nice & Kuk Harrell)",Track 3 on 'Needed Me (Dance Remixes)'.,3:25,"Jun 1, 2016",Remix,Yes,https://open.spotify.com/track/1jXFpyE2QB6YWDVo3xy00R?si=edad106d1a97454e
ANTI,"Needed Me (Attlas Remix)
(prod. Attlas, DJ Mustard, Frank Dukes, Twice as Nice & Kuk Harrell)",Track 4 on 'Needed Me (Dance Remixes)'.,4:23,"Jun 1, 2016",Remix,Yes,https://open.spotify.com/track/6roDHJ8HlUmrgO97QEqcT4?si=3743c6b85c7b44fc
ANTI,"Needed Me (Cosmic Dawn Club Mix)
(prod. Cosmic Dawn, DJ Mustard, Frank Dukes, Twice as Nice & Kuk Harrell)",Track 5 on 'Needed Me (Dance Remixes)'.,5:21,"Jun 1, 2016",Remix,Yes,https://open.spotify.com/track/4BHiVkMrTWTGmQT3Frdcjs?si=8d4404e02c264ea3
ANTI,"Love on the Brain (Remix)
(prod. Fred Ball & Kuk Harrell)",Track 1 on 'Love on the Brain (Dance Remixes)'.,3:28,"Oct 17, 2016",Remix,Yes,https://open.spotify.com/track/2SqXhFOHbUJ8Opj0poEDGV?si=89351762509e48af
ANTI,"Love on the Brain (Remix)
(prod. Fred Ball & Kuk Harrell)",Track 2 on 'Love on the Brain (Dance Remixes)'.,3:43,"Oct 17, 2016",Remix,Yes,https://open.spotify.com/track/4AG78vnoHrJt4AGSzEremn?si=f45e7c99cb014053
ANTI,"Love on the Brain (Remix)
(prod. Fred Ball & Kuk Harrell)",Track 3 on 'Love on the Brain (Dance Remixes)'.,3:31,"Oct 17, 2016",Remix,Yes,https://open.spotify.com/track/1OCeLebXU2Y9qxeDH25Cuo?si=118d230472aa4636
ANTI,"Love on the Brain (Remix)
(prod. Fred Ball & Kuk Harrell)",Track 4 on 'Love on the Brain (Dance Remixes)'.,3:37,"Oct 17, 2016",Remix,Yes,https://open.spotify.com/track/5TWQZfWeXydAYN7HsRR55O?si=c667b920323e4196
ANTI,"Sex with Me (MK Remix)
(prod. Boi-1da, Frank Dukes, Vinylz & Kuk Harrell)",Track 1 on 'Sex With Me (Dance Remixes)'.,6:18,"Feb 3, 2017",Remix,Yes,https://open.spotify.com/track/3i5RpfPay4CbjSSd6rIvkq?si=6e0db78456b94d7b
ANTI,"Sex with Me (Salva Remix)
(prod. Boi-1da, Frank Dukes, Vinylz & Kuk Harrell)",Track 2 on 'Sex With Me (Dance Remixes)'.,3:50,"Feb 3, 2017",Remix,Yes,https://open.spotify.com/track/2jU0aeRoacOr0hrgfNXFWd?si=2e533fbc796c4917
ANTI,"Sex with Me (John-Blake Remix)
(prod. Boi-1da, Frank Dukes, Vinylz & Kuk Harrell)",Track 3 on 'Sex With Me (Dance Remixes)'.,2:31,"Feb 3, 2017",Remix,Yes,https://open.spotify.com/track/508ncDMV4yDozahZrpX7Q4?si=1a47be9da3444268
ANTI,"Sex with Me (Addal Remix)
(prod. Boi-1da, Frank Dukes, Vinylz & Kuk Harrell)",Track 4 on 'Sex With Me (Dance Remixes)'.,3:10,"Feb 3, 2017",Remix,Yes,https://open.spotify.com/track/26UV1pNLNLbe0NRA2bUffH?si=7c76ef717d18407d
ANTI,"Sex with Me (DEVAULT Remix)
(prod. Boi-1da, Frank Dukes, Vinylz & Kuk Harrell)",Track 5 on 'Sex With Me (Dance Remixes)'.,4:07,"Feb 3, 2017",Remix,Yes,https://open.spotify.com/track/1NyAz7AtAXkmQBRLCvACW0?si=1d923e5f9d0d4626
ANTI,"Pose (Far East Movement Remix)
(prod. Hit-Boy, Travis Scott & Kuk Harrell)",Track 1 on 'Pose (Dance Remixes)'.,3:21,"Apr 14, 2017",Remix,Yes,https://open.spotify.com/track/62NKeeWnRgnjLEaIRbZCMT?si=422f7e93bc214a29
ANTI,"Pose (Salva Remix)
(prod. Hit-Boy, Travis Scott & Kuk Harrell)",Track 2 on 'Pose (Dance Remixes)'.,3:23,"Apr 14, 2017",Remix,Yes,https://open.spotify.com/track/7gCJmjD6wG8In0kdO0F6Zc?si=79dd4ea0ad3d4897
ANTI,"Pose (Deadly Zoo Remix)
(prod. Hit-Boy, Travis Scott & Kuk Harrell)",Track 3 on 'Pose (Dance Remixes)'.,2:56,"Apr 14, 2017",Remix,Yes,https://open.spotify.com/track/5xCSrU5VZjzDdxyKMDX64R?si=829d4960766946cc
ANTI,"Pose (Eva Shaw Remix)
(prod. Hit-Boy, Travis Scott & Kuk Harrell)",Track 4 on 'Pose (Dance Remixes)'.,2:11,"Apr 14, 2017",Remix,Yes,https://open.spotify.com/track/2wxng6isUWavmGXUU83HYr?si=c6382f1975684bf5
ANTI,"Desperado (MK Remix)
(prod. Mick Schultz & Kuk Harrell)",Track 1 on 'Desperado (Dance Remixes)'.,3:35,"Jun 9, 2017",Remix,Yes,https://open.spotify.com/track/0s03IZegf46I9P5Rr9k4D2?si=907f63d64b6e4a14
ANTI,"Desperado (3LAU Remix)
(prod. Mick Schultz & Kuk Harrell)",Track 2 on 'Desperado (Dance Remixes)'.,3:24,"Jun 9, 2017",Remix,Yes,https://open.spotify.com/track/0Pgxi0ePz1CAVRc7xrQTaO?si=c2f95c47802643ec
ANTI,"Desperado (Andrelli Remix)
(prod. Mick Schultz & Kuk Harrell)",Track 3 on 'Desperado (Dance Remixes)'.,3:03,"Jun 9, 2017",Remix,Yes,https://open.spotify.com/track/1vbpQJCy23kmabwnz2njP9?si=70de861d3c564256
ANTI,"Desperado (Fairlane Remix)
(prod. Mick Schultz & Kuk Harrell)",Track 4 on 'Desperado (Dance Remixes)'.,3:29,"Jun 9, 2017",Remix,Yes,https://open.spotify.com/track/3VGO7NyrWzTJaXqpN6IDbW?si=35265997ff154d67
ANTI,"Consideration (MK Remix)
(feat. SZA) (prod. Scum & Kuk Harrell)",Track 1 on 'Consideration (Dance Remixes)'.,3:55,"Dec 8, 2017",Remix,Yes,https://open.spotify.com/track/3smkHtVHVWKlg6Zaifc2Ow?si=473598472ecc4fac
ANTI,"Consideration (Dirty South Remix)
(feat. SZA) (prod. Scum & Kuk Harrell)",Track 2 on 'Consideration (Dance Remixes)'.,3:37,"Dec 8, 2017",Remix,Yes,https://open.spotify.com/track/3zn6r8zqyZBuiOa7PrAtPm?si=969bd28cf0e542bb
ANTI,"Consideration (Mangal Suvaran Remix)
(feat. SZA) (prod. Scum & Kuk Harrell)",Track 3 on 'Consideration (Dance Remixes)'.,3:26,"Dec 8, 2017",Remix,Yes,https://open.spotify.com/track/6sDIx3jRwWrh7vHflBvhv1?si=976469c04ee74d0a
ANTI,"Consideration (James Carter Remix)
(feat. SZA) (prod. Scum & Kuk Harrell)",Track 4 on 'Consideration (Dance Remixes)'.,2:37,"Dec 8, 2017",Remix,Yes,https://open.spotify.com/track/1s0dzzFLZTbRGSJ2EL2ObD?si=50a17dd11fe0475f
ANTI,"Consideration (Will Clarke Remix)
(feat. SZA) (prod. Scum & Kuk Harrell)",Track 5 on 'Consideration (Dance Remixes)'.,3:44,"Dec 8, 2017",Remix,Yes,https://open.spotify.com/track/73a0etz8TVhjViZLH2qctQ?si=6da0d6f35aac42f4
ANTI,"Consideration (Stafford Brothers Remix)
(feat. SZA) (prod. Scum & Kuk Harrell)",Track 6 on 'Consideration (Dance Remixes)'.,3:23,"Dec 8, 2017",Remix,Yes,https://open.spotify.com/track/3nXljZFHOuvlgqPzclKDyH?si=cc73d43b3d5b4a63
,R9*,"(January 28, 2016) ANTI is released.
(2019) A 'reggae' album is scrapped.
(2024) Rihanna says she's now working on 'R9'.
(Ongoing)",,,,,
Ongoing,"Calvin Harris - This Is What You Came For
(feat. Rihanna) (prod. Calvin Harris & Kuk Harrell)",Released as a single.,3:42,"Apr 29, 2016",Feature,Yes,https://open.spotify.com/track/0azC730Exh71aQlOt9Zj3y?si=151d458bb98347e8
Ongoing,"Drake - Too Good
(feat. Rihanna) (prod. Nineteen85 & Supa Dups)",Track 16 on 'Views'.,4:23,"Apr 29, 2016",Feature,Yes,https://open.spotify.com/track/3BtuIIrQlkujKPuWF2B85z?si=75b1e4db85f84bbd
Ongoing,"Mike WiLL Made-It - Nothing Is Promised
(with Rihanna) (prod. Mike WiLL Made-It & Pluss)","Released as a single, later became track 17 on 'Ransom 2'.",2:50,"Jun 3, 2016",Feature,Yes,https://open.spotify.com/track/4MdQkwmoI9lrUfHGD7wOzy?si=7711ea79dd974dc1
Ongoing,"Sledgehammer
(prod. Jesse Shatkin & Kuk Harrell)",Released as a single for the 'Star Trek Beyond' soundtrack.,3:31,"Jun 27, 2016",Single,Yes,https://open.spotify.com/track/3EdsfpdAlaQBMO0LgNOEhn?si=a2cfda6e51eb4304
Ongoing,"Calvin Harris - This Is What You Came For (Extended Mix)
(feat. Rihanna) (prod. Calvin Harris & Kuk Harrell)",Track 1 on 'This Is What You Came For (Remixes)'.,4:46,"Aug 2, 2016",Remix,Yes,https://open.spotify.com/track/4b7ULL0tJouaAH6OCbWzOI?si=b60a5fe5b17b4240
Ongoing,"Calvin Harris - This Is What You Came For (Dillon Francis Remix)
(feat. Rihanna) (prod. Calvin Harris & Kuk Harrell)",Track 2 on 'This Is What You Came For (Remixes)'.,3:42,"Aug 2, 2016",Remix,Yes,https://open.spotify.com/track/2gDOz4v8D3gGOeowCOipZX?si=abd61c6cbd554954
Ongoing,"Calvin Harris - This Is What You Came For (R3HAB vs Henry Fong Remix)
(feat. Rihanna) (prod. Calvin Harris & Kuk Harrell)",Track 3 on 'This Is What You Came For (Remixes)'.,4:18,"Aug 2, 2016",Remix,Yes,https://open.spotify.com/track/5SkdlJ2J6jc5M0tYlcG4vf?si=0a337fa8c13240e8
Ongoing,"Calvin Harris - This Is What You Came For (R3HAB Remix)
(feat. Rihanna) (prod. Calvin Harris & Kuk Harrell)",Track 4 on 'This Is What You Came For (Remixes)'.,2:30,"Aug 2, 2016",Remix,Yes,https://open.spotify.com/track/2Hh9mUcHvBF4OEMEKB2pgw?si=a64b266e6fa44116
Ongoing,"Calvin Harris - This Is What You Came For (Grandtheft Remix)
(feat. Rihanna) (prod. Calvin Harris & Kuk Harrell)",Track 5 on 'This Is What You Came For (Remixes)'.,3:01,"Aug 2, 2016",Remix,Yes,https://open.spotify.com/track/6DKQu2lpOV00sEVXSR4VHL?si=af4afb37d6d147ed
Ongoing,"Calvin Harris - This Is What You Came For (Tony Junior Remix)
(feat. Rihanna) (prod. Calvin Harris & Kuk Harrell)",Track 6 on 'This Is What You Came For (Remixes)'.,3:35,"Aug 2, 2016",Remix,Yes,https://open.spotify.com/track/5WhTwrwrne5OwXeqUk2fDY?si=657b6f4491f44ef1
Ongoing,"Calvin Harris - This Is What You Came For (Bobby Puma Remix)
(feat. Rihanna) (prod. Calvin Harris & Kuk Harrell)",Track 7 on 'This Is What You Came For (Remixes)'.,4:44,"Aug 2, 2016",Remix,Yes,https://open.spotify.com/track/03NWMTX4G4hKikHbH4HxZh?si=977ea3c029d64ac3
Ongoing,"Future - Selfish
(feat. Rihanna) (prod. Detail, Mantra & Major Seven)",Track 15 on 'HNDRXX'.,4:11,"Feb 24, 2017",Feature,Yes,https://open.spotify.com/track/6yHkPtl6UQ7RjtJLBPzbJw?si=1b8b803057c04754
Ongoing,"DJ Khaled - Wild Thoughts
(feat. Rihanna & Bryson Tiller) (prod. DJ Khaled & PARTYNEXTDOOR)","Released as a single, later became track 4 on 'Grateful'.",3:24,"Jun 16, 2017",Feature,Yes,https://open.spotify.com/track/1OAh8uOEOvTDqkKFsKksCi?si=bec50e126c484e08
Ongoing,"Kendrick Lamar - LOYALTY.
(feat. Rihanna) (prod. DJ Dahi, Sounwave, Terrance Martin & Anthony Tiffith)",Track 6 on 'DAMN.',3:47,"Apr 14, 2017",Feature,Yes,https://open.spotify.com/track/6SwRhMLwNqEi6alNPVG00n?si=87ba134ffe7441fc
Ongoing,"N.E.R.D - Lemon
(feat. Rihanna) (prod. Pharrell Williams & Kuk Harrell)","Released as a single, later became 1 on 'No One Ever Really Dies'.",3:39,"Nov 1, 2017",Feature,Yes,https://open.spotify.com/track/4PpuH4mxL0rD35mOWaLoKS?si=5f6fd1e1403d4e22
Ongoing,"N.E.R.D - Lemon (Edit)
(feat. Rihanna) (prod. Pharrell Williams & Kuk Harrell)","Released as a single, significantly shorter than the initial release.",2:26,"Dec 6, 2017",Feature,Yes,https://open.spotify.com/track/2LKlHBPHxLG5ArAXfF148n?si=ada7f2ded84340ca
Ongoing,"N.E.R.D - Lemon (Remix)
(feat. Rihanna & Drake) (prod. Pharrell Williams & Kuk Harrell)","Released as a single, features a new verse from Drake.",3:46,"Mar 18, 2018",Remix,Yes,https://open.spotify.com/track/739vCwA3EpBSkk3uDsI2wB?si=dd43565bee9645be
Ongoing,"PARTYNEXTDOOR - Believe It
(feat. Rihanna) (prod. Bizness Boi, Cardiak & Ninetyfour)","Released as a single, later became track 10 on 'PARTYMOBILE'.",3:03,"Mar 26, 2020",Feature,Yes,https://open.spotify.com/track/6xKYm7hysmcqBLu8hNFBp5?si=5f054c30d19648b6
Ongoing,"Lift Me Up
(prod. Ludwig Goransson)","Released as a single, later became track 1 on the 'Black Panther: Wakanda Forever' soundtrack.",3:16,"Oct 28, 2022",Single,Yes,https://open.spotify.com/track/35ovElsgyAtQwYPYnZJECg?si=b75c3efbd0664b4c
Ongoing,"Lift Me Up - Instrumental
(prod. Ludwig Goransson)",Released as a single alongside the actual song.,3:15,"Oct 28, 2022",Single,Yes,https://open.spotify.com/track/1Jb0BvBueT6TBcZKIRWoJ6?si=4671cc9ee8404291
Ongoing,"Born Again
(prod. Ludwig Goransson & The-Dream)",Track 20 on the 'Black Panther: Wakanda Forever' soundtrack.,3:33,"Nov 11, 2022",Feature,Yes,https://open.spotify.com/track/18zQTt3ifDv6iLni2YuXMg?si=ba286ccad89841df
,,,,,,,
"Is There A Problem With The Tracker You Have Seen?
Report It at the TrackerHub Discord!",,,,,,,