Era,Name,Notes,Length,File Date,Leak Date,Type,Available,Quality,Link(s)
Piss In The Wind,LOVE YOU LESS (Live Version),"Live Version of ""LOVE YOU LESS"". Performed at the Prudential Center in Newark, NJ.",?:??,,"Jun 16, 2026",Live Ver.,Full,Recording,Link Needed
Piss In The Wind,Sojourn (Live Version),"Live Version of ""Sojourn"". Performed at the Prudential Center in Newark, NJ.",?:??,,"Jun 16, 2026",Live Ver.,Full,Recording,Link Needed
Piss In The Wind,PIXELATED KISSES (Live Version),"Live Version of ""PIXELATED KISSES"". Performed at the Prudential Center in Newark, NJ.",?:??,,"Jun 16, 2026",Live Ver.,Full,Recording,Link Needed
Piss In The Wind,Ew x Sojourn,"OG Filename: Ew + Sojourn
Mashup used in a SOLARIS tour promotional video released on March 17th, 2026.
A full length mashup of the two tracks was never made however.",0:35,,"May 20, 2026",Mashup,OG File,Lossless,Link Needed
Piss In The Wind,Dissolve x Hotel California,"OG Filename: Dissolve + Hotel California
Mashup used in a SOLARIS tour promotional video released on May 20th, 2026.
A full length mashup of the two tracks was never made however.",0:36,,"May 20, 2026",Mashup,OG File,Lossless,Link Needed
Piss In The Wind,Glimpse of Us x PIXELATED KISSES,"OG Filename: Glimpse of Us + PIXELATED KISSES
Mashup used in a SOLARIS tour promotional video released on March 6th, 2026.
A full length mashup of the two tracks was never made however.",0:33,,"Mar 6, 2026",Mashup,OG File,Lossless,Link Needed
Piss In The Wind,"If It Only Gets Better (Interlude)
(prod. Wonton & Joji)","Interlude version made for the SOLARIS show in Newark, New Jersey.
Pretty much the same thing as the actual release.",1:15,,"Jun 16, 2026",Live Ver.,Full,High Quality,Link Needed
Piss In The Wind,"Rain On Me (Interlude)
(prod. Joji)","Interlude version made for the SOLARIS show in Newark, New Jersey.
This version doesn't have the second part / the outro like on SoundCloud.",2:25,,"Jun 16, 2026",Live Ver.,Full,High Quality,Link Needed
Piss In The Wind,"Reanimator (Interlude)
(prod. Reske & Yves Tumor)","Interlude version made for the SOLARIS show in Newark, New Jersey.
This version has additional guitar but doesn't include Joji's verse.",1:40,,"Jun 16, 2026",Live Ver.,Full,High Quality,Link Needed
Nectar,⭐️ Focus,"OG Filename: Focus - Joji - FR Ruff 2.mp3
OG Filename (Metadata): Focus
Leaked after a groupbuy was completed on May 14th, 2026.",3:18,2019,"May 14, 2026",Throwaway,OG File,CD Quality,Link
Nectar,"Lone Ranger [OG Bounce]
(ref. Trey Campbell) (writ. Trey Campbell)","OG Filename: Joji - Lone Ranger RUFF1.1.mp3
OG Filename (Metadata): Lone Ranger (Trey Campbell Topline)
Original Bounce for ""Lone Ranger"". Leaked as a bonus to a groupbuy on May 14th, 2026.
Encoded by Logic Pro X 10.4.6, which released on July 9th, 2019.",2:42,2019,"May 14, 2026",Demo,OG File,CD Quality,Link
Nectar,⭐️ Bad Feelings [OG Bounce],"OG Filename: Bad Feelings.mp3
A scrapped song that was recorded sometime in 2019. It was bounced again sometime later in 2021, and forceleaked on January 26th, 2024, with the OG file leaking as part of a Groupbuy bonus on May 12th, 2026. It's a pretty different style to a lot of Joji's other work. He also has a rap-like verse on the track as well.",2:48,2019,"May 12, 2026",Throwaway,OG File,CD Quality,Link
Piss In The Wind,"Orin - Train Back Home [V1]
(prod. Orin)
aka. Back Home","OG Filename: ORIN_TRAINBACKHOME_131BPM
Instrumental Demo for ""Back Home"". Originally titled ""Train Back Home""
Previewed on an Instagram Live and TikTok by Orin on May 2nd, 2026.",3:00*,"Aug 25, 2025","May 2, 2026",Beat,Snippet,High Quality,Snippet
Piss In The Wind,"Yeat - Back Home [V2]
(prod. Synthetic, Orin & Gleero)
aka. Train Back Home","OG Filename: (YEAT) BACKHOME 114 SYNTHETIC ORIN GLEERO
Filename for a Demo seen on an Instagram Live / TikTok from Orin. Lucid isn't credited on this version so their production must have been added after Yeat recorded vocals.",,,,Demo,Confirmed,Unavailable,
Nectar,"Swayd [OG File]
(ref. Joji) (prod. BLANDA)","OG Filename: Swayd - joji x blanda [skratch-bnc] 110bpm.mp3
OG Filename (Metadata): Swayd - joji x blanda [skratch-bnc] 110bpm
Mumble demo that first surfaced in a leaked Discord Call with skyupsahl.
Copywritten as a Sketch, which is a fancier way of saying a mumble demo.
OG File was leaked on May 8th, 2026 as a bonus to a groupbuy.
It was encoded in iTunes version 12.9.0.164, which released on September 24th, 2018.",4:30,2018,"Sep 21, 2024",Sketch,OG File,"High Quality
(192kbps)",Link
Piss In The Wind,"Anyma - Beautiful [Instrumental]
(prod. Anyma)","Official Instrumental for ""Beautiful"" by Anyma.",3:35,,"Apr 3, 2026",Instrumental,Full,CD Quality,Link
Head In The Clouds II,"Lovin You [Sessions]
(prod. Aryay)
aka. Loving You","Ableton Sessions for ""Lovin' You"". Leaked after a successful groupbuy for $400.
Includes multiple vocal outtakes.",N/A,"Nov 2, 2018","Mar 29, 2026",Sessions,OG File,Lossless,
Head In The Clouds II,"Lovin' You [Instrumental] [V2]
(prod. Aryay)
aka. Loving You","OG Filename: Loving You - Inst 78 (11.02.18).mp3
Instrumental for ""Lovin' You"".",1:16,"Nov 2, 2018","Mar 29, 2026",Instrumental,OG File,CD Quality,Link
Head In The Clouds II,"Skeletons [Sessions]
(prod. Aryay)","Ableton Sessions for ""Skeletons"". Leaked after a successful groupbuy for $400.
Includes multiple vocal outtakes.",N/A,"Nov 2, 2018","Mar 29, 2026",Sessions,OG File,Lossless,
Head In The Clouds II,"Skeletons [Instrumental] [V1]
(prod. Aryay)","OG Filename: Skeletons instru.mp3
Original Instrumental for ""Skeletons"".",1:43,2018,"Mar 29, 2026",Instrumental,OG File,CD Quality,Link
Head In The Clouds II,"Skeletons [Instrumental] [V2]
(prod. Aryay)","OG Filename: Skeletons - Inst 100 (11.02.18).mp3
Instrumental for ""Skeletons"".",1:16,"Nov 2, 2018","Mar 29, 2026",Instrumental,OG File,CD Quality,Link
Head In The Clouds II,"Skeletons [V1]
(prod. Aryay)","OG Filename: Skeletons - Ref 1 (11.02.18).mp3
Mumble reference for ""Skeletons"" by Joji.
Leaked after a successful groupbuy for the sessions of the 4 mumble tracks for $400.",1:50,"Nov 2, 2018","Sep 21, 2024",Reference,OG File,CD Quality,Link
Head In The Clouds II,"Aryay - Untitled Beat [V1]
(prod. Aryay)
aka. Lovin' You, Loving You","OG Filename: Rock vibes 78 BPM trap drums.wav
Original Beat for ""Lovin' You"".",0:49,,"Mar 29, 2026",Beat,OG File,"Lossless
(2116kbps)",Link
Head In The Clouds II,"Victor [Instrumental] [V1]
(prod. Aryay)","OG Filename: Victor sesh idea 1 73 BPM.mp3
Original Instrumental for ""Victor"".",2:34,2018,"Mar 29, 2026",Instrumental,OG File,CD Quality,Link
Head In The Clouds II,"Victor [Instrumental] [V2]
(prod. Aryay)","OG Filename: Victor Sesh - Inst 73 (11.02.18).mp3
Instrumental for ""Victor Sesh"".",2:18,"Nov 2, 2018","Mar 29, 2026",Instrumental,OG File,CD Quality,Link
Head In The Clouds II,"Victor [Sessions]
(prod. Aryay)","Ableton Sessions for ""Victor Sesh"". Leaked after a successful groupbuy for $400.
Includes multiple vocal outtakes.",N/A,"Nov 2, 2018","Mar 29, 2026",Sessions,OG File,Lossless,
Head In The Clouds II,"Who Made You [Sessions]
(prod. Aryay)
aka. God Complex","Ableton Sessions for ""Who Made You"". Leaked after a successful groupbuy for $400.
Includes multiple vocal outtakes.",N/A,"Nov 2, 2018","Mar 29, 2026",Sessions,OG File,Lossless,
Head In The Clouds II,"Who Made You [Instrumental] [V1]
(prod. Aryay)
aka. Who Made You God, God Complex","OG Filename: Who Made You - Inst 83 (11.02.18).mp3
Instrumental for ""Who Made You"".",1:09,"Nov 2, 2018","Mar 29, 2026",Instrumental,OG File,CD Quality,Link
Head In The Clouds II,"Who Made You God [Instrumental] [V2]
(prod. Aryay)
aka. Who Made You, God Complex","OG Filename: Who made you gd final mix instru 83bpm.wav
OG Filename (Metadata): Who made you gd final mix instru 83bpm
Instrumental for ""Who Made You"". Later used by Anjulie for her song ""God Complex"".",3:02,2018,"Mar 29, 2026",Instrumental,OG File,"Lossless
(2116kbps)",Link
In Tongues (Deluxe),"✨ Will He (SwuM Remix)
(prod. SwuM)","Remix of ""Will He"" by SwuM intended for the deluxe release but went unused.
Snippets were leaked by Datura on November 18th, 2021, but the remix might be fake,
but it's also possible this is the collaboration SwuM teased on Twitter some years back.",2:32,,"Mar 28, 2026",Remix,Full,CD Quality,Link
In Tongues (Deluxe),"✨ Window (Actress Remix)
(prod. Actress)","Remix of ""Window"" that Actress meant to submit. Snippets were leaked by Datura on November 18th, 2021. The ""remix"" on the deluxe version is actually a demo of Actress' own song ""Fire and Light"", which released 2 years later on ""Karma & Desire"". His request to resubmit the file was rejected by 88rising so they could ensure that the deluxe would release on Valentine’s Day. The full remix was leaked by Jae on March 29th, 2026.
The remix ends 2 minutes in, and the rest is just 5 minutes of white noise. Why? No idea.",6:56,,"Mar 29, 2026",Remix,Full,"High Quality
(224kbps)",Link
Nectar,Alone,"A mumble demo currently in circulation. Snippet surfaced on March 28th, 2026.",,,"Mar 28, 2026",Sketch,Snippet,"High Quality
(192kbps)",Link
Nectar,"??? - Ew [V2]
(prod. The Donuts & Bēkon)","Writer's Demo for ""Ew"".",0:11*,,"Dec 4, 2025",Reference,Snippet,"High Quality
(112kbps)",Snippet
In Tongues,"Joji at Boiler Room [Live Set]
(prod. Joji & rei brown)","OG Filename: Joji.mp3
Official Export from Boiler Room made some time after the show.",13:32,"July 10, 2017",2017,Live Set,Full,"High Quality
(256kbps)",Link
BALLADS 1,"Lil Toe - Pipe Down
(prod. Joji) (writ. Lil Toe)","OG Filename: PIPE DOWN 9.wav
OG File for ""PIPE DOWN"" by Lil Toe.",2:09,"Feb 18, 2018","Mar 2, 2026",Original File,OG File,"Lossless
(2116kbps)",Link
Nectar,"Lil Toe - VISA [Original File]
(prod. JXJX)
aka. VISA FREESTYLE","OG Filename: visa freestyle 5 master.m4a
Original File for ""Visa"" by Lil Toe. Uploaded to Lil Toe's SoundCloud.",2:03,"Apr 17, 2019","Mar 2, 2026",Original File,OG File,"High Quality
(109kbps)",Link
BALLADS 1,"⭐️ DYKILY [Bounce 2]
(prod. Joji & BRTHR) (writ. Joji)
aka. DON'T YOU KNOW I LOVE YOU","Filename: Joji - DYKILY (2017 Demo Version).wav
First previewed in the music video for ""Window"" on January 24th, 2018 . Afterwards the song was used as an introduction to many of Joji's live shows. It was later played in full on the ""LOST BALLADS"" VHS tape which also released on YouTube on April 16th, 2019.
The guitar was done by BRTHR, who also did the guitar for ""WANTED U"". (not the solo).
It was suprised dropped on February 9th, 2026 as a bonus track for ""Piss In The Wind"". The copy apart of ""Piss In The Wind"" was exported on January 29th, 2026.",0:58,"Jan 29, 2026","Feb 9, 2026",Demo,OG File,"Lossless
(2304kbps)",Link
Piss In The Wind,"✨ Piece Of You [Teaser]
(feat. Giveon) (prod. Kenny Beats, Ninetyfour, J.Sweet & Sevn Thomas) (writ. Ninetyfour, Joji, Giveon, J.Sweet, Kenny Beats, Lily Kaplan & Sevn Thomas)","Teaser for ""Piece Of You"" uploaded to Joji's newest Bandcamp account.
Uses the ""Wake up, how do you feel?"" audio from some Nectar teasers.
It was deleted immediately after the discovery of the teaser.",0:24,,"Jan 24, 2026",Teaser,Snippet,High Quality,Teaser
Head In The Clouds II,"🗑️ Breathe (TWEEK TUNE Remix)
(prod. TWEEK TUNE)","OG Filename: tweek tune - joji & 88rising - Breath COVER .mp3
Remix of ""Breathe"" by TWEEK TUNE. It's not good tho.",1:48,2020,"Jan 12, 2026",Remix,OG File,"High Quality
(192kbps)",Link
Chloe Burbank Volume 1 [V2],"MISOGI - Untitled
(prod. MISOGI & Joji)
aka. Wonderwall","OG Filename: JOJIsnippet2.mp3
Snippet bounce of the Wonderwall Instrumental produced by MISOGI and Joji.
Uploaded to MISOGI's SoundCloud account on April 13th, 2016.",0:39,"Apr 13, 2016","Jan 9, 2026",Beat,Snippet,"High Quality
(128kbps)",Snippet
Chloe Burbank Volume 1 [V2],"ryanjacob - Untitled [V1]
(feat. Lil West) (prod. ryanjacob & Joji)
aka. Hesitate, LADDER, WANT IT","OG Name: 99 99 ryanjacob x joji.mp3
Lost demo that we only have the filename for after it was deleted.
Very likely it's just an instrumental / beat only version of the one below.
Uploaded to ryanjacob's SoundCloud account on October 15th, 2016.",3:16,2016,,Beat,Confirmed,Unavailable,
Chloe Burbank Volume 1 [V2],"✨ ryanjacob - Untitled [V2]
(feat. Lil West) (prod. ryanjacob & Joji)
aka. Hesitate, LADDER, WANT IT","OG Name: ry joji WEST 2nd vers 99 Bpm B Minor demo.mp3
This version features Lil West, who was scrapped from the song later on.
Uploaded to ryanjacob's SoundCloud account on November 30th, 2016.",3:16,2016,"Jan 9, 2026",Demo,OG File,"CD Quality
(320kbps)",Link
In Tongues,"✨ ryanjacob - Untitled [V3]
(prod. ryanjacob, Joji & MISOGI)
aka. Hesitate, LADDER, WANT IT","OG Name: RYAN X JOJI X MISOGI.mp3
Instrumental Version with production from MISOGI. The bounce is a partial export.
It was privately uploaded to ryanjacob's SoundCloud account on January 3rd, 2017.",1:41,2017,"Jan 9, 2026",Beat,OG File,"CD Quality
(320kbps)",Link
In Tongues,"ryanjacob - LADDER [V4]
(feat. Joji & Nok From the Future)
(prod. ryanjacob, Joji & Nok From the Future)
aka. Hesitate, WANT IT","OG Name: LADDER ft joji + Nok From The Future.mp3
Lost demo that we only have the filename for after it was deleted.
Uploaded to ryanjacob's SoundCloud account on February 28th, 2017.",4:33,2017,,Demo,Confirmed,Unavailable,
In Tongues,"✨ ryanjacob - LADDER [V5]
(prod. ryanjacob & Nok From the Future) (coprod. Joji)
aka. Hesitate, WANT IT","OG Name: Ry tape EP Demo1  Ryan Dylan doing verse1 Nok Demo Outro co prod joji.mp3
The demo was seemingly meant for an EP from ryanjacob at one point.
Uploaded to ryanjacob's SoundCloud account on March 22nd, 2017.",4:33,2017,"Jan 9, 2026",Demo,OG File,"CD Quality
(320kbps)",Link
In Tongues,"ryanjacob - Untitled [V6]
(prod. ryanjacob & Joji)
aka. Hesitate, LADDER, WANT IT","OG Name: Ryjoji99.mp3
Different Instrumental version without Nok From the Future's additions.
Uploaded to ryanjacob's SoundCloud account on April 24th, 2017.",3:14,2017,"Jan 9, 2026",Beat,OG File,"CD Quality
(320kbps)",Link
In Tongues,"ryanjacob - Untitled [V7]
(prod. ryanjacob) (coprod. Y2K & Joji)
aka. Hesitate, LADDER, WANT IT","OG Name: prod ry joji y2k.mp3
Instrumental version with additional production from Y2K.
Uploaded to ryanjacob's SoundCloud account on April 26th, 2017.",2:35,2017,"Jan 9, 2026",Beat,OG File,"CD Quality
(320kbps)",Link
In Tongues,"ryanjacob - Untitled [V8]
(prod. ryanjacob & Y2K) (coprod. Joji & Dylan Brady)
aka. Hesitate, LADDER, WANT IT","OG Name: ryanjacob y2k joji.mp3
Instrumental version with additional production from Y2K.
Uploaded to ryanjacob's SoundCloud account on May 26th, 2017.",2:54,2017,"Jan 9, 2026",Beat,OG File,"CD Quality
(320kbps)",Link
In Tongues,"ryanjacob - Untitled [V9]
(feat. Pritty) (prod. ryanjacob & Y2K) (coprod. Joji & Dylan Brady)
aka. Hesitate, LADDER, WANT IT","OG Name: ""Untitled"" - **** Pritty (Verse1) (PROD. ryanjacob & Y2K co. joji & Dylan Brady)
Uploaded to ryanjacob's SoundCloud account on July 7th, 2017.",2:54,2017,"Jan 9, 2026",Demo,OG File,"CD Quality
(320kbps)",Link
In Tongues,"ryanjacob - WANT IT [V10]
(feat. Kensei Abbot, Pritty & Ricky Anthony)
(prod. ryanjacob & Y2K) (coprod. Joji & Dylan Brady)
aka. Hesitate, LADDER","OG Name: ""WANT IT"" - KENSEI ABBOT, PRITTY & ????
(prod. ryanjacob & Y2K co. joji & Dylan Brady).mp3
This version features Kensai Abbot, who was scrapped from the song.
Uploaded to ryanjacob's SoundCloud account on July 15th, 2017.",2:54,2017,"Jan 9, 2026",Demo,OG File,"CD Quality
(320kbps)",Link
In Tongues,"✨ ryanjacob - WANT IT [V11]
(feat. Kensei Abbot, Pritty & Ricky Anthony)
(prod. ryanjacob & Y2K) (coprod. Joji & Dylan Brady)
aka. Hesitate, LADDER","OG Name: ""WANT IT"" - Kensei Abbot, Pritty & Ricky Anthony
(prod. ryanjacob & Y2K co. joji & Dylan Brady).mp3
This version features Kensai Abbot, who was scrapped from the song.
Uploaded to ryanjacob's SoundCloud account on July 21st, 2017.",2:46,2017,"Jan 9, 2026",Demo,OG File,"CD Quality
(320kbps)",Link
In Tongues,"ryanjacob - Untitled [V12]
(feat. Pritty & Ricky Anthony)
(prod. ryanjacob & Y2K) (coprod. Joji & Dylan Brady)
aka. Hesitate, LADDER, WANT IT","OG Name: *NO HOOK*w/, PRITTY, RICKY ANTHONY
(PROD RYANJACOB & Y2K co. JOJI & DYLAN BRADY)
Lost demo that we only have the filename for after it was deleted.
Uploaded to ryanjacob's SoundCloud account on August 5th, 2017.",2:51,2017,,Demo,Confirmed,Unavailable,
In Tongues,"ryanjacob - Untitled [V13]
(feat. brndn, Pritty & Ricky Anthony)
(prod. ryanjacob & Y2K) (coprod. Joji & Dylan Brady)
aka. Hesitate, LADDER, WANT IT","OG Name: ""  "" w/ Brndn X Pritty X Ricky Prod Ry Ari George Dylan
Lost demo that we only have the filename for after it was deleted.
Uploaded to ryanjacob's SoundCloud account on September 15th, 2017.",2:51,2017,,Demo,Confirmed,Unavailable,
In Tongues,"ryanjacob - Hesitate [V14]
(feat. Pritty, brndn & Ricky Anthony)
(prod. ryanjacob & Y2K) (coprod. Joji & Dylan Brady)
aka. LADDER, WANT IT","OG Name: Hesitate (roughhook splice)Master
Lost demo that we only have the filename for after it was deleted.
Uploaded to ryanjacob's SoundCloud account on September 17th, 2017.",2:48,2017,,Demo,Confirmed,Unavailable,
In Tongues,"ryanjacob - Hesitate [V15]
(feat. Pritty, brndn & Ricky Anthony)
(prod. ryanjacob & Y2K) (coprod. Joji & Dylan Brady)
aka. LADDER, WANT IT","OG Name: ""HESITATE"" - PRITTY, BRNDN ,RICKY ANTHONY
(PROD. RYANJACOB & Y2K co. JOJI & DYLAN BRADY)
Uploaded to ryanjacob's SoundCloud account on September 21st, 2017.",2:51,2017,"Jan 9, 2026",Demo,OG File,"CD Quality
(320kbps)",Link
In Tongues,"✨ MISOGI - Untitled
(feat. Joji) (prod. MISOGI & Joji)","OG Filename: ft joji.mp3
Instrumental by MISOGI that features production from Joji.
Uploaded to MISOGI's SoundCloud account on April 24th, 2017.",1:44,,"Jan 9, 2026",Beat,OG File,"CD Quality
(320kbps)",Link
In Tongues (Deluxe),"Will He (Ryan Hemsworth Remix) [Master] [V1]
(prod. Ryan Hemsworth)","OG Filename: Will He (Ryan Hemsworth Remix).mp3
Remix of ""Will He"" by Ryan Hemsworth. It's the same version but it wasn't a lossless bounce. Uploaded to Ryan Hemsworth's SoundCloud account on January 22nd, 2018. ",2:48,,"Jan 9, 2026",Remix,Full,High Quality,Link
BALLADS 1,"Clams Casino - Bluedawn
(prod. Clams Casino & Thundercat)","OG Name: Bluedawn w/ Thundercat Bass
OG Filename: 3 bluedawn.mp3
Beat uploaded to Clams Casino's SoundCloud account on May 30th, 2018.",3:53,,"Jan 9, 2026",Beat,Full,High Quality,Link
BALLADS 1,"Clams Casino - CRT
(prod. Clams Casino & Thundercat)","OG Name: CRT w/ Thundercat Bass
OG Filename: CRT.mp3
Beat uploaded to Clams Casino's SoundCloud account on May 30th, 2018.",3:42,,"Jan 9, 2026",Beat,Full,High Quality,Link
BALLADS 1,"Clams Casino - Sparkle
(prod. Clams Casino & Thundercat)","OG Name: Sparkle w/ Thundercat Bass
OG Filename: 2 sparkle.mp3
Beat uploaded to Clams Casino's SoundCloud account on May 30th, 2018.",2:55,,"Jan 9, 2026",Beat,Full,High Quality,Link
BALLADS 1,"Clams Casino - The Fire's Alive [V1]
(prod. Clams Casino & Thundercat)","OG Name: The Fire's Alive w/ Thundercat Bass
OG Filename: 4 The Fire's Alive - inst version.mp3
Beat uploaded to Clams Casino's SoundCloud account on May 30th, 2018.",3:06,,"Jan 9, 2026",Beat,Full,High Quality,Link
BALLADS 1,"ryanjacob - Untitled
(prod. ryanjacob)","OG Name: JOJI CHORDs IDEA
Chords from ryanjacob for Joji that was likely never even used by Joji.
Uploaded to ryanjacob's SoundCloud account on December 26th, 2017.",1:25,2017,"Jan 6, 2026",Reference,OG File,"CD Quality
(320kbps)",Link
BALLADS 1,"✨ ryanjacob & riclaflare - Untitled
(prod. ryanjacob & riclaflare)","OG Name: joji_1 Prod ryan x ric
Beat by ryanjacob that was meant for for Joji.
Uploaded to ryanjacob's SoundCloud acount on March 31st, 2018.",2:24,"Mar 31, 2018","Jan 9, 2026",Beat,OG File,"CD Quality
(320kbps)",Link
BALLADS 1,"Ryan Hemsworth - Think About You [V3]
(feat. Joji) (prod. Ryan Hemsworth)
aka. Think About You","OG Filename: Think About You.wav
Demo uploaded to Ryan Hemsworth's SoundCloud on March 20th, 2018.
Possibly bounced on January 31st, 2018 as the SoundCloud URL mentions it.",2:49,"Jan 31, 2018","Jan 9, 2026",Demo,Full,High Quality,Link
BALLADS 1,"Ryan Hemsworth - Think About U [V3]
(feat. Joji) (prod. Ryan Hemsworth)
aka. Think About You","OG Filename: Think About U.wav
Demo uploaded to Ryan Hemsworth's SoundCloud on April 3rd, 2018.",2:49,"Apr 3, 2018","Jan 9, 2026",Demo,Full,High Quality,Link
BALLADS 1,"Ryan Hemsworth - Think About U [V4]
(feat. Joji) (prod. Ryan Hemsworth)
aka. Think About You","OG Filename: Think About U ft. Joji.mp3
Demo uploaded to Ryan Hemsworth's SoundCloud on July 18th, 2018.",2:49,,"Jan 9, 2026",Demo,Full,High Quality,Link
BALLADS 1,"Ryan Hemsworth - Think About U [V5]
(feat. Joji) (prod. Ryan Hemsworth)
aka. Think About You","OG Filename: 11 Think About U (ft. Joji).mp3
Demo uploaded to Ryan Hemsworth's SoundCloud on September 3rd, 2018.",2:49,,"Jan 9, 2026",Demo,Full,High Quality,Link
BALLADS 1,"Getter & Joji - On My Way Out [Master]
(feat. Joji) (prod. Getter)","OG Filename: On My Way Out Feat Joji.mp3
Another final bounce uploaded to Getter's SoundCloud on May 30th, 2018.",5:30,,"Jan 9, 2026",Master,Full,High Quality,Link
Nectar,"✨ Daniel Wilson - Run [V1.1]
(prod. Justin Parker)","OG Filename: run 1.1 LIM.mp3
The first version of the reference track for ""Run"" by Daniel Wilson.
It was privately uploaded to their SoundCloud on January 18th, 2019.",3:21,,"Jan 9, 2026",Reference,Full,High Quality,Link
Nectar,"✨ Daniel Wilson - Sanctuary [V1]
(prod. Justin Raisen)","OG Filename: Raisen_Wilson_sAnctuary demo (beat version).wav.m4a
First version of Daniel Wilson's Demo / Reference Track of ""Sanctuary"".
This version is vastly different, which is mostly due to Daniel's style of singing.
The instrumental is slightly different as well and was slightly pitched up as well.
It was privately uploaded to their SoundCloud on March 6th, 2017.",3:49,,"Jan 9, 2026",Reference,Full,High Quality,Link
Nectar,"✨ Daniel Wilson - Sanctuary [V2]
(prod. Justin Raisen)","OG Filename: Daniel Wilson_Sanctuary_06_20_17_JLRmix1_ProL!.wav
Second version of Daniel Wilson's Demo / Reference Track of ""Sanctuary"".
This version is vastly different, which is mostly due to Daniel's style of singing.
It's slightly longer too as the hook continues and was used as part of the ontro.
The instrumental is slightly different as well and was slightly pitched up as well.
It was privately uploaded to their SoundCloud on February 11th, 2018.",4:00,"Jun 20, 2017","Jan 9, 2026",Reference,Full,High Quality,Link
Nectar,✨ Daniel Wilson - Try,"OG Filename: Try.mp3
Song by Daniel Wilson, it's currently unknown if it was ever sent to Joji.
It was privately uploaded to their SoundCloud on January 18th, 2019.",2:31,,"Jan 9, 2026",Reference,Full,High Quality,Link
Nectar,"✨ WHIPPED CREAM - SUNDAY [V2]
(prod. WHIPPED CREAM)","OG Name: FOR JOJI V1
OG Filename: JOJI V1.wav
Instrumental demo of ""Sunday"". Produced by WHIPPED CREAM.
It was privately uploaded to their SoundCloud on June 4th, 2020.",3:30,"Jun 4, 2020","Jan 9, 2026",Beat,Full,High Quality,Link
Nectar,"WHIPPED CREAM - SUNDAY [V3]
(prod. WHIPPED CREAM)","OG Name: Joji V2
OG Name (2): J V 2
OG Filename: joji V2.wav
Instrumental demo of ""Sunday"". Produced by WHIPPED CREAM.
It was privately uploaded twice to their SoundCloud on June 4th, 2020.",3:30,"Jun 4, 2020","Jan 9, 2026",Beat,Full,High Quality,Link
Nectar,"WHIPPED CREAM - SUNDAY [V4]
(prod. WHIPPED CREAM)","OG Name: J V3
OG Filename (Metadata): JOJI V11
Instrumental demo of ""Sunday"". Produced by WHIPPED CREAM. This one has the outro 
from the first version. It was privately uploaded to their SoundCloud on June 4th, 2020.",3:32,"Jun 4, 2020","Jan 9, 2026",Beat,Full,High Quality,Link
Nectar,"WHIPPED CREAM - SUNDAY [V5]
(prod. WHIPPED CREAM)","OG Name: J V1
OG Filename: joji23 v3.wav
Instrumental demo of ""Sunday"". Produced by WHIPPED CREAM. 
It was privately uploaded to their SoundCloud on June 5th, 2020.",3:38,"Jun 5, 2020","Jan 9, 2026",Beat,Full,High Quality,Link
Nectar,"WHIPPED CREAM - SUNDAY [V6]
(prod. WHIPPED CREAM)","OG Filename: joji 2 other other.wav
Instrumental demo of ""Sunday"". Produced by WHIPPED CREAM.
It was privately uploaded to their SoundCloud on June 5th, 2020.",2:57,"Jun 5, 2020","Jan 9, 2026",Beat,Full,High Quality,Link
Nectar,"✨ WHIPPED CREAM - SUNDAY [V7]
(prod. WHIPPED CREAM)","OG Name: SUNDAY OG V 5
OG Filename: SUNDAY (1).wav
Instrumental Version of ""Sunday"". Produced by WHIPPED CREAM.
It was privately uploaded to their SoundCloud on June 5th, 2020.
This was the version that Joji eventually recorded vocals over.",1:58,"Jun 5, 2020","Jan 9, 2026",Beat,Full,High Quality,Link
Nectar,"✨ WHIPPED CREAM - SUNDAY [V8]
(prod. WHIPPED CREAM)","OG Name: J V4
OG Filename: OTHER BAB.wav
Instrumental demo of ""Sunday"". Produced by WHIPPED CREAM.
It was privately uploaded to their SoundCloud on June 9th, 2020.",3:23,"Jun 9, 2020","Jan 9, 2026",Beat,Full,High Quality,Link
Nectar,"✨ ryanjacob & Darcy Baylis - Untitled
(prod. ryanjacob & Darcy Baylis)","OG Name: 145 ryanjacob x darcy baylis idea!2
OG Filename: 145rydarcyjoji.mp3
Beat meant for Joji that was produced by ryanjacob and Darcy Balis.
It was privately uploaded to their SoundCloud on June 1st, 2019.",3:05,2019,"Jan 9, 2026",Beat,OG File,"CD Quality
(320kbps)",Link
Nectar,Daniel Wilson - Weight of the World,"OG Filename: Weight of the World v1.0 [Ref] - Demo.mp3
Song by Daniel Wilson, it's currently unknown if it was ever sent to Joji.
It was privately uploaded to their SoundCloud on February 26th, 2018.",3:55,,"Jan 9, 2026",Reference,Full,High Quality,Link
SMITHEREENS,"WHIPPED CREAM - Untitled
(prod. WHIPPED CREAM)","OG Filename: joji.wav
Beat for Joji produced by WHIPPED CREAM, which was privately uploaded to their SoundCloud on account on December 16th, 2020. Uses sounds from a Weeknd Kit.",3:05,"Dec 16, 2020","Jan 9, 2026",Beat,Full,High Quality,Link
Nectar,"✨ WHIPPED CREAM - SUNDAY [V1]
(prod. WHIPPED CREAM)","OG Filename: SUNDAY.wav
Original Beat uploaded to WHIPPED CREAM's SoundCloud on November 28th, 2018",1:58,,"Dec 29, 2025",Beat,OG File,"Lossless
(12.288Mbps)",Link
In Tongues,"Will He [V2] [Master]
(prod. West1ne & Joji)
aka. Will He?","OG Filename: joji - Will He (Clean).wav
Master of the Clean Mix of ""Will He"".",3:22,"Aug 21, 2017","Dec 24, 2025",Master,OG File,Lossless,Link
In Tongues,"Bitter Fuck [V4] [Master]
(prod. Joji)
aka. Bitter","OG Filename: joji - Bitter Fuck (Clean).wav
Master of the Clean Mix of ""Bitter Fuck"".",2:34,"Aug 31, 2017","Dec 24, 2025",Master,OG File,Lossless,Link
Nectar,"WHIPPED CREAM - ??? [V1]
(prod. WHIPPED CREAM)
aka. Sunday","OG Filename: FOR JOJI V1.m4a
OG Filename (Metadata): FOR JOJI V1
Original Beat that was used in ""Sunday"".",3:30,"Jun 4, 2020","Dec 24, 2025",Beat,OG File,"High Quality
(259kbps)",Link
In Tongues,"Wonderwall [V1]
(prod. Joji & MISOGI)","Instrumental Version of ""Wonderwall"" with production from MISOGI.
This version has a longer run time but doesn't have drums from Joji.",2:14,2017,"Dec 24, 2025",OG,OG File,"Lossless
(2822kbps)",Link
Piss In The Wind,"rei brown - Redeeming Qualities
(feat. Joji) (writ. rei brown & Joji)","A song that was found in the SESAC & ASCAP Repertories under Rei Brown's Publisher.
Joji is listed as both a writer and performer on the song. It's possible this is the song that resulted from the rumoured collaboration in 2023.",,,"Dec 23, 2025",Feature,Confirmed,Unavailable,ASCAP Entry
Piss In The Wind,"✨ Last Of A Dying Breed [Teaser]
(prod. Joji)","OG Filename: joji.mp3
Teaser snippet uploaded to a floppy disk that was sent to fans who bought merch.
Encoded in GarageBand 10.4.6, so it's likely a bounce that came straight from Joji.",0:45*,"Nov 25, 2025","Dec 12, 2025",Teaser,OG File,"Low Quality
(64kbps)",Snippet
SMITHEREENS,"✨ Alexis Kesselman - Glimpse of Us [V7]
(prod. Connor McDonough)
aka. Glimpse","OG Filename: Glimpse Of Us_FemaleDemo.mp3
Riley McDonough's version of ""Glimpse of Us"" with changed lyrics and other ideas.",4:00,,"Dec 4, 2025",Reference,OG File,"High Quality
(256kbps)",Link
Piss In The Wind,"Fade to Black [V3]
(feat. 4batz) (prod. Joji & Isaac Sleator)
(writ. Joji, Isaac Sleator & 4batz)","OG Filename: Fade To Black - 10.04.2025.mp3
Version that seemingly has mixing differences. Leaked in the Joji Archive Discord by
an anonymous user. Later surfaced in a higher quality on LEAKED.CX by another user.",1:15,"Oct 4, 2025","Nov 5, 2025",Demo,Full,"High Quality
(160kbps)",Link
Piss In The Wind,"Piece of You [V2]
(feat. Giveon) (prod. Kenny Beats, Ninetyfour, J.Sweet & Sevn Thomas) (writ. Kenny Beats, Ninetyfour, J.Sweet,
Sevn Thomas, Lily Kaplan, Joji & Giveon)","OG Filename: PieceOfU Bounce Ruff Mad - 9.26.2025.mp3
Version that seemingly has mixing differences.
Leaked in the Joji Archive Discord by an anonymous user.",2:15,"Sep 26, 2025","Nov 5, 2025",Demo,Full,"High Quality
(128kbps)",Link
Nectar,"⭐️ Motorcycle [V4]
(prod. Clams Casino)
aka. Long Rides, NITROUS","OG Filename: Motorcycle - Joji.Clams - FR Ruff 3 (05.15.20).wav
Demo with different lyrics and an extended outro. Joji also sings
the chorus to ""CAN'T GET OVER YOU"" at the end before the outro.",2:56,"May 15, 2020","Oct 4, 2025",Demo,OG File,Lossless,Link
Nectar,"Penecillin [V1]
aka. Penicillin*, Spinning*","OG Filename: Joji Penecillin Rough (04.02.19).aif
Earlier bounce with rougher mixing. Dated April 2nd, 2019.",1:56,"Apr 2, 2019","Aug 31, 2025",Demo,OG File,Lossless,Link
Nectar,"Upgrade [V1]
(prod. Tobias Karlsson, Rickard Göransson, James Ghaleb)","OG Filename: Joji - Upgrade - Acoustic MX1 Bounce.mp3
Acoustic bounce without any drums. Sourced from DBREE so not entirely trustworthy.",1:30,"Apr 16, 2020","May 14, 2025",Demo,OG File,CD Quality,Link
Nectar,"Upgrade [V2]
(prod. Tobias Karlsson, Rickard Göransson, James Ghaleb)","OG Filename: Joji - Upgrade - Acoustic MX2 Bounce.mp3
Acoustic bounce without any drums. Sourced from DBREE so not entirely trustworthy.
This version adds back one of the kick tracks and it has a very slightly different mix.",1:30,"Apr 16, 2020","May 14, 2025",Demo,OG File,CD Quality,Link
BALLADS 1,"⭐️ PnB Rock - Anything [V2]
(feat. Joji)
aka. I Miss Everything*","OG Filename: Anything - PnbRock.Joji - FR Rough Mix 1
A song by PnB Rock that has a verse from Joji. It's unclear
if this version came before or after the solo version.",3:32,2018,"Feb 27, 2025",Feature,Full,CD Quality,Link
Head In The Clouds,"⭐️ Head In The Clouds [V4]
(prod. AUGUST 08 & The Roommates)","OG Filename: HeadInTheClouds - Joji.August08 - V2- FR MIX 3
Previewed at the end of the 88rising YouTube video ""yeah right, she don’t care if i die"" that was uploaded on May 14th, 2018. This version has stripped back instrumental.",2:32,2018,"Feb 27, 2025",Demo,Full,CD Quality,Link
Nectar,"Like It [ALT File]
(prod. Digi)","OG Filename: Like It - Joji - FR Rough Mix 1.1 - No Melodyne
An alternate file for the song above. The aren't any differences.",2:22,"Aug 18, 2020","Feb 27, 2025",Throwaway,OG File,High Quality,Link
Head In The Clouds,"Midsummer Madness [V8]
(prod. AUGUST 08 & Rich Brian)","OG Filename: MidsummerMadness - Joji.August.Brian.KnoKno - FR Rough Mix 8
Another mix with more background vocals and different vocal takes from Rich Brian.",4:52,2018,"Feb 27, 2025",Demo,Full,CD Quality,Link
BALLADS 1,"⭐️ SING [V2]
(prod. Joji)
aka. CAN YOU HEAR ME*","OG Filename: JOJI SING - Joji - FR RUFF 2
Previewed on the ""LOST BALLADS"" VHS tape, which was also released on Joji's YouTube channel on April 16th, 2019. Seemingly uses / samples pitched down vocals from either Ski Mask the Slump God or Smokepurpp. It's currently unclear who it is.",1:32,,"Feb 27, 2025",Throwaway,Full,CD Quality,Link
BALLADS 1,"YEAH RIGHT [V2]
(prod. Joji)
aka. Yea Right","OG Filename: Yea Right Master Joji
An early master for ""YEAH RIGHT"". Heavier bass at the beginning of the second verse.",2:53,2018,"Feb 27, 2025",Demo,Full,CD Quality,Link
BALLADS 1,"YEAH RIGHT [V3]
(prod. Joji)
aka. Yea Right","OG Filename: Yea Right Master Joji - FR MASTER 1
An early master for ""YEAH RIGHT"". There aren't any differences besides mixing.",2:59,2018,"Feb 27, 2025",Demo,Full,CD Quality,Link
BALLADS 1,"YEAH RIGHT [V4]
(prod. Joji)
aka. Yea Right","OG Filename: Yea Right Master Joji - FR MASTER DANGEROUS
An early master for ""YEAH RIGHT"". There aren't any differences besides mixing.",2:59,2018,"Feb 27, 2025",Demo,Full,CD Quality,Link
SMITHEREENS,"⭐️ Lil Yachty - Thune [V5]
(feat. Joji) (prod. Diplo*)","OG Filename: thune__MIX BUSS-St.wav
Another mix with a new fade in intro from the ProTools stems. It has 37 seconds of silence at the end for some reason. This version has the best mixing, and it's lossless.",3:43,"Nov 3, 2021","Jan 3, 2025",Feature,OG File,Lossless,Link
BALLADS 1,"⭐️ FUCK THE CLUB [V2]
(prod. Joji)
aka. FTC","OG Filename: Fuck The Club - Joji - FR Ruff
An earlier version with different lyrics and an unused background vocal. Instead of the line ""I'd rather be next to you"" it's entirely different. The chords in the second half of the instrumental are also different. This file has a higher quality than the file from above.",2:51,2018,"Jan 3, 2025",Demo,Full,High Quality,Link
Head In The Clouds,"Midsummer Madness [V6]
(prod. AUGUST 08 & Rich Brian)","OG Filename: Midsummer Madness BP10
Practically the same as the version above, just without the extra vocals from Rich Brian.",,2018,"Jan 3, 2025",Demo,Full,CD Quality,Link
Head In The Clouds,"Midsummer Madness [V4]
(prod. AUGUST 08 & Rich Brian)","OG Filename: 3.19.18 - FR RUFF 2
An early version with a Rich Brian mumble verse, his verse was also meant to be longer.
Joji's chorus is also used as an outro for the song, going over the background harmony that was done by NIKI. There's also almost a full minute of silence at the end as well.",,"Mar 19, 2018","Jan 3, 2025",Demo,Full,CD Quality,Link
Nectar,"⭐️ Afterthought [OG]
(with BENEE) (prod. Isaac Sleator & Joji*)","An early version that was first heard in a leaked Discord Call with skyupsahl.
This version still features BENEE, and has an extra adlib from her on Joji's verse.
It's currently unknown if Joji had any involvement in production on this version.",3:24,"Aug 17, 2020","Oct 29, 2024",Demo,Full,High Quality,Link
SMITHEREENS,"Connor McDonough - Glimpse of Us [V6]
(prod. Connor McDonough)
aka. Glimpse","Connor McDonough's version of ""Glimpse of Us"" with changed lyrics and more ideas.",4:00,,"Oct 27, 2024",Reference,Full,High Quality,Link
Nectar,"Swayd
aka. I Fucked Up*","A long mumble demo that was first heard in a leaked Discord Call with skyupsahl.
Some of the metadata was tampered with, but it is the original export / file.",4:30,,"Sep 21, 2024",Demo,OG File,High Quality,Link
Nectar,Tops Chuey,"Another mumble demo. I don't really know what else I can even say here lol.
Some of the metadata was tampered with, but it is the original export / file.",3:31,,"Sep 21, 2024",Demo,OG File,CD Quality,Link
Head In The Clouds II,"Skeletons [V2]
(prod. Diplo)","Possible OG Filename: Skeletons - Ref 2 (11.02.18)
A mumble reference from Joji. This version is longer than AUGUST 08's reference.
Some of the metadata was tampered with, but it is the original export / file.",1:50,"Nov 2, 2018","Sep 21, 2024",Demo,OG File,CD Quality,Link
Head In The Clouds II,"Victor Sesh [V1]
(prod. Diplo)
aka. Victor","Possible OG Filename: Victor Sesh - Ref 1 (11.02.18)
A mumble reference from Joji. This version is much longer than the other reference.
Some of the metadata was tampered with, but it is the original export / file.",3:13,"Nov 2, 2018","Sep 21, 2024",Demo,OG File,CD Quality,Link
Head In The Clouds II,"Who Made You [V1]
(prod. Diplo)","Possible OG Filename: Who Made You - Ref 1 (11.02.18)
A mumble reference from Joji. It's a little bit longer than AUGUST 08's reference.
Some of the metadata was tampered with, but it is the original export / file.",1:09,"Nov 2, 2018","Sep 21, 2024",Demo,OG File,CD Quality,Link
Nectar,"Long Rides [OG]
(ref. ???) (prod. Clams Casino*)
aka. NITROUS","A very early version of ""NITROUS"" with different production, mumbled vocals, and an unknown artist's mumbled vocals. You can make out some words used in ""NITROUS"".
Some of the metadata was tampered with, but it is the original export / file.",3:05,,"Sep 21, 2024",Demo,OG File,CD Quality,Link
Nectar,"⭐️ Penecillin
aka. Penicillin*, Spinning*","Possible OG Filename: Joji Penecillin - FR Ruff - 04.19.19
A throwaway from early Nectar sessions, heard in a leaked Discord Call with skyupsahl.
It's incorrectly spelled, and is even copywritten with the spelling error, for some reason.
It was groupbought for $500 in a blind buy, when the buy was supposedly for the remix of ""Human Nature"" by Sevdaliza, but this was probably false information from ung bar.
The file was exported through FL Studio before surfacing, meaning it's not an OG File.",1:56,"Apr 19, 2019","Sep 20, 2024",Throwaway,Full,CD Quality,Link
Nectar,"Gates to the Sun [OG]
(prod. STINT & Spencer Stewart)","An early version first heard in a leaked Discord Call with skyupsahl. This version doesn't have vocals from SahBabii, and has new lines from Joji. Forceleaked some years later.",2:22,,"Aug 31, 2024",Demo,OG File,High Quality,Link
In Tongues,"Will He (Ryan Jacob Remix)
(prod. Ryan Jacob)","A remix of ""Will He"" by Ryan Jacob that was intended for the deluxe but went unused.",,,"Aug 25, 2024",Remix,Snippet,High Quality,Snippet
SMITHEREENS,"Suburban Plaza - Feeling Like the End [V3]
(prod. Suburban Plaza, Tim Randolph & Whethan)
aka. Feeling Like The End","OG Filename: Feeling-Like-the-End-2-(Tim-Randolph-x-Plaza-x-Whethan)
A reference track by Suburban Plaza for ""Feeling Like The End"". This version has a lot of different lyrics and very different production from Suburban Plaza that went unused.",3:50,,"Jul 16, 2024",Reference,OG File,High Quality,Link
SMITHEREENS,"Kacy Hill - Didn't Even Feel It [V1]
(ref. Kacy Hill)","OG Filename: big mama for joji.aif
A reference acapella for another version of Kacy Hill's verse / reference. ",0:45,,"Jul 4, 2024",Reference,OG File,Lossless,Link
SMITHEREENS,"Didn't Even Feel It [V2]
(ref. Kacy Hill) (prod. Joji*)","OG Filename: JOJI - Melody Idea 1.mp3
A song with reference vocals from Kacy Hill and an obnoxious tag over Joji's vocals, repeatedly saying ""Version 2"". It uses the instrumental from the ""Gimme Love"" music video teaser on Joji’s Facebook account, so it's possible versions from Nectar exist.
It's cut short since Kacy Hill only needs this part of the song to record over the beat.",1:14,2021,"Jul 4, 2024",Reference,Tagged,High Quality,Link
SMITHEREENS,"Sam Dew - Before The Day Is Over [V1]
(prod. Justin Parker)","OG Filename: before the day is over 1.1 lim.mp3
Sam Dew's version of ""Before The Day Is Over"" before it was eventually sent to Joji.
This version is more like the released version, but still has a few lyric differences.",3:55,"Aug 1, 2017","Jun 12, 2024",Reference,OG File,CD Quality,Link
Nectar,"Daniel Wilson - Run [V2]
(prod. Joji* & Justin Parker)","OG Filename: run 1.2 LIM.mp3
Daniel Wilson's version of ""Run"" that has a few lyric differences and differences in production. It's currently unknown if Joji had any involvement in production yet.",3:21,"Oct 24, 2018","Jun 12, 2024",Reference,OG File,CD Quality,Link
SMITHEREENS,"Sam Dew - Before The Day Is Over [V2]
(ref. Sam Dew) (prod. Justin Parker)","OG Filename: before the day is over 2.3 joji stems M.mp3
A reference track by Sam Dew for ""Before The Day Is Over"" with a few lyric differences. This version also has a completely different ending with added guitar and added kicks.",4:12,"Feb 11, 2022","Jun 11, 2024",Reference,OG File,CD Quality,Link
SMITHEREENS,"Sam Dew - Before The Day Is Over [V3]
(ref. Sam Dew) (prod. Justin Parker)","OG Filename: before the day is over 3.0 LIM joji.mp3
A reference track by Sam Dew for ""Before The Day Is Over"" with a few lyric differences. This version adds reverb to the piano stem for some reason, which sounds pretty bad.",4:12,"Mar 12, 2022","Jun 11, 2024",Reference,OG File,CD Quality,Link
Nectar,"⭐️ Like You Do [V5]
(prod. Josh Taffel, Linden Jay & Kurtis McKenzie)
aka. Keep Me Sleeping","An early version with different lyrics, added jazz drums, and louder bass. A line from this version was seen on a now-deleted AMBUSHED.TV webpage for a visualizer proposal.
It was intended to be groupbought but it was forceleaked. The file has a lot of static.",4:23,"Apr 24, 2020","Jun 10, 2024",Demo,Full,Lossless,Link
Nectar,"Do You Like It?
(prod. Joji*)
aka. Do Do Do*","First heard in a leaked Discord Call with skyupsahl and was groupbought for $275.
It's an open verse demo featuring a piano and a violin solo, along with a beat switch.
Possibly meant for someone that Joji wanted to show it to and see if they liked it.",2:14,,"May 12, 2024",Demo,OG File,CD Quality,Link
Nectar,"Will Smith '99 [V5]
(prod. STINT)
aka. MODUS","Possible OG Filename: Will Smith '99 - FR Ruff 5
An earlier version of ""MODUS"" which has various differences in production and mixing.",3:27,2019,"May 8, 2024",Demo,Full,CD Quality,Link
Head In The Clouds II,"⭐️ Need Is Your Love [OG]
(prod. G Koop, 1Mind & Reske)","A early version without vocals from GENERATIONS from EXILE TRIBE.
This version has a more stripped back instrumental and more lyrics from Joji.
Some of the metadata was tampered with, but it is the original export / file.",3:18,,"May 7, 2024",Demo,OG File,CD Quality,Link
Head In The Clouds II,"Victor Sesh [V2]
(prod. Diplo)
aka. Victor","OG Filename: Victor Sesh - Ref 2 (11.02.18)
A mumble reference from Joji. This version is much shorter than the other reference.",2:18,"Nov 2, 2018","Apr 13, 2024",Demo,Full,CD Quality,Link
Head In The Clouds II,"AUGUST 08 - Who Made You [V2]
(prod. Diplo)","OG Filename: Who Made You - Ref 2 (11.02.18)
A mumble reference from AUGUST 08 that has lyrics between some of the mumbling.",0:57,"Nov 2, 2018","Apr 13, 2024",Demo,Full,CD Quality,Link
Head In The Clouds II,"AUGUST 08 - Skeletons [V3]
(prod. Diplo)","OG Filename: Skeletons - Ref 3 (11.02.18)
A mumble reference from AUGUST 08 that has lyrics between some of the mumbling.",1:16,"Nov 2, 2018","Mar 30, 2024",Demo,Full,CD Quality,Link
BALLADS 1,"⭐️ TRIPPIE
(prod. Joji)","OG Filename: TRIPPIE (ROUGH BEAT & VOX)
A very rough open verse demo that might have been intended for Trippie Redd.
It was privately uploaded onto Joji's SoundCloud account on February 26th, 2018.",3:28,,"Mar 4, 2024",Demo,Full,High Quality,Link
In Tongues,"angry ass beat go hard for 1 minute
(prod. Joji)","An angry ass beat that goes hard for approximately 1 minute.
It was privately uploaded onto Joji's SoundCloud account on May 31st, 2017.",1:02,,"Mar 4, 2024",Beat,Full,High Quality,Link
Chloe Burbank Volume 1 [V2],"amazonian pet [V1]
(prod. Joji)
aka. Amazonian Pet","A slowed down version of ""Amazonian Pet"" which released on the Lost Instruments EP.
This was going to be the version that Joji was originally going to release at some point.
It was privately uploaded onto Joji's SoundCloud account on January 27th, 2016.",1:30,,"Mar 4, 2024",Demo,Full,High Quality,Link
Chloe Burbank Volume 1 [V2],"⭐️ beat 4 rent [V1]
(prod. Joji)
aka. Ears Bleed","A once privated beat on Joji’s SoundCloud account, shown in a post on his Instagram.
It was privately uploaded onto Joji's SoundCloud account on February 5th, 2016.",0:37,,"Mar 4, 2024",Beat,Full,High Quality,Link
Chloe Burbank Volume 1 [V2],"Ears Bleed [V2]
(prod. Joji)
aka. beat 4 rent","OG Filename: Ears Bleed Bass TRAP ENHANCED - 2/5/16, 4.07 PM
This version adds chain sounds and has different mixing compared to earlier versions.
It was privately uploaded onto Joji's SoundCloud account on February 5th, 2016.",0:37,"Feb 5, 2016","Mar 4, 2024",Beat,Full,High Quality,Link
Chloe Burbank Volume 1 [V2],"Ears Bleed [V3]
(prod. Joji)
aka. beat 4 rent","OG Filename: Ears Bleed KICK LOWERED - 2/5/16, 5.13 PM
This version's only difference is different mixing compared to earlier versions.
It was privately uploaded onto Joji's SoundCloud account on February 5th, 2016.",0:37,"Feb 5, 2016","Mar 4, 2024",Beat,Full,High Quality,Link
Chloe Burbank Volume 1 [V2],"⭐️ Ears Bleed [V4]
(prod. Joji)
aka. beat 4 rent","OG Filename: Ears Bleed KICK LOWERED - 2/6/16, 8.29 PM
This version has different mixing and an added harmony that was used in ""IDFLKMST"".
It was privately uploaded onto Joji's SoundCloud account on February 7th, 2016.",0:37,"Feb 6, 2016","Mar 4, 2024",Beat,Full,High Quality,Link
Chloe Burbank Volume 1 [V2],"im weird [V1]
(prod. Joji)
aka. int","OG Filename: int - 9/29/16, 12.58 AM
A ukulele trap beat with an audio clip of Joji telling an intercom to shut the fuck up.
It was privately uploaded onto Joji's SoundCloud account on September 29th, 2016.",0:59,"Sep 29, 2016","Mar 4, 2024",Demo,Full,High Quality,Link
Chloe Burbank Volume 1 [V2],"im weird [V2]
(prod. Joji)
aka. im weird 2, int","OG Filename: im weird 2
A ukulele trap beat with an audio clip of Joji telling an intercom to shut the fuck up.
This version's only difference is different mixing compared to the previous version. 
It was privately uploaded onto Joji's SoundCloud account on October 1st, 2016.",0:59,,"Mar 4, 2024",Throwaway,Full,High Quality,Link
Chloe Burbank Volume 1 [V2],"🏆 Miles [V3]
(prod. Joji)
aka. Miles Experiment3, Am I High? No*","OG Filename: Miles Experiment2 - 5/3/16, 11.43 PM
A once an unknown beat that was previewed on Joji’s Vine account sometime in 2016.
This version has the same audio clip used in ""WORLD$TAR MONEY"" but pitched down.
It was privately uploaded onto Joji's SoundCloud account on May 6th, 2016.",1:01,"May 3, 2016","Mar 4, 2024",Demo,Full,High Quality,Link
Chloe Burbank Volume 1 [V2],"⭐️ Rajvi [V3]
(prod. Joji* & rei brown)","OG Filename: Rajvi - 4/25/16, 11.45 PM
An open verse demo with production from rei brown as seen in a Vine from Joji.
It was also previewed in a clip with rei brown in jojivlogs 7 on August 6th, 2014.
Thought to be for Green Echo, but it has Chloe Burbank cover art on SoundCloud.
It was privately uploaded onto Joji's SoundCloud account on April 26th, 2016.",2:09,"Apr 25, 2016","Mar 4, 2024",Throwaway,Full,High Quality,Link
Chloe Burbank Volume 1 [V2],"128 [V1]
(prod. Joji)
aka. Antidote Pt. 2, SAD TRAVIS PT.2, Window Pt. 2","OG Filename: 128a
A scrapped part two to ""Antidote"" which also shares a line from ""rain on me"".
This version's only difference is different mixing compared to the later versions. 
It was privately uploaded onto Joji's SoundCloud account on August 26th, 2016.",2:24,,"Mar 4, 2024",Demo,Full,High Quality,Link
Chloe Burbank Volume 1 [V2],"⭐️ SAD TRAVIS PT.2 [V2]
(prod. Joji)
aka. 128, Antidote Pt. 2, Window Pt. 2","OG Filename: SAD TRAVIS PT.2 - 8/26/16, 4.20 PM.mp3
A scrapped part two to ""Antidote"" which also shares a line from ""rain on me"".
This version's only difference is different mixing compared to the previous version.
It was privately uploaded onto Joji's SoundCloud account on August 26th, 2016.",2:24,"Aug 26, 2016","Mar 4, 2024",Demo,OG File,High Quality,Link
Chloe Burbank Volume 1 [V2],"SAD TRAVIS PT.2 [V3]
(prod. Joji)
aka. 128, Antidote Pt. 2, Window Pt. 2","OG Filename: SAD TRAVIS PT.2 - 8/27/16, 3.04 PM
A scrapped part two to ""Antidote"" which also shares a line from ""rain on me"".
This version's only difference is a missing background vocal and different mixing.
It was privately uploaded onto Joji's SoundCloud account on August 27th, 2016.",2:24,"Aug 27, 2016","Mar 4, 2024",Demo,Full,High Quality,Link
Nectar,"⭐️ Run [V4]
(prod. Joji & Justin Parker)","OG Filename: run 1.4.1 LIM.mp3
An early version of ""Run"" with more harmonies and a rougher mix on the chorus.
This version also doesn't have the guitar solo at the end that was by Jaco Caraco.
Joji said he had no involvement in the version with the guitar solo in The Extravaganza.",3:23,"Nov 20, 2019","Mar 3, 2024",Demo,OG File,CD Quality,Link
Nectar,"Run [V5]
(prod. Joji & Justin Parker)","OG Filename: run 1.4.2-LIM.mp3
An early version of ""Run"" with more harmonies and a rougher mix on the chorus.
This version also doesn't have the guitar solo at the end that was by Jaco Caraco.
Joji said he had no involvement in the version with the guitar solo in The Extravaganza.",3:23,"Nov 21, 2019","Mar 3, 2024",Demo,OG File,CD Quality,Link
Nectar,"⭐️ Three Points Back To You
aka. Three Points, Love Songs*",First heard in a leaked Discord Call with skyupsahl. It was forceleaked some years later.,3:23,,"Feb 28, 2024",Throwaway,Full,CD Quality,Link
BALLADS 1,"RUN LIKE HELL
(prod. Jam City & Joji*)","OG Filename: run like hell joji jam city.wav
A scrapped throwaway with very mumbled lyrics and production from Jam City, who also produced ""NO FUN"", which means it's possible that it's from the same session.",3:39,,"Feb 28, 2024",Demo,Full,Lossless,Link
Nectar,"Sanctuary [V8]
(prod. Justin Raisen)","OG Filename: Sanctuary - Joji - FR Ruff Mix 8.1.wav
An early mix exported from the session files. It has a very strange vocal mix. However, this could be the result of missing plugins when exporting from the ProTools session.
It's not an official bounce, so it's not technically a demo, just made from the session.",2:58,"Apr 11, 2019","Feb 20, 2024",Demo,Full,Lossless,Link
Nectar,"⭐️ Sunday
(prod. Joji*)
aka. Do Or Die*, Party*","First heard in a leaked Discord Call with skyupsahl and forceleaked years later. The file was tagged for sample clearance, and it has 22 seconds of silence at the end for some reason. The file was also encoded in GarageBand, so it was possibly produced by Joji.",1:07,,"Jan 28, 2024",Demo,Tagged,High Quality,Link
Head In The Clouds II,"⭐️ Lovin' You
(ref. ???) (prod. Diplo)","OG Filename: Lovin' You (11.02.18)
Originally thought to be from the Chloe Burbank era, however this wasn't the case.
It has a chorus and mumble from Joji along with mumble from an unknown artist.",1:16,"Nov 2, 2018","Jan 28, 2024",Demo,Full,CD Quality,Link
BALLADS 1,"⭐️ GOD WANNA KILL ME
(prod. Joji)","OG Filename: god wanna kill me.wav
Thought to be from the Chloe Burbank era, however this wasn't the case.
It's somewhat sweet-sounding with a guitar instrumental and a beat switch at the end. It also reuses or shares the ""Please don't kill me god"" line with ""I'LL SEE YOU IN 40"".
The original ProTools export for the song was leaked on February 27th, 2025.",1:11,"Sep 3, 2018","Jan 28, 2024",Demo,OG File,Lossless,Link
SMITHEREENS,⭐️ BAD FEELINGS,A song that was scrapped from the SMITHEREENS project as it probably didn't fit the project's vision. It has a rap-like verse with some words being in spanish. Forceleaked.,2:48,2022,"Jan 26, 2024",Throwaway,OG File,CD Quality,Link
SMITHEREENS,"Untitled
(prod. Joel Little*)","OG Filename: JOJI Untitled
An untitled mumble demo from SMITHEREENS. Not one word is said throughout the demo but it has good production and a good flow. Possibly produced by Joel Little.",3:09,,"Jan 26, 2024",Demo,Full,High Quality,Link
Nectar,"⭐️ Casser
(prod. Joji)
aka. I Don't Feel Like Killing Myself Today, What About Us?*","A compilation song with ""I Don't Feel Like Killing Myself Today"" & ""What About Us?"".
A lossless file was leaked on February 27th, 2025.",3:14,2019 / 2020,"Jan 26, 2024",Throwaway,Full,Lossless,Link
Nectar,"Daniel Wilson - Focus
(ref. Daniel Wilson) (prod. Joji)","OG Filename: Joji Focus Verse.mp3
A reference track from Daniel Wilson for a currently unreleased song titled ""Focus"".
It's unknown if Joji ever recorded vocals for it, but it's said that Joji produced the beat.",3:18,,"Jan 26, 2024",Reference,Full,CD Quality,Link
Nectar,"Bēkon - High Hopes [V1]
(prod. The Donuts & Bēkon)","Bēkon's version of ""High Hopes"" before the reference track was passed onto Joji.
Heard in a session that was on February 11th, 2019, but this wasn't from that session.",1:36,,"Jan 26, 2024",Demo,Full,Low Quality,Link
Nectar,"⭐️ What About Us*
(prod. Joji)
aka. Casser","Part two of ""Casser"" which was first heard in a leaked Discord Call with skyupsahl and was later leaked on DBREE by someone who privately bought the song and didn't have enough space on their phone, so they uploaded it there thinking it wasn't public. (LOL)
It samples a recording of Joji harmonizing in the bathroom while pissing, and there's a short rap-like verse with a beat switch at the end, which sounds very similar to the end of ""Demons"". The song that's heard in the intro is also ""Tennessee Waltz"" by Patti Page.",2:22,2019 / 2020,"Jan 26, 2024",Throwaway,Full,Lossless,Link
BALLADS 1,"NO FUN [OG]
(prod. Jam City & Joji)","OG Filename: No Fun ALT
An early version that skyupsahl first leaked a snippet of on February 23rd, 2022.
This version has a less produced instrumental and the pre-chorus is slightly different.",3:47,,"Jan 26, 2024",Demo,Full,High Quality,Link
In Tongues,"⭐️ I Don't Feel Like Killing Myself Today [V2]
(prod. Joji)
aka. IDFLKMST, Casser","The first half of ""Casser"" that skyupsahl first leaked a snippet of and was leaked on DBREE.org two years later. It's kinda confusing to put this in Nectar era currently.",0:51,2019 / 2020,"Jan 26, 2024",Throwaway,Full,High Quality,Link
BALLADS 1,"TEST DRIVE (SwuM Remix)
(prod. SwuM)","A remix of ""TEST DRIVE"" by SwuM that was intended for release at some point.
However, SwuM couldn't get clearance from 88rising to release the remix.",2:37,,"Dec 19, 2023",Remix,Full,Low Quality,Link
SMITHEREENS,"Before The Day Is Over [V4]
(prod. Justin Parker)","OG Filename: Before The Day Is Over JELLIS FULL MIX FOR MASTERING.wav
An unmastered mix from the ProTools session.",3:33,"May 17, 2022","Nov 20, 2023",Demo,OG File,Lossless,Link
SMITHEREENS,"Die For You [V4]
(prod. Jacob Ray, Wes Singerman & Taydex)","OG Filename: Die For You JELLIS FULL MIX FOR MASTERING MIX B.wav
An unmastered mix from the ProTools session.",3:30,"Jul 22, 2022","Nov 20, 2023",Demo,OG File,Lossless,Link
SMITHEREENS,"Glimpse of Us [V7]
(prod. Connor McDonough)
aka. Glimpse","OG Filename: Glimpse Of Us JELLIS FULL MIX FOR MASTERING.wav
An unmastered mix from the ProTools session.",4:08,"Apr 13, 2022","Nov 20, 2023",Demo,OG File,Lossless,Link
SMITHEREENS,"Lone Ranger
(ref. Trey Campbell)","OG Filename: Joji x Trey Campell - Lone Ranger 1.1
A reference track for ""Lone Ranger"" by Trey Campbell for Joji. However, Joji only recorded a mumbled chorus before it was scrapped. Recorded sometime in 2021.
It was intended to be groupbought for $500, but was cancelled and later on leaked.",2:42,2021,"Nov 11, 2023",Reference,OG File,High Quality,Link
Nectar,"⭐️ Like It
(prod. Digi)","OG Filename: Joji x Daniel Wilson - Like It (08.18.20)
 Two years after snippets for the song first leaked on October 11th, 2021, it was leaked after a successful groupbuy for $500. The price was originally $250, but someone was trying to vault the song for themselves to resell later on. The song features vocals from Daniel Wilson, who has wrote for a lot of songs for Joji such as ""Run"" and ""Sanctuary"".",2:22,"Aug 18, 2020","Nov 10, 2023",Throwaway,OG File,High Quality,Link
Nectar,⭐️ Ken Doll [V3],"Possible OG Filename: Ken Dollv3 Reference 
A reference track that was leaked after a successful groupbuy for $250. This wasn't a reference track that was meant for another artist, just a reference for sound direction.",2:36,,"Oct 21, 2023",Reference,Full,High Quality,Link
Nectar,Again,An instrumental that was sent to Joji in 2019. It's unknown if it was ever recorded on.,,"Sep 19, 2019","Oct 13, 2023",Beat,Snippet,High Quality,Snippet
Nectar,Digging,An instrumental that was sent to Joji in 2019. It's unknown if it was ever recorded on.,,"Sep 19, 2019","Oct 13, 2023",Beat,Snippet,High Quality,Snippet
Nectar,EnjoyTheView,An instrumental that was sent to Joji in 2019. It's unknown if it was ever recorded on.,,"Aug 10, 2019","Oct 13, 2023",Beat,Snippet,High Quality,Snippet
Nectar,Hipster,An instrumental that was sent to Joji in 2019. It's unknown if it was ever recorded on.,,"Aug 10, 2019","Oct 13, 2023",Beat,Snippet,High Quality,Snippet
Nectar,House,An instrumental that was sent to Joji in 2019. It's unknown if it was ever recorded on.,,"Sep 19, 2019","Oct 13, 2023",Beat,Snippet,High Quality,Snippet
Nectar,I'm Not Sad [V2],"OG Filename: Im Not Sad V2
An instrumental that was sent to Joji in 2019. It's unknown if it was ever recorded on.",,"Sep 19, 2019","Oct 13, 2023",Beat,Snippet,High Quality,Snippet
Nectar,Jazzhands,An instrumental that was sent to Joji in 2019. It's unknown if it was ever recorded on.,,"Sep 19, 2019","Oct 13, 2023",Beat,Snippet,High Quality,Snippet
Nectar,"Joel1
(prod. Joel Castillo*)",An instrumental that was sent to Joji in 2019. It's unknown if it was ever recorded on.,,"Sep 19, 2019","Oct 13, 2023",Beat,Snippet,High Quality,Snippet
Nectar,"Joel2
(prod. Joel Castillo*)",An instrumental that was sent to Joji in 2019. It's unknown if it was ever recorded on.,,"Sep 19, 2019","Oct 13, 2023",Beat,Snippet,High Quality,Snippet
Nectar,"Joel3
(prod. Joel Castillo*)",An instrumental that was sent to Joji in 2019. It's unknown if it was ever recorded on.,,"Sep 19, 2019","Oct 13, 2023",Beat,Snippet,High Quality,Snippet
Nectar,"Joel4
(prod. Joel Castillo*)",An instrumental that was sent to Joji in 2019. It's unknown if it was ever recorded on.,,"Sep 19, 2019","Oct 13, 2023",Beat,Snippet,High Quality,Snippet
Nectar,"Joel5
(prod. Joel Castillo*)",An instrumental that was sent to Joji in 2019. It's unknown if it was ever recorded on.,,"Sep 19, 2019","Oct 13, 2023",Beat,Snippet,High Quality,Snippet
Nectar,Mardi Graw,An instrumental that was sent to Joji in 2019. It's unknown if it was ever recorded on.,,"Sep 19, 2019","Oct 13, 2023",Beat,Snippet,High Quality,Snippet
Nectar,Medicine,An instrumental that was sent to Joji in 2019. It's unknown if it was ever recorded on.,,"Sep 19, 2019","Oct 13, 2023",Beat,Snippet,High Quality,Snippet
Nectar,NoBoundaries,An instrumental that was sent to Joji in 2019. It's unknown if it was ever recorded on.,,"Aug 10, 2019","Oct 13, 2023",Beat,Snippet,High Quality,Snippet
Nectar,PrettyBoi,An instrumental that was sent to Joji in 2019. It's unknown if it was ever recorded on.,,"Aug 10, 2019","Oct 13, 2023",Beat,Snippet,High Quality,Snippet
Nectar,"Joel Castillo - Wake Up Call
(ref. Joel Castillo) (prod. Riley, Joji*, Joel Castillo, D0, T204)","OG Filename: Joji - WK UP CALL 1.1 (Riley, George Kusunoki, Joel Castillo, D0, T204).mp3
A reference track for Joji which also has him also seems to have him credited on the song with a few other people, a notable one being Riley McDonough, who would later collaborate with Joji on ""Glimpse of Us"", unless it's a different Riley which is possible.",2:54,2020,"Oct 13, 2023",Reference,OG File,High Quality,Link
Ongoing,"🏆 ???
(prod. Joji*)",A ukulele snippet that was used in a promotional video for the PANDEMONIUM tour.,,,"Sep 12, 2023",Beat,Snippet,High Quality,Snippet
Ongoing,???,An unknown beat that was used in a promotional video for the PANDEMONIUM tour.,,,"Sep 12, 2023",Beat,Snippet,High Quality,Snippet
Nectar,Wake Up* [V2],"Another version of the instrumental that was heard in ""NECTAR SEPTEMBER 25"" on Joji’s YouTube channel. It was previewed by Frankie Ramirez on an Instagram Live on March 8th, 2023, and it has a lot of added synths and way more production quality.",,,"Mar 8, 2023",Beat,Partial,Recording,Snippet
SMITHEREENS,"Lil Yachty - Thune [V2]
(feat. Joji) (prod. Diplo*)","OG Filename: Thune rgh2.1 102521.m4a
A snippet first leaked by skyupsahl on January 14th, 2022, listing the song for sale on LEAKED.CX. Later leaked in full by toxic on LEAKED.CX. Possbly produced by Diplo.",3:11,"Oct 25, 2021","Feb 27, 2023",Demo,OG File,High Quality,Link
SMITHEREENS,"⭐️ Lil Yachty - Thune [V3]
(feat. Joji & Daylyt) (prod. Diplo*)","OG Filename: Joji feat.Yachty Thune alecNofx_01.m4a
Leaked by toxic on LEAKED.CX. This version features a verse from Daylyt and a different intro and outro, along with different mixing. It's possible the verse from Daylyt is a reference and not actually a feature. The filename says ""Joji feat.Yachty"" meaning the song was maybe given to Joji, but I really doubt that. Possbly produced by Diplo.",3:30,"Nov 3, 2021","Feb 27, 2023",Demo,OG File,High Quality,Link
SMITHEREENS,"Lil Yachty - Thune [V4]
(feat. Joji) (prod. Diplo*)","OG Filename: Joji feat.Yachty Thune open3rdVerse.26 01.m4a
Leaked by toxic on LEAKED.CX. This version has a shorter intro, an added chorus and drums, and Daylyt's verse was removed. The filename says ""Joji feat.Yachty"" meaning the song was maybe given to Joji, but I really doubt that. Possbly produced by Diplo.",4:29,"Nov 3, 2021","Feb 27, 2023",Demo,OG File,High Quality,Link
Nectar,⭐️ Circle Back,"OG Filename: Joji - CIRCLE BACK - JOJI 9 4 19
On October 11th, 2021, a snippet of the song was leaked before fully leaking nearly a year later. skyupsahl said that it was a pitch demo that was never intended for release.",3:00,"Sep 4, 2019","Oct 6, 2022",Throwaway,OG File,High Quality,Link
In Tongues,"Will He (OSHI Remix)
(prod. OSHI)","A remix of ""Will He"" by OSHI that was intended for the deluxe but went unused.
The snippets were leaked by Datura on LEAKED.CX on November 18th, 2021.",,,"Nov 18, 2021",Remix,Partial,CD Quality,"Snippet #1
Snippet #2"
In Tongues,"Will He (SwuM Remix)
(prod. SwuM)","A remix of ""Will He"" by SwuM that was intended for the deluxe but went unused.
The snippets were leaked by Datura on LEAKED.CX on November 18th, 2021.",,,"Nov 18, 2021",Remix,Partial,CD Quality,"Snippet #1
Snippet #2"
In Tongues,"🏆 Window (Actress Remix)
(prod. Actress)","The remix of ""Window"" that Actress meant to submit. The snippets were leaked more than three years later by Datura on LEAKED.CX. The ""remix"" on the deluxe version is actually an early version of Actress' own song ""Fire and Light"", which would release 2 years later. His request to resubmit the file was rejected because 88rising wanted to ensure that the deluxe would release on Valentine’s Day. Not much is known about the remix other than it having a beat switch at the 1:28 mark and that the outro is just noise.",6:56,,"Nov 18, 2021",Remix,Partial,CD Quality,"Snippet #1
Snippet #2
Snippet #3"
BALLADS 1,"⭐️ HOLD MY BLOOD* [V4]
aka. 7","OG Filename: Joji 7v4.mp3
A pitch demo that was never intended for release, as said by skyupsahl. However, they also said that it was made during early 2018 sessions for Nectar, which doesn't make much sense. It at least sounds very similar to other songs from the BALLADS 1 project.
Added to the pitch system on May 16th, 2018. OG File leaked on February 27th, 2025.
The seven in the filename could indicate that it's track seven, but I don't know for sure.",2:46,2018,"Sep 1, 2021",Throwaway,Full,CD Quality,Link
Nectar,"🏆 Kacy Hill - Like You Do [V3]
(prod. Josh Taffel, Linden Jay & Kurtis McKenzie)
aka. Keep Me Sleeping","OG Filename: Kacy Hill - Like You Do V2
Kacy Hill's version of ""Like You Do"" that was previewed on her Instagram Story on December 8th, 2020. It's possible that there's lyric differences in this version.",,,"Dec 8, 2020",Reference,Snippet,High Quality,Snippet
Nectar,🏆 Wake Up* [V1],"Previewed in the video ""NECTAR SEPTEMBER 25"" on Joji's YouTube channel.",,,"Sep 21, 2020",Beat,Snippet,High Quality,Snippet
Nectar,"???
(prod. Joji)","A beat that was used in a promotional video for Nectar merchandise and was later 
used again in some of the promotional videos for the PANDEMONIUM tour in 2023.",,,"Sep 14, 2020",Beat,Snippet,High Quality,Snippet
Nectar,"WAP
(prod. Ayo & Keyz)","A cover of ""WAP"" by Cardi B previewed in an Instagram Story on Joji’s account on August 11th, 2020 with a message saying he recorded it when he had some free time.",,,"Aug 11, 2020",Cover,Snippet,High Quality,Snippet
Nectar,"???
aka. 111111","Previewed in the videos ""111111"" and ""2 DAYS"" on Joji’s YouTube channel.",,,"Aug 6, 2020",Beat,Partial,High Quality,"Snippet #1
Snippet #2"
BALLADS 1,"🏆 FUCK THE CLUB [V3]
(prod. Joji)
aka. FTC","Uploaded to Joji’s YouTube channel on July 30th, 2020, which was 5 days after Nectar was intended to release. In the description it says ""NOT SONG"" just like ""pretty boy"" did, which lead people to assume that ""FUCK THE CLUB"" was also going to release, but that wasn't the case. The song isn't a Nectar era throwaway like people believe.",,,"Jul 30, 2020",Throwaway,Partial,High Quality,Snippet
Nectar,"Daylight [V2]
(prod. Diplo, Maximilian Jaeger & Greg Kurstin)
aka. Alone*","Possible OG Filename: J_0619_MX2
An earlier mix of Daylight that has a little bit more of the outro.
It was leaked by Squirtle after a successful groupbuy for $500 on July 17th, 2020.
However, it released just 20 days later, which must've taught the community something.",2:45,"Jun 19, 2020","Jul 17, 2020",Demo,Full,Lossless,Link
Nectar,"Lil Yachty - Thune [V1]
(prod. Diplo*)","Previewed on the second episode of Kerwin Frost Radio on May 24th, 2020.
The song's title was confirmed on the radio show. Possbly produced by Diplo.",2:00,,"May 24, 2020",Demo,Tagged,High Quality,Link
Nectar,"🏆 Light Years*
(prod. Joji*)
aka. Didn't Even Feel It","Previewed in a teaser for the ""Gimme Love"" music video on Joji’s Facebook account on April 13th, 2020. The snippet's quality is very bad, let us know if there's a better one.
It was later repurposed as an instrumental for the song ""Didn't Even Feel it"" a year later.",,,"Apr 13, 2020",Beat,Snippet,Low Quality,Snippet
Nectar,"Pretty Boy [OG]
(prod. Patrick Wimberly, John Durham & Joji)
aka. pretty boy","Uploaded to Joji’s YouTube channel on April 9th, 2020. This version doesn't have vocals from Lil Yachty and has worse mixing. The description of the video says
""NOT SONG"", meaning it was originally not meant to be on Nectar.",,,"Apr 9, 2020",Demo,Partial,High Quality,Snippet
BALLADS 1,"⭐️ WRONG TYPE
aka. LOVE US AGAIN*","Leaked by Alek after a successful groupbuy for $250. A year after it leaked, 88rising posted a story on Instagram stating that it wasn’t a Joji-related song, and that it was just a reference track for other artists and was never intended to be released by Joji.",2:31,2018,"Aug 31, 2019",Reference,Full,CD Quality,Link
Nectar,"Sanctuary [V9]
(prod. Justin Raisen)","Another mix for ""Sanctuary"" from Frankie Ramirez. Nothing is different besides mixing.",,,"Jun 14, 2019",Demo,Snippet,Recording,Snippet
BALLADS 1,"🏆 CAN’T GET OVER YOU (Channel Tres Remix)
(prod. Channel Tres)","A remix of ""CAN'T GET OVER YOU"" by Channel Tres that was previewed on the
""LOST BALLADS"" VHS tape. The VHS tape was also released on Joji's YouTube channel on April 16th, 2019. It’s unclear as to why the remix was never released.",,,"Apr 16, 2019",Remix,Partial,High Quality,"Snippet #1
Snippet #2
Snippet #3"
BALLADS 1,"SLOW DANCING IN THE DARK [OG]
(prod. Joji & Patrick Wimberly)","An early version previewed on the ""LOST BALLADS"" VHS tape, which also released on Joji's YouTube channel on April 16th, 2019. The only noticable difference is that it uses a different clap in the instrumental as far as I can tell because of the audio quality.",,,"Apr 16, 2019",Demo,Snippet,Recording,Snippet
BALLADS 1,"⭐️ DON'T YOU KNOW*
(prod. Joji)
aka. DON'T YOU KNOW I LOVE YOU*","Heard in the music video for ""Window"" and the ""LOST BALLADS"" VHS tape which was also released on Joji's YouTube channel on April 16th, 2019. The song's been used many times as an introductory song at many of Joji's live shows / live performances.",,,"Apr 16, 2019",Throwaway,Full,High Quality,Link
BALLADS 1,LOST HARMONY*,"Previewed on the ""LOST BALLADS"" VHS tape, which was also released on Joji's YouTube channel on April 16th, 2019. It’s unknown if it was used for anything else, but it was also heard along with ""DON’T YOU KNOW"" in the music video for ""Window"".",,,"Apr 16, 2019",Unknown,Snippet,High Quality,Snippet
Nectar,"🏆 Sevdaliza - Human Nature (Remix)
(feat. Joji)","A remix of ""Human Nature"" by Sevdaliza featuring Joji, previewed on Sevdaliza's Instagram account on February 22nd, 2019. She said that it was scrapped due to conflicting schedules and labels, which happens a lot with collaborations with Joji.",,,"Feb 22, 2019",Feature,Snippet,Recording,Snippet
Head In The Clouds II,"Don Krez - Lemme Know [V2]
(feat. Joji) (prod. Don Krez & Flosstradamus)
aka. A Feeling, Breathe","An early version with rougher mixing, no autotune, and rearranged lyrics.
It was going to release on Don Krez's project as a feature at one point in time.",,2018,"Aug 16th, 2018",Demo,Partial,Low Quality,Snippet
BALLADS 1,"🏆 Lil Gnar - No Cosign
(feat. Joji) (prod. Ronny J)","After Lil Gnar previewed the song on his SoundCloud account, a snippet later leaked from Viper. It was produced by RonnyJ, who later on passed the beat to Wifisfuneral.
There's many fake files in circulation, with some having been bought in the community.",,,2019,Feature,Partial,High Quality,"Snippet #1
Snippet #2"
BALLADS 1,"THE LAST OLÉ* (Remix)
(prod. Joji)","In an episode of Mass Appeal's YouTube series ""Rhythm Roulette"" where a producer is blindfolded and must pick 3 vinyl records at random and sample them, Joji picks out a few records, but only ends up working with ""The Last Olé"" by The Jimmy Castor Bunch.",1:08,"Nov 16, 2018","Dec 17, 2018",Beat,Snippet,High Quality,Snippet
BALLADS 1,"🏆 IT’S NOT THAT EASY BEING GREEN*
(prod. Joji)","Performed live at a show in Europe on December 16th, 2018, and later played on the ""LOST BALLADS"" VHS tape, though they only played the drums from the beginning.",2:18,,"Dec 16, 2018",Throwaway,Full,Recording,"Link
CDQ Snippet"
BALLADS 1,"???
(prod. Joji)",A snippet of Joji playing piano in his interview in Bloomberg's video with 88rising.,,"Dec 2, 2018","Dec 3, 2018",Demo,Snippet,Recording,Snippet
BALLADS 1,???,"Sounds heard in a session during Joji's interview in Bloomberg's video with 88rising.
(i really don't know what description i can even give here)",,"Dec 2, 2018","Dec 3, 2018",Demo,Snippet,Recording,Snippet
BALLADS 1,"I’LL SEE YOU IN 40 [OG]
(prod. Joji)","Previewed on Joji’s Instagram account days before the release of BALLADS 1.
Nothing is currently known about it besides that it has a changed pitch and speed.
It could just be that the song was edited only for the intention of the Instagram post.",,,"Oct ??, 2018",Demo,Snippet,Recording,Snippet
BALLADS 1,"CAN'T GET OVER YOU [V4]
(feat. Clams Casino)
(prod. Rogét Chahayed, Clams Casino & Thundercat)","OG Filename: Can't Get Over You - Joji - FR Master 4.m4a
An early master from the Director's Cut music video. The only difference is mixing.
The video has a slowed down part with audio from ""SLOW DANCING IN THE DARK"".
This is not the original file, this a rip from the Vimeo upload that uses the original mix.",2:13,"Aug 10, 2018","Oct 2, 2018",Demo,Full,CD Quality,Link
Head In The Clouds,"Midsummer Madness [V5]
(prod. AUGUST 08 & Rich Brian)","Another version that was used in a director's cut for the music video.
The only difference in this version is that Rich Brian has more background vocals.",,2018,"Oct 2, 2018",Demo,Full,CD Quality,Link
BALLADS 1,"SLOW DANCING IN THE DARK [V3]
(prod. Joji & Patrick Wimberly)","OG Filename: Slow Dancing In The Dark - Joji - 24 bit - FR Master 3.wav
An early master from the Director's Cut music video. The only difference is mixing.
This is not the original file, this a rip from the video file that uses the original mix.
It's a mix by Frankie Ramirez that didn't get used, much like his mix for ""Sanctuary"".",3:43,"Jul 23, 2018","Sep 12, 2018",Demo,Full,Lossless,Link
In Tongues,"🏆 Feel The Same
(prod. fish narc)","A snippet that was leaked by fish narc on an Instagram Live. When asked if it would be released he responded with ""Probably never"", likely due to 88rising clearance issues.",,,"Jul 11, 2018",Throwaway,Snippet,Recording,Snippet
BALLADS 1,"🏆 COME THRU [OG]
(prod. Shlohmo)
aka. NO CALLER I.D.*","Performed at WeDidIt’s 10th anniversary festival on June 22nd, 2018.
This version has a scrapped verse that was changed entirely later on.",2:33,,"Jun 22, 2018",Demo,Full,Recording,Link
Head In The Clouds,"Midsummer Madness [V2]
(prod. AUGUST 08 & Rich Brian)","Previewed on Twitter by 88rising on May 17th, 2018.
This version has a longer intro with another stripped back instrumental.",,,"May 17, 2018",Demo,Partial,High Quality,Link
BALLADS 1,"FUCK THE CLUB [V1]
(prod. Joji)
aka. FTC","Previewed in the 88rising YouTube video ""yeah right, she don’t care if i die"" that was uploaded on May 14th, 2018. It was a Behind-The-Scenes video for ""YEAH RIGHT"".
Nothing is known about this version besides that it has mumbled vocals in the intro.",,,"May 14, 2018",Demo,Snippet,Recording,Snippet
Nectar,"Linden Jay - Keep Me Sleeping [V1]
(prod. Josh Taffel, Linden Jay)
aka. Like You Do","Four years before the release of Nectar, Linden Jay went into the studio one night with Josh Taffel and produced ""Keep Me Sleeping"", which he later decided to put on a compilation tape with other beats. He loved the instrumental but just wished that it had vocals. A few years later he sent it to Kurtis McKenzie, who would write ""Like You Do"".",2:51,,"May 3, 2018",Beat,Full,High Quality,Link
BALLADS 1,"YEAH RIGHT [V1]
(prod. Joji)
aka. Yea Right","Performed live at Terminal 5 in New York on February 20th, 2018. The only difference in this version is the different drums, sounding like it was made during the In Tongues era.",,,"Feb 20, 2018",Demo,Full,Recording,"Link
CDQ Snippet"
Head In The Clouds II,"Smokepurpp - A Feeling [V1]
(prod. Mally Mall)
aka. Breathe, Lemme Know","Originally Smokepurpp's song before it was given to Joji later on.
This version has a different instrumental and different lyrics, mostly mumble.",,2018,2018,Demo,Partial,Recording,Snippet
BALLADS 1,"DIE4U [OG]
(feat. Trippie Redd) (prod. Ryan Hemsworth & Joji)
aka. R.I.P.","A snippet that was leaked by MusicMafia, being listed as a Trippie Redd song with no mention of Joji. There aren't any known differences, besides the title change. The piano was reused from the ""Firefish"" snippet that was previewed on Joji's Instagram account.",,,2018,Demo,Snippet,Low Quality,Snippet
Head In The Clouds,"Peach Jam [OG]
(prod. BlocBoy JB, Joji & Oren Yoel)","A snippet that was originally from Instagram, though it's currently unknown who
posted it, or when it was posted. It features very rough vocals from Joji's chorus.",,,2018,Demo,Snippet,Recording,Link
BALLADS 1,"WANTED U [OG]
(prod. Joji)","Performed live at NOIZ Club in Bangkok on December 6th, 2017.
The only noticable difference is that there’s no guitar solo in this version of the song.",,,"Dec 6, 2017",Demo,Partial,Recording,Snippet
Lost Instruments,"⭐️ diamondsonmydick [V2]
(prod. Joji)
aka. Diamonds","Released exclusively on WAV Media on October 27th, 2017, before it’s shut down on December 22nd, 2019. ""Diamonds"" was also a song title seen in Joji’s VICE interview.",1:28,,"Oct 27, 2017",Throwaway,Full,Lossless,Link
Lost Instruments,"⭐️ Amazonian Pet [V2]
(prod. Joji)
aka. amazonian pet","OG Filename: Amazonian Pet (demo)
Exclusively released on WAV Media on October 27th, 2017, before it’s shut down on December 22nd, 2019. There’s a very loud and explicit voice recording at the end. 
It was privately uploaded onto Joji’s SoundCloud account on January 27th, 2016.",2:36,,"Oct 27, 2017",Throwaway,Full,Lossless,Link
Lost Instruments,"⭐️ nightmares of the invertebre
(prod. Joji)","Exclusively released on WAV Media on October 27th, 2017, before it’s shut down on December 22nd, 2019. Reuses elements from ""diamondsonmydick"" and ""rain on me"".",2:11,,"Oct 27, 2017",Throwaway,Full,Lossless,Link
In Tongues,"SAD TRAVIS PT.2 [V4]
(prod. Joji)
aka. 128, Antidote Pt. 2, Window Pt. 2","Previewed on BRTHR's Instagram on August 7th, 2017. This version has less vocals.",,,"Aug 7, 2017",Throwaway,Snippet,High Quality,Snippet
In Tongues,"Demons [V3]
(prod. Joji)
aka. dem3, look alive","OG Filename: dem3
From the now-deleted 88rising YouTube video ""The Snake or the Rabbit"" that was uploaded on August 2nd, 2017. It just features Joji recording some of the vocals.
The project file for it was also seen on Joji’s laptop in his interview with VICE.",,"???, 14, 2017","Aug 2, 2017",Demo,Snippet,Recording,Snippet
In Tongues,"🏆 ???
(prod. Joji)","From a now-deleted 88rising YouTube video ""The Snake or the Rabbit"" that was uploaded on August 2nd, 2017. It was originally thought that this was ""IDFLKMST""
due to both of them having a very similar sounding bass, which was possibly reused.",,,"Aug 2, 2017",Beat,Partial,Recording,"Snippet #1
Snippet #2"
Chloe Burbank Volume 1,"Firefish*
(prod. Joji)","A beat that was previewed on Joji’s Instagram account on July 25th, 2017.
The piano was later used on ""R.I.P."" on the BALLADS 1 project a year later.",,,"Jul 25, 2017",Beat,Snippet,Low Quality,Snippet
In Tongues,"Antidote [V2] 
(prod. Joji)
aka. SAD TRAVIS PT. 1, Window","Played during Joji's Boiler Room set with 88rising on May 18th, 2017. The piano is chopped earlier and features little to no background vocals. It was originally titled ""Antidote"" instead of ""Window"", and even interpolates ""Antidote"" by Travis Scott.",2:06,,"May 18, 2017",Demo,Full,Recording,Link
Chloe Burbank Volume 1,"🏆 Miles [V3]
(prod. Joji)
aka. Miles Experiment3*, Am I High? No*","Played during Joji's Boiler Room set with 88rising on May 18th, 2017. This version has very different production, but it's kinda hard to tell what was done live and what wasn't.",1:01,,"May 18, 2017",Throwaway,Full,Recording,Link
Green Echo,"Once In A While [OG]
(prod. rei brown)","Possible OG Filename: green echo ????
Played at Joji's Boiler Room live set with 88rising on May 18th, 2017.
This version doesn't have rei brown's vocals and is much longer.",3:12,,"May 18, 2017",Demo,Full,Recording,Link
Chloe Burbank Volume 1,"rain on me [V2]
(prod. Joji)","Played during Joji's Boiler Room set with 88rising on May 18th, 2017. This version doesn’t have a verse or the ending transition, and starts immediately with the chorus.",0:55,,"May 18, 2017",Demo,Full,Recording,Link
In Tongues,"Will He [OG]
(prod. West1ne & Joji)
aka. Will He?","Played during Joji's Boiler Room set with 88rising on May 18th, 2017.
This version is much shorter and does not feature a second verse.",2:07,,"May 18, 2017",Demo,Full,Recording,Link
In Tongues,"🏆 Wonderwall
(prod. Joji)
aka. Wonderwall (Remix)","A remix of ""Wonderwall"" by Oasis. Played during Joji's Boiler Room set with 88rising on May 18th, 2017. Wonderwall was also seen on a whiteboard in Joji's VICE interview.",0:58,,"May 18, 2017",Remix,Full,Recording,Link
In Tongues,"???
(prod. Joji)","A beat that was played at Joji's Boiler Room set with 88rising on May 18th, 2017.",0:44,,"May 18, 2017",Beat,Full,Recording,Link
In Tongues,"???
(prod. Joji)","A beat that was played at Joji's Boiler Room set with 88rising on May 18th, 2017.",1:03,,"May 18, 2017",Beat,Full,Recording,Link
Chloe Burbank Volume 1,"🏆 I Don't Please You
(prod. Joji)","A throwaway that was previewed on Joji’s Instagram account on January 25th, 2017.",,,"Jan 25, 2017",Throwaway,Snippet,Recording,Snippet
Chloe Burbank Volume 1,"???
(prod. Joji)",An unknown beat that was previewed on Joji’s Instagram account.,,,"Nov 11, 2016",Beat,Snippet,Recording,Snippet
Chloe Burbank Volume 1,"???
(prod. Joji)",An unknown beat that was previewed on Joji’s Instagram account.,,,"Nov 5, 2016",Beat,Snippet,Recording,Snippet
Chloe Burbank Volume 1,"🏆 Ears Bleed [V5]
(prod. Joji)
aka. beat 4 rent",Previewed on Joji’s Instagram account. The harmony is chopped in a different way.,,,2016,Beat,Snippet,Recording,Snippet
Chloe Burbank Volume 1,"???
(prod. Joji)",An unknown beat that was previewed on Joji’s Instagram account.,,,2016,Beat,Snippet,Recording,Snippet
Chloe Burbank Volume 1,"🏆 Manhattan
(prod. Joji)
aka. Manhattan (Remix)","A cover of ""Manhattan"" by Sara Bareilles that was previewed on Joji's Vine account.",,,2015,Remix,Snippet,Recording,Snippet
Chloe Burbank Volume 1,"Miles [V1]
(prod. Joji)
aka. Miles Experiment1*, Am I High? No*","An early version previewed on Joji’s Vine account sometime in 2015.
This version has a harmony that was removed in later versions.",,,2015,Demo,Snippet,Recording,"Snippet
Snippet #2"
Chloe Burbank Volume 1,"🏆 rain on me [V1]
(prod. Joji)",An early version with a cut verse that was previewed on Joji’s Vine account in 2015.,,,2015,Demo,Snippet,Recording,Snippet
Chloe Burbank Volume 1,"🏆 I Need A Place To Rest*
(prod. Joji)",A throwaway that was previewed on Joji's Vine account in 2015.,,,2015,Throwaway,Snippet,Recording,Snippet
Chloe Burbank Volume 1,"???
(prod. Joji)",An unknown beat that was previewed on Joji’s Vine account.,,,2015,Beat,Partial,Recording,"Snippet #1
Snippet #2"
Chloe Burbank Volume 1,"🏆 lov u
(prod. Joji)
aka. Sure Thing (Remix)","A remix of ""Sure Thing"" by Miguel that was previewed on Joji’s Vimeo account.
The original sample comes from a now-deleted cover from a 13 year old girl.
A more up-beat part of the remix was previewed on Joji's Vine sometime in 2015.",,,"Nov 18, 2014",Remix,Partial,CD Quality,"Snippet #1 
Snippet #2"
Chloe Burbank Volume 1,"foie [OG]
(prod. Joji)","An earlier version that was previewed in jojivlogs 7. This version doesn't have the vocals from ""Juicy"" by Biggie Smalls placed on top of the beat like the released version does.",,,"Aug 6, 2014",Demo,Snippet,Recording,Snippet
Chloe Burbank Volume 1,"rei brown - Rajvi [V2]
(prod. rei brown)","Previewed in jojivlogs 7 on August 6th, 2014. This version doesn't have Joji's vocals.",,,"Aug 6, 2014",Demo,Snippet,Recording,Snippet
Chloe Burbank Volume 1,"🏆 Diamonds [V1]
(prod. Joji)
aka. diamondsonmydick","An early version of ""diamondsonmydick"" with very different production which was previewed in jojivlogs 4. ""Diamonds"" was also a song title seen in Joji’s VICE interview.",,,"Jun 29, 2014",Demo,Snippet,Recording,Snippet
Chloe Burbank Volume 1,"🏆 Jungle Boy Pt. 2
(prod. Joji)","In ""Jungle Boy Pt. 1"" on ""PINK GUY"" the beat switches, previewing another track, with Joji then cutting in and saying ""Sorry, this beat is reserved for the JOJI album"". ",,,"May 23, 2014",Throwaway,Partial,Lossless,Snippet
Chloe Burbank Volume 1,"🏆 They Don't Understand*
(prod. Joji)","Previewed in the YouTube video ""WEIRD MCDONALD’S RAP"" and in jojivlogs 2.
Joji confirmed in the comments of the video that it was for the Chloe Burbank project.",,,"Jan 31, 2014",Throwaway,Snippet,High Quality,Snippet
Chloe Burbank Volume 1,"rei brown - Rajvi [V1]
(prod. rei brown)",An early version that was previewed on Vine. Features rei brown making the melody.,,,2014,Demo,Snippet,Recording,Snippet
Chloe Burbank Volume 1,"🏆 Say You Will (Remix)
(prod. Joji)
aka. Say You Will (Remix)","A cover of ""Say You Will"" by Kanye West from the video ""DO THE SALAMANDER"" with
an announcement of a Pink Guy album. It could have been intended for PINK GUY.",,,"Aug 3, 2013",Cover,Snippet,High Quality,Snippet
Chloe Burbank Volume 1,"WORLD$TAR MONEY [OG]
(prod. Joji)
aka. worldstar money (interlude)","The original ukulele recording previewed in jojivlogs 6 which was pitched down
and later used in ""WORLD$TAR MONEY"" / ""worldstar money (interlude)"".",,,"Jul 23, 2013",Demo,Snippet,Recording,Snippet
Before Pink Guy,"Blind Man (Remix)
(prod. Joji)","A remix of ""Blind Man"" by Little Milton. The same drums were eventually reused in ""OSAMA"" from the YouTube video ""PINK GUY COOKS STIR FRY AND RAPS"".
Previewed in an old video and in the video ""ANIME HUNTER - CHIN CHIN ARRIVES"".",,,"Aug 20, 2011",Remix,Snippet,High Quality,Snippet
Before Pink Guy,"🏆 Listen
(prod. MC Rukuss)","A song that was used in a video for a school project. The same drums
were eventually reused in the songs ""rain on me"" and ""ASIAN PIZZA"".",,,"Apr 12, 2011",Throwaway,Partial,High Quality,Snippet
