Era,Name,Notes,Length,File Date,Release Date,Type,Available,Link(s)
"0 Streaming
1 Off-Streaming
0 Unavailable","George Miller
aka. MC George, Son Of A Gun","(??/??/2008) (George produces his first beat in GarageBand)
(??/??/2010) (George starts performing for ""Beats N' Miso"")",,,"This era contains all of Joji's music before he started making music with the 
Pink Guy character. He first went by ""MC George"" in the video ""Greatest Song Ever"" before he later performed with the rap group Beats N' Baby Miso, which was when he started going by ""MC Rukuss"". In interviews, he stated that he started creating his first songs when he was 16, which would've been in 2008. He only ever released one song under the ""MC George"" name. He would also be in ""BUSHIDO"", which was uploaded to his friend's channel.",,,
George Miller,"MC George - Greatest Song Ever
(prod. SINIMA BEATS)
aka. The Greatest Song Ever","Released on the DizastaMusic YouTube channel after a short break from uploading.
The Play-Doh line was later reused in the song ""Who’s The Sucker"" 2 years later.",1:40,,"Oct 25, 2009",Loosie,No,Link
"0 Streaming
1 Off-Streaming",TEMPURA BOYZ,"(07/28/2008) (George forms a group with his high school friends Bryan and Takahiro)
(05/28/2009) (""BUSHIDO"" is released on YouTube on the channel ""yobigfatmamablack"")",,,,,,
TEMPURA BOYZ,"BUSHIDO
(prod. D/R Period)","From a video with George and his high school friends Bryan and Takahiro rapping over and interpolating ""Ante Up"" by M.O.P. The same beat was later used in a song which was perfomed at Suma Beach Party 2010 with Beats N' Miso on August 17th, 2010.",3:32,,"May 28, 2009",Loosie,No,Link
,"MC Rukuss
aka. Russ Ruckus","(0?/??/2010) (George starts going by the ""MC Rukuss"" alias)
(??/??/2012) (George stops using the 'MC Rukuss"" alias)",,,"Sometime between early to mid 2010, George would go under the alias of ""MC Rukuss"". He created a YouTube channel under that name and uploaded several skits and songs. During that time, he briefly joined a local Hip-Hop group named ""Beats N' Miso"" and performed with them throughout 2010. Between 2010 and 2011, he changed his alias to ""Russ Rukuss"". In 2013, he privated all videos on the ""RukussMC"" YouTube channel.",,,
MC Rukuss,"MC Rukuss x SLICKLIPS© x JIMMY★RICH
(prod. SLICKLIPS©)
aka. Brighter Than The Sun*","Released on the ""Beats N' Miso"" YouTube channel. The video has George and two other members of the Beats N' Miso group with JIMMY RICH doing vocals and SLICKLIPS© beatboxing. It has a verse from George, who was going by MC Rukuss during this time.",2:33,2010,2010,"Live
Recording",No,Link
MC Rukuss,Worst Freestyle Ever,"Uploaded to the RukussMC YouTube account sometime between 2010 - 2012.
Discovered in an old YouTube dataset. Probably similar to ""ASIAN NERD RAPS"" on the DizastaMusic channel under the Filthy Frank alias.",1:22,,2010 - 2012,Freestyle,Unavailable,
MC Rukuss,"🏆 J Dilla - Dreamy (Cover)
(prod. MC Rukuss)","Uploaded to the RukussMC YouTube account sometime between 2010 - 2012.
Discovered in an old YouTube dataset.",1:28,,2010 - 2012,Cover,Unavailable,
MC Rukuss,🏆 Broken Neck,"Uploaded to the RukussMC YouTube account sometime between 2010 - 2012.
Discovered in an old YouTube dataset. Released under the ""Russ Ruckus"" alias.",1:34,,2010 - 2012,Loosie,Unavailable,
MC Rukuss,"OSAMA IS DEAD (RAP)
(prod. MC Rukuss)","Uploaded to the RukussMC YouTube account sometime between 2011 - 2012.
Discovered in an old YouTube dataset. The song itself was previewed in a few Filthy Frank videos. It reuses the drums from his remix of ""Blind Man"" by Little Milton.",1:37,2011,2011,Loosie,Unavailable,Snippet
MC Rukuss,🏆 Frank Ocean - We All Try (Guitar & Beatbox),"Uploaded to the RukussMC YouTube account sometime between 2011 - 2012.
Discovered in an old YouTube dataset.",2:07,,2011 / 2012,Cover,Unavailable,
MC Rukuss,"Rebecca Black - Friday (Gangsta Rap)
aka. Rebecca Black Friday Gangsta Rap","Uploaded to the RukussMC YouTube account sometime between 2011 - 2012.
Discovered in an old YouTube dataset.",1:27,2011 / 2012,2011 / 2012,Cover,Unavailable,
,Before Joji,"(??/??/2012) (George stops using the ""MC Rukuss"" alias)
(??/??/2013) (George starts releasing music under Joji)",,,,,,
Before Joji,"LIL D - DICKS (SWAG SWAG SWAG)
(prod. George Miller)","Released on the George Miller 3 SoundCloud account, which was later on deleted.
The beat would later on be used for the song ""DO THE SALAMANDER"" a year later.
Sometime between 2022 to January of 2023, the SoundCloud account was deleted.",1:25,,"Feb 7, 2012",Loosie,No,Link
Before Joji,"LIL D - PEDOPHILE SWAG
(prod. G5Kid)","Released on the George Miller 3 SoundCloud account, which was later on deleted.
It’s a parody of ""Pretty Boy Swag"" by Soulja Boy, and even uses the instrumental.
Sometime between 2022 to January of 2023, the SoundCloud account was deleted.",2:17,,"Feb 11, 2012",Loosie,No,Link
Before Joji,"LIL D - The Foreskin
(prod. George Miller)","Released on the George Miller 3 SoundCloud account, which was later on deleted.
The song makes fun of a teacher that taught George sometime during high school.
Sometime between 2022 to January of 2023, the SoundCloud account was deleted.",1:41,,"Feb 11, 2012",Loosie,No,Link
Before Joji,"⭐️ Waffle House In Guam [Clean Ver.]
(prod. Allrounda Beats)","Released on Alex Hirota’s Vimeo account, who directed the music video for the song.
It’s very likely it was used for a school project, as some words have been censored.",3:23,2011 / 2012,"May 7, 2012",Loosie,No,Link
"0 Streaming
6 Off-Streaming","JOJI [V1]
aka. Chloe Burbank [V1]","(05/11/2014) (A ""JOJI"" project is announced, intended for release in the summer of 2014)
(01/13/2016) (Chloe Burbank Volume 1 is announced)",,,"Before the release of ""PINK GUY"" a ""JOJI"" album was announced in ""CHIN CHIN IS NOT PLEASED"". It was intended for release in the summer of 2014, and was said to have ""nearly everything we've heard before that wasn't on the Pink Guy album"". However, the project of course never ended up releasing in 2014, and was it later revamped and worked on further.",,,
JOJI [V1],"⭐️ rei brown - Cobbled Stones (Michael Zarucki Cover)
(prod. rei brown)
aka. Once In A While","OG Filename: Cobbled Stones (cover)
rei brown's cover of ""Cobbled Stones"" by Michael Zarucki.
The instrumental was given to Joji later on, and the hook stayed mostly the same. Released on rei brown's SoundCloud back on April 11th, 2013 but was later privated.
It later was resurfaced by jae on December 25th, 2025.",2:08,2013,"Apr 11, 2013",Cover,No,Link
JOJI [V1],"⭐️ boo hoo rain :(
(prod. Joji)
aka. boom bap, thom","OG Filename: boom bap.mp3
Released on the jojikansai / PinkOmega SoundCloud account, but was later privated.
It was used in the YouTube video ""BAD NARRATION (FULL)"" on the TVFilthyFrank channel 2 months later. The beat was later used for the song ""Thom"" 2 years later.",0:43,,"Oct 13, 2013",Beat,No,Link
JOJI [V1],"Joe Pass
(prod. Joji)","Released on the jojikansai / PinkOmega SoundCloud account, but is now deleted.
The OG File uploaded to his SoundCloud was encoded in AAC/m4a and is 1.48 MiB",0:38,,"Oct 13, 2013",Beat,No,Link
JOJI [V1],"Yung Michael
(prod. Joji)
aka. Young Michael","OG Filename: elle 3.m4a
Released on the jojikansai / PinkOmega SoundCloud account, but was later privated.",1:02,,"Oct 13, 2013",Beat,No,Link
JOJI [V1],"⭐️ medicine beat [V1]
(prod. Joji)
aka. medicine","OG Filename: duno.mp3
OG Filename (Metadata): duno
Released on the jojikansai / PinkOmega SoundCloud account, but later privated.
It was originally previewed on his Vine around 2014, but there's no differences.
88rising later uploaded an extended version on YouTube on January 10th, 2017.
The track was privated sometime in 2019 for some reason.",0:52,,"Mar 15, 2014",Remix,No,Link
JOJI [V1],"⭐️ lov u
(prod. Joji)
aka. Sure Thing (Remix)","Remix of ""Sure Thing"" by Miguel that was previewed on Joji’s Vimeo account.
The original sample comes from a now-deleted cover from a 13 year old girl.
A more up-beat part of the outro was previewed on Vine sometime in 2013.",1:12,,"Nov 18, 2014",Remix,No,Link
"3 Streaming
11 Off-Streaming","Chloe Burbank Volume 1 [V2]
aka. JOJI [V2]","(01/13/2016) (Chloe Burbank Volume 1 is announced)
(12/26/2016) (Rollout for Chloe Burbank begins from 88rising)
(??/??/2017) (Chloe Burbank is scrapped and is then reworked into two seperate EPs)",,,"Two singles released a year later in 2015 with an announcement for ""Chloe Burbank Volume 1"" on social media. Joji began releasing more tracks on SoundCloud throughout the following years before signing to 88rising in hopes of releasing the project, but he was unfortunately met with sample clearance issues that he'd complain about on Twitter, and ultimately decided the decision to scrap the project, and began converting the project into a smaller EP.",,,
Chloe Burbank Volume 1 [V2],"⭐️ Thom
(prod. Joji)
aka. boo hoo rain :(, boom bap","OG Filename: Thom Mastering v3 Final (Searching for a beeping love).wav
Released on Joji's chloeburbank SoundCloud account and later released on Bandcamp the following year. Uses the previously released ""boo hoo rain :("" beat.
Samples ""Polka Dots and Moonbeams"" by Wes Montgomery, as well as
vocals from Ariana Grande's cover of ""The Heart of the Matter"" by India Arie.",2:59,,"Oct 8, 2015",Single,No,Link
Chloe Burbank Volume 1 [V2],"⭐️ you suck charlie
(prod. Joji)
aka. USuckCharlie4","OG Filename: You Suck Charlie Mastering.wav
Released on Joji’s SoundCloud and Bandcamp account. Samples ""Christmas Time Is Here"" by Vince Guaraldi, which is in the soundtrack to ""A Charlie Brown Christmas""",1:46,,"Dec 8, 2015",Single,No,Link
Chloe Burbank Volume 1 [V2],"foie
aka. foie <bump>, pills","OG Project Filename: pills 2.gbproj
OG Filename: pills 2 - 2_24_16, 12.09.aif
OG Filename (Metadata): pills 2 - 2:24:16, 12.09 AM
Released on Joji’s SoundCloud account with vocals from ""Juicy"" by Biggie Smalls
over the beat. The song was not intended for the Chloe Burbank Volume 1 project,
as signified by the tags #not #chloe on the upload. The title ""foie"" is French for ""liver""
which correlates with the cover art uploaded with the song, as it's a can of Cod Liver.
Joji later repurposed the beat for In Tongues and made it sound practically brand new.
The later version of ""Pills"" on In Tongues still uses many of the same sounds as ""foie"", as well as the recognizable ""Finn"" sample, which is a clip of BMO from Adventure Time.",1:21,"Feb 24, 2016","Feb 24, 2016",Loosie,No,Link
Chloe Burbank Volume 1 [V2],"⭐️ WORLD$TAR MONEY
(prod. Joji)
aka. WORLDSTAR, WORLDSTAR $$$, worldstar money (interlude)","OG Project Filename: WORLDSTAR LOUD.gbproj
OG Filename: WORLDSTAR LOUD - 4_1_16, 4.05 PM.aif
OG Filename (Metadata): WORLDSTAR LOUD - 4:1:16, 4.05 PM
Released on Joji’s SoundCloud account with the description stating that he was ""just upping basic unreleased trash in the meantime"". Samples an unknown video from WORLDSTARHIPHOP given the title. It was rereleased later on for In Tongues to be the last track when it was added to the In Tongues tracklist on September 18th, 2017. ",2:06,"Apr 1, 2016","Apr 1, 2016",Single,Yes,Link
Chloe Burbank Volume 1 [V2],"unsaved info
(prod. Joji)
aka. idunwanadie, i don't wanna die","OG Filename: I don't wanna die mastered.wav
Released on Joji’s SoundCloud and Bandcamp accounts.",0:57,,"Apr 16, 2016",Single,No,Link
Chloe Burbank Volume 1 [V2],"shamana - BESIDJU
(prod. shamana & Joji)
aka. BESIDJUuu, BANGBROSDOTCOM","OG Filename: BESIDJUuu.mp3
OG Filename (Metadata): BESIDJUuu
OG Filename (2): BANGBROSDOTCOM
Released on Joji’s SoundCloud account and rereleased on streaming by shamana.",1:47,2016,"May 5, 2016",Feature,Yes,Link
Chloe Burbank Volume 1 [V2],"peacock affect - wallflower (shamana edit)
(prod. peacock affect & shamana)","OG Filename: 0000000shamana.mp3
Shamana's edit of ""wallflower"" by peacock affect. Shamana's tag on it is from Joji.",2:02,2016,"Jul 14, 2016",Production,No,Link
Chloe Burbank Volume 1 [V2],"⭐️ plastic taste
(prod. Joji)","OG Filename: PLASTIC TASTE FINAL.mp3
OG Filename (Metadata): PLASTIC TASTE FINAL
Released on SoundCloud and Bandcamp and later rereleased on ""In Tongues (Deluxe)"".",2:00,,"Jul 29, 2016",Single,Yes,Link
Chloe Burbank Volume 1 [V2],"⭐️ XXX
(prod. ryanjacob & Joji)","OG Filename: joji ry V2.mp3
Three days after XXXTentacion was released from jail after agreeing to house arrest on September 16th, 2016, Joji released a collaboration with ryanjacob on his SoundCloud account, which was titled ""XXX"". After the release, Joji then tweeted ""welcome home @xxxtentacion"" to show some love after releasing the song as a tribute. However just
19 days later on October 8th, 2016, XXXTentacion was arrested and was charged with aggravated battery of a pregnant woman. The beat samples a video of an Arabic boy singing “يا حياة الروح” by Fadel Chaker, which Joji showed to Ryan to use as a sample.",2:03,2016,"Sep 19, 2016",Loosie,No,Link
Chloe Burbank Volume 1 [V2],"old yeller
(prod. Joji)
aka. old yeller <bump>","OG Filename: old yeller single main hopefully 11111this.mp3
Released on Joji’s SoundCloud account, but was later privated on February 14th, 2018. Joji tweeted ""big stuff coming soon just putting out a few little bumpies rn cheers"" after the song's release. The song was not intended for the Chloe Burbank Volume 1 project.",1:13,,"Oct 15, 2016",Loosie,No,Link
Chloe Burbank Volume 1 [V2],"ryanjacob - VISA
(feat. Indica, kwasi kao & Joji) (prod. Dylan Brady & ryanjacob)","OG Filename: ryanjacob - VISA (ft. Indica, Floyd & joji).mp3
OG Filename (2): visa reup.mp3
Released on ryanjacob's SoundCloud account.
It was also on streaming, but it was taken down for whatever reason.
It was rebounced and reuploaded to SoundCloud in 2020.",5:35,2016,"Oct 19, 2016",Feature,No,Link
Chloe Burbank Volume 1 [V2],"medicine [V2]
(prod. Joji)
aka. medicine beat","Extended version of ""medicine beat"" that was uploaded to 88rising's YouTube channel.
It's unknown if an actual bounce of this exists or if it was done through video editing.
Released from a rollout done by 88rising for Chloe Burbank that was scrapped.",2:18,,"Jan 10, 2017",Single,No,Link
Chloe Burbank Volume 1 [V2],"⭐️ i don't wanna waste my time [Mix 1]
(prod. Joji)
aka. waste my time","OG Filename: IDWWMT.wav
Released on Joji’s SoundCloud account and later rereleased on ""In Tongues (Deluxe).
In a Genius interview Joji shared the inspiration behind the song. ""My friend was talking about cheating on his girl, and I was like, “I don’t know. You can do it if you want. Why are you talking to me?” And I thought about that a little more. Just, my friend cheating on his girl. And I wrote a song about that. It’s not about him, but it was inspired by that.

I started producing it first. It was a really hot day. I remember I was in my apartment
and the AC was broken, so it was very, very hot, and when I was piecing it together all I remember is the sweat from my face and armpits dripping onto my legs because it was a low couch. That was the setting. No AC, but that brings out more emotion sometimes.

Sometimes I'll already have the hook and then I build around that, but sometimes I’ll make the beat first. I love piano. I love organic instruments, so I’ll usually sample myself. I’ll go to the studio, play all the instruments possible there, and I’ll sample myself. Throw that on then add whatever beat matches to it. And that’s what I did on this song, then I added vocals. I already knew what the general lyrics were, but I did the beat first.""",2:44,,"Apr 26, 2017",Single,No,Link
Chloe Burbank Volume 1 [V2],"⭐️ rain on me
(prod. Joji)","OG Filename: rainonmeV2.wav
Released on Joji’s SoundCloud account. Samples drums from ""Amityville"" by Eminem.
The song was originally previewed on Vine twice sometime in 2013 but it had a slower tempo and had different lyrics. The song would end up getting released as a loosie before the upcoming release of Joji's then upcoming EP ""In Tongues"".",2:52,,"Jul 19, 2017",Single,No,Link
"0 Streaming
3 Off-Streaming",Lost Instruments,"(??/??/2017) (Chloe Burbank is scrapped and tracks from the project are selected to be exclusively released on WAV Media as a seperate project and as promotion for In Tongues)
(10/27/2017) (Lost Instruments is exclusively released on WAV Media)",,,"“Lost Instruments” is a small collection of unreleased songs that was made in anticipation of Joji's debut EP ""In Tongues"". It was originally able to be streamed on WAV Media, a streaming platform intended to “give artists the support they need to succeed, while giving fans access to unique experiences they can’t get anywhere else” However, on December 22nd 2019, WAV Media was shut down, which meant that ""Lost Instruments"" was also taken down alongside the site.",,,
Lost Instruments,"⭐️ diamondsonmydick
(prod. Joji)
aka. Diamonds","Released exclusively on WAV Media on October 27th, 2017, before it’s shut down on December 22nd, 2019. ""Diamonds"" was also a song title seen in Joji’s VICE interview.",1:28,,"Oct 27, 2017",Album Track,No,Link
Lost Instruments,"⭐️ Amazonian Pet
(prod. Joji)
aka. amazonian pet","OG Name: Amazonian Pet (demo)
OG Filename: amazonian pet 4 SUPER ROUGH 0 MAS.aif
Exclusively released on WAV Media on October 27th, 2017, before it’s shut down on December 22nd, 2019. There’s a very loud and explicit voice recording at the end. 
It was privately uploaded onto Joji’s SoundCloud account on January 27th, 2016.",2:36,,"Oct 27, 2017",Album Track,No,Link
Lost Instruments,"⭐️ nightmares of the invertebre
(prod. Joji)","Exclusively released on WAV Media on October 27th, 2017, before it’s shut down on December 22nd, 2019. Reuses elements from ""diamondsonmydick"" and ""rain on me"".",2:11,,"Oct 27, 2017",Album Track,No,Link
"10 Streaming
2 Off-Streaming",In Tongues,"(??/??/2017) (Chloe Burbank is scrapped)
(10/27/2017) (Lost Instruments is released as promotion for In Tongues)
(11/03/2017) (In Tongues is released)",,,"After scrapping most of ""Chloe Burbank Volume 1"", Joji began to work on converting the project into an EP for the following months, eventually becoming ""In Tongues"". Some reminants of the ""Chloe Burbank Volume 1"" project can be found throughout the EP, as ""Pills"" actually interpolates ""Thom"" from the previous project.",,,
In Tongues,"⭐️ Higher Brothers - Nomadic
(feat. Joji) (prod. Take a Daytrip & Joji)",Released as a stand-alone single in a partnership between 88rising and Adidas.,4:04,,"Jul 13, 2017",Feature,Yes,Link
In Tongues,"Higher Brothers - Nomadic [Clean Ver.]
(feat. Joji) (prod. Take a Daytrip & Joji)","Clean Ver. of ""Nomadic"".",4:04,,"Jul 13, 2017",Clean Ver.,Yes,Link
In Tongues,"ryanjacob - Hesitate
(feat. Pritty, Brndn & Ricky Anthony)
(prod. ryanjacob, Y2K, Dylan Brady & Joji)","OG Filename: HESITATE.wav
Released on ryanjacob’s SoundCloud account.",2:51,2017,"Sep 25, 2017",Production,No,Link
In Tongues,"Tommy Cash - Rawr (Joji Remix)
(feat. Joji) (prod. StereoRyze)
aka. Mountains","OG Filename: MOUNTAINS_HEARINGDAMAGEMASTER.wav
Released on Tommy Cash’s SoundCloud account.",2:33,,"Oct 8, 2017",Feature,No,Link
In Tongues,"⭐️ Will He
(prod. West1ne & Joji) (writ. West1ne & George Miller)
aka. Will He?","OG Filename: 1. Will He.wav
OG Filename (2): joji willhe.wav
The only single for ""In Tongues"" which would be track 1 on the album.",3:22,"Aug 23, 2017","Oct 17, 2017",Single,Yes,Link
In Tongues,"Will He [Clean Ver.]
(prod. West1ne & Joji) (writ. West1ne & George Miller)
aka. Will He?","OG Filename: joji - Will He (Clean).wav
Clean Version of ""Will He"".",3:22,"Aug 21, 2017","Nov 3, 2017",Clean Ver.,Yes,Link
In Tongues,"⭐️ Pills
(prod. Joji)","OG Filename: 2. Pills.wav
OG Filename (2): pills.wav
Track 2 on ""In Tongues"".",3:07,"Jun 27, 2017","Nov 3, 2017",EP Track,Yes,Link
In Tongues,"⭐️ Demons
(prod. Joji)","OG Filename: 3. Demons.wav
OG Filename (2): joji demons.wav
Track 3 on ""In Tongues"".",2:56,"Aug 23, 2017","Nov 3, 2017",EP Track,Yes,Link
In Tongues,"⭐️ Window
(prod. Joji)
aka. Antidote","OG Filename: 4. Window.wav
OG Filename (2): antidote.wav
Track 4 on ""In Tongues"".
 Originally titled ""Antidote"" as it also interpolates ""Antidote"" by Travis Scott.
Interestingly, if you speed up the song to match the original speed of the piano, 
the drums are at their original speed. This means the original beat was slowed down.",2:32,"Aug 13, 2017","Nov 3, 2017",EP Track,Yes,Link
In Tongues,"Bitter Fuck
(prod. Joji)
aka. Bitter","OG Filename: 5. Bitter Fuck.wav
Track 5 on ""In Tongues"".",2:34,"Aug 23, 2017","Nov 3, 2017",EP Track,Yes,Link
In Tongues,"🗑️ Bitter [Clean Ver.]
(prod. Joji)
aka. Bitter Fuck","OG Filename: joji - Bitter Fuck (Clean).wav
Clean Version of ""Bitter Fuck"" / ""Bitter"".",2:34,"Aug 31, 2017","Nov 3, 2017",Clean Ver.,Yes,Link
In Tongues,"⭐️ worldstar money (interlude)
(prod. Joji)
aka. WORLD$TAR MONEY","OG Filename: 6. worldstar money (interlude).wav
Rerelease of ""WORLD$TAR MONEY"" from Joji's SoundCloud.,
It was added to the In Tongues tracklist on September 18th, 2017.",2:06,"Sep 18, 2017","Nov 3, 2017",EP Track,Yes,Link
"9 Streaming
0 Off-Streaming",In Tongues (Deluxe),"(11/03/2017) (In Tongues is released)
(02/14/2018) (In Tongues (Deluxe) is released)",,,"After the release of ""In Tongues"", a deluxe version was released the following year on Valentine's Day. The deluxe version included two tracks that previously released on Joji's SoundCloud account, along with eight remixes from various producers. However, the remix of ""Window"" that was sent in by Actress was the wrong one, and he actually sent an early version of his own song ""Fire and Light"". Actress tried to correct the mistake, but 88rising rejected it to ensure that the deluxe released on Valentine's Day.",,,
In Tongues (Deluxe),"⭐️ Will He (Medasin Remix)
(prod. Medasin)
aka. will he (medasin redo)","Remix of ""Will He"" by Medasin.",3:42,,"Nov 21, 2017",Remix,Yes,Link
In Tongues (Deluxe),"⭐️ Will He (Ryan Hemsworth Remix)
(prod. Ryan Hemsworth)","OG Filename: Will He (Ryan Hemsworth Remix).mp3
Remix of ""Will He"" by Ryan Hemsworth.
Privately uploaded to Ryan Hemsworth's SoundCloud on January 22nd, 2018.",2:48,,"Feb 14, 2018",Remix,Yes,Link
In Tongues (Deluxe),"Demons (Lapalux Remix)
(prod. Lapalux)","OG Filename: 11. Demons (Lapalux Remix).wav
Remix of ""Demons"" by Lapalux.",2:12,,"Feb 14, 2018",Remix,Yes,Link
In Tongues (Deluxe),"⭐️ Demons (Lunice Remix)
(prod. Lunice)","Remix of ""Demons"" by Lunice.",4:20,,"Feb 14, 2018",Remix,Yes,Link
In Tongues (Deluxe),"Actress - Fire and Light [OG]
(prod. Actress)
aka. Window (Actress Remix)","An early version of Actress’ own song ""Fire and Light"" that was mistakenly put in place of his remix of ""Window"". The song would release 2 years later on October 22nd, 2020 on his album ""Karma & Desire"". It's said that Actress’ attempt to resubmit the file was denied because 88rising wanted to ensure the deluxe would release on Valentine’s Day.
The actual remix ""Window"" that Actress meant to submit was only just surfaced in 2026 by jae.",9:15,,"Feb 14, 2018",Demo,Yes,Link
In Tongues (Deluxe),"Pills (HWLS Remix)
(prod. HWLS)","OG Filename: 14. Pills (HWLS Remix).wav
Remix of ""Pills"" by HWLS.",3:21,,"Feb 14, 2018",Remix,Yes,Link
In Tongues (Deluxe),"⭐️ Bitter Fuck (salute Remix)
(prod. salute)","OG Filename: joji - bitter fuck (salute remix).wav
Remix of ""Bitter Fuck"" by salute.
Joji stated he thinks this version is better than his own.",3:36,,"Feb 14, 2018",Remix,Yes,Link
In Tongues (Deluxe),"I Don't Wanna Waste My Time (SwuM Remix)
(prod. SwuM)
aka. i don't wanna waste my time (SwuM redo)","OG Filename: i don't wanna waste my time (SwuM redo).wav
Remix of ""I Don’t Wanna Waste My Time"" by SwuM.",3:36,,"Feb 14, 2018",Remix,Yes,Link
In Tongues (Deluxe),"⭐️ I Don't Wanna Waste My Time [Mix 2]
(prod. Joji)","Track 8 on ""In Tongues (Deluxe)"". Rereleased with an updated mix.",2:44,,"Feb 14, 2018",Deluxe Track,Yes,Link
"0 Streaming
1 Off-Streaming",Green Echo,"(??/??/2017) (A project between rei brown and Joji is planned)
(??/??/2018) (The project is eventually scrapped and long forgotten)",,,"A collaborative project between Joji and rei brown. However, not a lot is known about the project. It was eventually scrapped and forgotten, with only one currently known track for the project. Rei Brown was also asked about the project in late 2018, and said it was still a thing, but because of scheduling conflict with 88rising it was shelved.",,,
Green Echo,"⭐️ Once In A While
(prod. Joji & rei brown) (writ. Joji & rei brown)","OG Filename: Once In A While v7a back to 4a trying fade again.wav
OG Filename (2): Once In A While v7a back to 4a trying fade again.mp3
OG Filename (Metadata) (2): Once In A While v7a back to 4a
Released on the Green Echo SoundCloud and YouTube accounts.
It was used in a teaser for ""BALLADS 1"" and in the music video for ""Peach Jam"".",2:46,2017,"Feb 6, 2018",Loosie,No,Link
"22 Streaming
1 Off-Streaming","Head In The Clouds
aka. 88 Degrees and Rising","(05/07/2018) (Sean Miyashiro announces the Head In The Clouds album)
(07/20/2018) (Head In The Clouds is released)",,,"The first collaborative project between all of the artists that are signed to 88rising's label. Joji would work on the ""Head In The Clouds"" project alongside working on his first full length album under Joji. This project would influence Joji to begin working on more pop songs, which is very distinct in his songs that would follow after ""BALLADS 1"".",,,
Head In The Clouds,"⚠️ Kris Wu - 18
(feat. Rich Brian, Joji, Trippie Redd & Baauer)
(prod. Rich Brian, Joji & Baauer)
aka. Rising","Released as a stand-alone single. Before collaborating, Joji used Bauuer’s song
""Harlem Shake"" to birth the biggest meme of early 2013, propelling both their careers. ",4:14,2017 / 2018,"Jan 14, 2018",Feature,Yes,Link
Head In The Clouds,"⚠️ Kris Wu - 18 [Clean Ver.]
(feat. Rich Brian, Joji, Trippie Redd & Baauer)
(prod. Rich Brian, Joji & Baauer)
aka. Rising","Clean Ver. of ""18"".",4:14,2017 / 2018,"Jan 14, 2018",Clean Ver.,Yes,Link
Head In The Clouds,"18 (Acoustic Duet Version)
(with. Trippie Redd) (prod. Joji)","Duet of Joji and Trippie Redd singing over an acoustic version of ""18"".
Uploaded to the 88rising YouTube channel, however it is now privated.",1:07,2017 / 2018,"Feb 2, 2018",Loosie,No,Link
Head In The Clouds,"⭐️ 88rising - Midsummer Madness
(with. AUGUST 08, Joji, Rich Brian & Higher Brothers)
(prod. AUGUST 08 & Rich Brian)","1st single release for ""Head In The Clouds"" by 88rising, which is track 5 on the album.",4:40,2018,"Jun 7, 2018",Single,Yes,
Head In The Clouds,"88rising - Let It Go
(with BlocBoy JB & Higher Brothers) (prod. Falcons)","2nd single release for ""Head In The Clouds"" by 88rising, which is track 11 on the album.",2:50,,"Jun 26, 2018",Single,Yes,
Head In The Clouds,"88rising - Warpaint
(with. NIKI) (prod. Bram Inscore)","3rd single release for ""Head In The Clouds"" by 88rising, which is track 13 on the album.",3:34,,"Jun 28, 2018",Single,Yes,
Head In The Clouds,"88rising - Peach Jam
(with. Joji & BlocBoy JB) (prod. BlocBoy JB, Joji & Oren Yoel)","4th single release for ""Head In The Clouds"" by 88rising, which is track 4 on the album.",2:42,2018,"Jul 17, 2018",Single,Yes,
Head In The Clouds,"⭐️ 88rising - History
(with. Rich Brian) (prod. Rich Brian)","5th single release for ""Head In The Clouds"" by 88rising, which is track 7 on the album.",3:27,,"Jul 18, 2018",Single,Yes,
Head In The Clouds,"88rising - La Cienaga
(with. NIKI & Joji) (prod. NIKI)","Track 1 on ""Head In The Clouds"".",3:13,,"Jul 20, 2018",Album Track,Yes,
Head In The Clouds,"88rising - Red Rubies
(with. Yung Bans, Rich Brian, Don Krez,
Higher Brothers & Yung Pinch) (prod. Y2K)","Track 2 on ""Head In The Clouds"".",4:03,,"Jul 20, 2018",Album Track,Yes,
Head In The Clouds,"88rising - Swimming Pools
(with. Higher Brothers) (feat. 03 Greedo)
(prod. CashMoneyAP & Akeel)","Track 3 on ""Head In The Clouds"".",4:32,,"Jul 20, 2018",Album Track,Yes,
Head In The Clouds,"88rising - Plans
(with. NIKI) (feat. Vory) (prod. Karl Rubin & Roofeeo)","Track 6 on ""Head In The Clouds"".",2:18,,"Jul 20, 2018",Album Track,Yes,
Head In The Clouds,"88rising - Lover Boy 88
(with. Phum Viphurit) (feat. Higher Brothers)
(prod. Anucha Ocharoen & Phum Viphurit)
aka. Lover Boy (88rising Remix)","Track 8 on ""Head In The Clouds"".
Remix of ""Lover Boy"" by Phum Viphurit featuring the Higher Brothers.",3:53,,"Jul 20, 2018",Album Track,Yes,
Head In The Clouds,"88rising - Poolside Manor
(with. AUGUST 08 & NIKI)
(prod. Ging, HazeBanga & D’anna Stewart)","Track 9 on ""Head In The Clouds"".",2:51,,"Jul 20, 2018",Album Track,Yes,
Head In The Clouds,"⭐️ 88rising - Beam
(with. Rich Brian) (feat. Playboi Carti)
(prod. Murda Beatz & Southside)","OG Filename: 10 88rising, Rich Brian, Playboi Carti - BEAM.wav
Track 10 of ""Head In The Clouds"" by 88rising.",2:31,"Jul 2, 2018","Jul 20, 2018",Album Track,Yes,
Head In The Clouds,"88rising - Disrespectin
(with. AUGUST 08, Rich Brian & Higher Brothers) (prod. Falcons)","Track 12 on ""Head In The Clouds"".",3:50,,"Jul 20, 2018",Album Track,Yes,
Head In The Clouds,"88rising - I Want In
(with. AUGUST 08 & NIKI) (prod. NIKI)","Track 14 on ""Head In The Clouds"".",2:30,,"Jul 20, 2018",Album Track,Yes,
Head In The Clouds,"88rising - Japan 88
(with. Famous Dex) (feat. VERBAL & Keith Ape) (prod. J Gramm)
aka. JAPAN (88rising Remix)","Track 15 on ""Head In The Clouds"" by 88rising.
Remix of ""JAPAN"" by Famous Dex featuring VERBAL and Keith Ape.",3:06,,"Jul 20, 2018",Album Track,Yes,
Head In The Clouds,"88rising - Nothing Wrong
(with. Higher Brothers) (feat. GoldLink) (prod. HARIKIRI)","Track 16 on ""Head In The Clouds"".
Remix of ""Nothing Wrong"" by the Higher Brothers featuring GoldLink.",3:12,,"Jul 20, 2018",Album Track,Yes,
Head In The Clouds,"88rising - Head In The Clouds
(with. Joji) (prod. AUGUST 08 & The Roommates)","OG Filename: 17 88rising, Joji - Head In The Clouds.wav
Track 17 on ""Head In The Clouds"".
It was also released on Joji's SoundCloud account.",2:58,"Jul 2, 2018","Jul 20, 2018",Album Track,Yes,
Head In The Clouds,"88rising - Midsummer Madness (KRANE Remix)
(with. AUGUST 08, Joji, Rich Brian & Higher Brothers)
(prod. KRANE)","OG Filename: Midsumer madness chill18.mp3
OG Filename (Metadata): Midsumer madness chill18
Remix of ""Midsummer Madness"" by KRANE.",3:58,,"Sep 25, 2018",Remix,Yes,
Head In The Clouds,"88rising - History (Robotaki Remix)
(with. Rich Brian) (prod. Robotaki)","OG Filename: rich brian - History (Robotaki Remix) MSTR3.wav
Remix of ""History"" by Robotaki.",3:08,,"Sep 26, 2018",Remix,Yes,
Head In The Clouds,"⭐️ 88rising - Midsummer Madness 20 (Remix)
(with. AUGUST 08, Joji, Rich Brian & Higher Brothers)
(feat. Danny Ocean) (prod. AUGUST 08 & Danny Ocean)","Remix of ""Midsummer Madness"" featuring Danny Ocean.
This remix has additional production and different lyrics.",4:06,,"Aug 14, 2020",Remix,Yes,
"31 Streaming
1 Off-Streaming",BALLADS 1,"(11/03/2017) (In Tongues is released)
(10/26/2018) (BALLADS 1 is released)",,,"After the release of the ""In Tongues"" EP. Joji began to work on his next project, his first full length album under Joji, which he would work on alongside the ""Head In The Clouds"" project. Joji would begin working with a lot more producers and artists, and do lots of live shows while working on the project, even performing unfinished versions of songs.",,,
BALLADS 1,"⭐️ Rich Brian - Introvert
(feat. Joji) (prod. Rich Brian)","Track 4 on Rich Brian’s album ""Amen"".",3:42,,"Feb 2, 2018",Feature,Yes,Link
BALLADS 1,"Lil Toe - Pipe Down
(prod. Joji) (writ. Lil Toe)","OG Filename: PIPE DOWN 9.wav
Released onto streaming on March 5th, 2021 on the compliation album ""Essentials"".
The song was recorded after linking together for only the second or third time, with Joji making the beat in 30 seconds according to Lil Toe. Uses Joji’s ""Is it recording?"" tag.",2:09,"Feb 18, 2018","Feb 18, 2018",Production,Yes,Link
BALLADS 1,"Nessly - Make It Right
(feat. Joji) (prod. Take a Daytrip & Rambow)
(writ. Milo Ben-Amotz, Joji, David Charles Marshall Biral, Take a Daytrip & Nessly)","OG Filename: 13 Make It Right feat. Joji.wav
The lead single for Nessly’s album ""Wildflower"" which would be track 13 on the album.
 Nessly reportedly paid Joji a large amount to get the feature, but I can't confirm this.",3:47,,"Mar 2, 2018",Feature,Yes,Link
BALLADS 1,"Lil Gnar - FeelTheRage
(feat. Night Lovell & Joji) (prod. Killstation)","OG Filename: FeelTheRage--Mix9--.wav
Released on Lil Gnar's SoundCloud and later released on streaming on April 5th, 2018. However, it was removed months later for an unknown reason. Lil Gnar also stated that the song was recorded early into 2017. All Joji does is harmonize in the background.",3:34,"Mar 27, 2018","Mar 29, 2018",Feature,No,Link
BALLADS 1,"⭐️ YEAH RIGHT
(prod. Joji) (writ. Joji)","The lead single for ""BALLADS 1"" which would be track 6 on the album.",2:54,2018,"May 8, 2018",Single,Yes,Link
BALLADS 1,"⭐️ YEAH RIGHT [Clean Ver.]
(prod. Joji) (writ. Joji)","Clean Ver. of ""YEAH RIGHT"".",2:54,2018,"May 8, 2018",Clean Ver.,Yes,Link
BALLADS 1,"⭐️ RL Grime - OMG
(feat. Joji & Chief Keef)
(prod. RL Grime, Diplo & Boaz van de Beatz)","OG Filename: 06 OMG (feat. Joji & Chief Keef).wav
Track 9 on RL Grime’s album ""NOVA"".
It was originally a song by the band PRETTYMUCH, which they performed months before ""OMG"" released. It’s said that RL Grime played some beats to Chief Keef during a studio session and that he went with the same beat on ""Traditions"" despite it already been used. Joji was later offered a place on the song and many lines were changed like ""Tradition for the squad"" to ""Donuts on the quad"". Zion Kuwonu would later go live on Instagram and began showing a grudge against RL Grime for scrapping their song.",3:18,2018,"Jul 27, 2018",Feature,Yes,Link
BALLADS 1,"RL Grime - OMG [Clean Ver.]
(feat. Joji & Chief Keef)
(prod. RL Grime, Diplo & Boaz van de Beatz)","Clean Ver. of RL Grime's ""OMG"".",3:18,2018,"Jul 27, 2018",Clean Ver.,Yes,Link
BALLADS 1,"Ryan Hemsworth - Think About U
(feat. Joji) (prod. Ryan Hemsworth & Joji)","OG Filename: Think About U ft. Joji.mp3
OG Filename (Metadata): Think About U ft. Joji
The third single for Ryan Hemsworth’s album ""Elsewhere"" being track 11 on the album.",2:48,2018,"Aug 10, 2018",Feature,Yes,Link
BALLADS 1,"⭐️ SLOW DANCING IN THE DARK
(prod. Joji & Patrick Wimberly) (writ. Patrick Wimberly & Joji)
aka. SLOW DANCE IN THE DARK","The second single for ""BALLADS 1"" which would be track 2 on the album.",3:29,2018,"Sep 12, 2018",Single,Yes,Link
BALLADS 1,"SLOW DANCING IN THE DARK [Clean Ver.]
(prod. Joji & Patrick Wimberly) (writ. Patrick Wimberly & Joji)
aka. SLOW DANCE IN THE DARK","Clean Ver. of ""SLOW DANCING IN THE DARK"".",3:29,,"Sep 12, 2018",Clean Ver.,Yes,Link
BALLADS 1,"Getter - On My Way Out
(feat. Joji) (prod. Getter)","OG Filename: On My Way Out Feat Joji.mp3
Track 12 on Getter’s album ""Visceral"".",5:30,,"Sep 28, 2018",Feature,Yes,Link
BALLADS 1,"⭐️ CAN'T GET OVER YOU
(feat. Clams Casino)
(prod. Rogét Chahayed, Clams Casino & Thundercat)
(writ. Clams Casino, Rogét Chahayed, Joji & Thundercat)","The third single for ""BALLADS 1"" which would be track 5 on the album.",1:47,,"Oct 2, 2018",Single,Yes,Link
BALLADS 1,"⭐️ TEST DRIVE
(prod. RL Grime) (writ. Joji & RL Grime)","The last single for ""BALLADS 1"" which would be track 3 on the album.",2:59,,"Oct 16, 2018",Single,Yes,Link
BALLADS 1,"TEST DRIVE [Clean Ver.]
(prod. RL Grime) (writ. Joji & RL Grime)","Clean Ver. of ""TEST DRIVE"".",2:59,,"Oct 16, 2018",Clean Ver.,Yes,Link
BALLADS 1,"⭐️ SLOW DANCING IN THE DARK (Acoustic Remix)
(prod. Patrick Wimberly, Joji & Carol Kuswanto)
(writ. Patrick Wimberly & Joji)
aka. SLOW DANCE IN THE DARK (Acoustic Remix)","Acoustic Remix of ""SLOW DANCING IN THE DARK"". Carol Kuswanto later noted
""Arabesque No. 1"" by Debussy as an inspiration for the piano arrangment she did.",3:27,,"Oct 19, 2018",Remix,Yes,Link
BALLADS 1,"⭐️ ATTENTION
(prod. Joji) (writ. Joji)","Track 1 on ""BALLADS 1"".",2:08,,"Oct 26, 2018",Album Track,Yes,Link
BALLADS 1,"ATTENTION [Clean Ver.]
(prod. Joji) (writ. Joji)","Clean Ver. of ""ATTENTION"".",2:08,,"Oct 26, 2018",Clean Ver.,Yes,Link
BALLADS 1,"⭐️ WANTED U
(prod. Joji, BRTHR & MIYAVI) (writ. Joji)","Track 4 on ""BALLADS 1"".",4:11,,"Oct 26, 2018",Album Track,Yes,Link
BALLADS 1,"⭐️ WHY AM I STILL IN LA
(feat. Shlohmo & D33J) (prod. Shlohmo & D33J)","Track 7 on ""BALLADS 1"".",3:19,,"Oct 26, 2018",Album Track,Yes,Link
BALLADS 1,"⭐️ NO FUN
(prod. Jam City & Joji) (writ. Jam City & Joji)","Track 8 on ""BALLADS 1"".",2:48,,"Oct 26, 2018",Album Track,Yes,Link
BALLADS 1,"NO FUN [Clean Ver.]
(prod. Jam City & Joji) (writ. Jam City & Joji)","Clean Ver. of ""NO FUN"".",2:48,,"Oct 26, 2018",Clean Ver.,Yes,Link
BALLADS 1,"⭐️ COME THRU
(prod. Shlohmo) (writ. Shlohmo & Joji)","Track 9 of ""BALLADS 1"".
It was first performed at WeDidIt’s 10th anniversary festival on June 22nd, 2018.
The version that was performed had a scrapped verse that was entirely changed.",2:33,,"Oct 26, 2018",Album Track,Yes,Link
BALLADS 1,"COME THRU [Clean Ver.]
(prod. Shlohmo) (writ. Shlohmo & Joji)","Clean Ver. of ""COME THRU"".",2:33,,"Oct 26, 2018",Clean Ver.,Yes,Link
BALLADS 1,"⭐️ R.I.P.
(feat. Trippie Redd) (prod. Joji & Ryan Hemsworth)
(writ. Joji, Ryan Hemsworth & Trippie Redd)
aka. DIE4U*","Track 12 on ""BALLADS 1"".
The melody is recycled from ""Firefish"", which was previewed on July 25th, 2017.",2:38,,"Oct 26, 2018",Album Track,Yes,Link
BALLADS 1,"⭐️ XNXX
(prod. John Durham & Joji)","Track 11 on ""BALLADS 1"".",2:07,"Aug 3, 2018","Oct 26, 2018",Album Track,Yes,Link
BALLADS 1,"XNXX [Clean Ver.]
(prod. John Durham & Joji)","Clean Ver. of ""XNXX"".
For some reason it is mastered much differently from the explicit master.",2:07,,"Oct 26, 2018",Clean Ver.,Yes,Link
BALLADS 1,"⭐️ I'LL SEE YOU IN 40
(prod. Joji)","Track 12 on ""BALLADS 1"".
Previewed on Joji’s Instagram days before release with a changed pitch and speed.",4:13,,"Oct 26, 2018",Album Track,Yes,Link
BALLADS 1,"SLOW DANCING IN THE DARK (Mr. Mitch Remix)
(prod. Mr. Mitch)
aka. SLOW DANCE IN THE DARK (Mr. Mitch Remix)","Remix of ""SLOW DANCING IN THE DARK"" by Mr. Mitch.",2:51,,"Nov 8, 2018",Remix,Yes,Link
BALLADS 1,"SLOW DANCING IN THE DARK (Loud Luxury Remix)
(prod. Loud Luxury)
aka. SLOW DANCE IN THE DARK (Loud Luxury Remix)","Remix of ""SLOW DANCING IN THE DARK"" by Loud Luxury.",2:56,,"Nov 9, 2018",Remix,Yes,Link
BALLADS 1,"RL Grime - OMG (MYRNE Remix)
(feat. Joji & Chief Keef) (prod. MYRNE)","OG Filename: RL Grime - OMG (feat. Joji and Chief Keef) [MYRNE Remix] - FINAL.wav
OG Filename (2): 05 OMG (feat. Joji & Chief Keef) [MYRNE Remix].wav
Remix of ""OMG"" by MYRNE.",3:54,2018,"Dec 7, 2018",Remix,Yes,Link
BALLADS 1,"RL Grime - OMG [Instrumental]
(prod. RL Grime, Diplo & Boaz van de Beatz)","OG Filename: 06 RL Grime - OMG (Instrumental).wav
Official Instrumental for ""OMG"" by RL Grime. Track 6 on ""NOVA (Pure)"".",3:10,,"May 10, 2019",Instrumental,Yes,Link
"27 Streaming
0 Off-Streaming","Head In The Clouds II
aka. Head In The Clouds 2","(09/22/2018) (Head In The Clouds is released)
(10/11/2019) (Head In The Clouds II is released)",,,"The first collaborative project between the artists signed to 88rising.
Joji was also the album's executive producer.",,,
Head In The Clouds II,"Higher Brothers - Zombie
(feat. Rich Brian) (prod. Joji)","Track 14 on the Higher Brothers’ album ""Five Stars"". Produced by Joji.
Brian and the Higher Brothers would later record their vocals in a session in Indonesia,
so the song was initially recorded sometime in December 2017, before release in 2019.",3:51,Dec 2017,"Feb 22, 2019",Feature,Yes,Link
Head In The Clouds II,"Higher Brothers - Zombie [Clean Ver.]
(feat. Rich Brian) (prod. Joji)","Clean Ver. of Higher Brothers' ""Zombie"".",3:51,,"Feb 22, 2019",Feature,Yes,Link
Head In The Clouds II,"88rising & NIKI - Indigo
(prod. taydex, Wes Singerman & Rogét Chahayed)","1st single for ""Head In The Clouds II"" under 88rising, which is track 9 on the album.
""Indigo"" was also the first track to be pitched for the Head In The Clouds II project.",2:53,,"Aug 13, 2019",Single,Yes,Link
Head In The Clouds II,"88rising & RHYME SO - Just Used Music Again
(prod. RHYME SO & Shinichi Osawa)","2nd single for ""Head In The Clouds II"" under 88rising, which is track 8 on the album.",3:31,,"Sep 4, 2019",Album Track,Yes,Link
Head In The Clouds II,"⭐️ 88rising, Joji & Don Krez - Breathe
(prod. Don Krez & Flosstradamus, DVBBS & Diamond Pistols)
aka. Lemme Know","3rd single for ""Head In The Clouds II"" under 88rising, which is track 6 on the album.
Originally titled ""Lemme Know"". It was also going to release on Don Krez's project.",2:05,,"Sep 12, 2019",Single,Yes,Link
Head In The Clouds II,"88rising & Rich Brian - These Nights
(with. CHUNG HA) (prod. JordanXL, Slanger & 1Mind)","4th single for ""Head In The Clouds II"" under 88rising, which is track 1 on the album.",3:43,,"Oct 3, 2019",Single,Yes,Link
Head In The Clouds II,"⭐️ 88rising, Joji & Jackson Wang - Walking
(feat. Swae Lee & Major Lazer)
(prod. Major Lazer & 1Mind)","5th single for ""Head In The Clouds II"" under 88rising, which is track 5 on the album.",2:47,,"Oct 11, 2019",Single,Yes,Link
Head In The Clouds II,"88rising, Joji & Jackson Wang - Walking [Clean Ver.]
(feat. Swae Lee & Major Lazer)
(prod. Major Lazer & 1Mind)","Clean Ver. of ""Walking"".",2:47,,"Oct 11, 2019",Clean Ver.,Yes,Link
Head In The Clouds II,88rising & NIKI - Strange Land,"Track 2 on ""Head In The Clouds II""",2:55,,"Oct 11, 2019",Album Track,Yes,Link
Head In The Clouds II,"⭐️ 88rising & Joji - Need Is Your Love
(with. GENERATIONS from EXILE TRIBE)
(prod. G Koop, 1Mind & Reske)","Track 3 on ""Head In The Clouds II"".",2:39,,"Oct 11, 2019",Album Track,Yes,Link
Head In The Clouds II,"88rising - Tequilla Sunrise
(with. Jackson Wang & Higher Brothers) (feat. AUGUST 08 & GoldLink) (prod. AUGUST 08, WYNNE & johan lenox)","Track 4 on ""Head In The Clouds II"".",4:03,,"Oct 11, 2019",Album Track,Yes,Link
Head In The Clouds II,"88rising & NIKI - Shouldn't Couldn't Wouldn't
(with. Rich Brian) (prod. Gazzo & Niko The Kid)","Track 7 on ""Head In The Clouds II"".",3:15,,"Oct 11, 2019",Album Track,Yes,Link
Head In The Clouds II,"88rising & NIKI - Shouldn't Couldn't Wouldn't [Clean Ver.]
(with. Rich Brian) (prod. Gazzo & Niko The Kid)","Clean Version of ""Shouldn't Couldn't Wouldn't"".",3:15,,"Oct 11, 2019",Clean Ver.,Yes,Link
Head In The Clouds II,"⭐️ 88rising, AUGUST 08 & Joji - Hopscotch
(feat. Barney Bones & Rich Brian) (prod. AUGUST 08)","Track 10 on ""Head In The Clouds II"".",3:26,,"Oct 11, 2019",Album Track,Yes,Link
Head In The Clouds II,"88rising, AUGUST 08 & Joji - Hopscotch [Clean Ver.]
(feat. Barney Bones & Rich Brian) (prod. AUGUST 08)","Clean Ver. of ""Hopscotch"".",3:26,,"Oct 11, 2019",Clean Ver.,Yes,Link
Head In The Clouds II,"88rising, AUGUST 08 & Barney Bones - Calculator
(prod. AUGUST 08 & The Roommates)","Track 11 on ""Head In The Clouds II"".",2:57,,"Oct 11, 2019",Album Track,Yes,Link
Head In The Clouds II,"88rising, AUGUST 08 & Barney Bones - Calculator [Clean Ver.]
(prod. AUGUST 08 & The Roommates)","Clean Version of ""Calculator"".",2:57,,"Oct 11, 2019",Clean Ver.,Yes,Link
Head In The Clouds II,"88rising & NIKI - La La Lost You
(prod. Isaac Valenzuela & Jacob Ray)
aka. NYCLA","OG Project Filename: NYCLA
Track 12 on ""Head In The Clouds II"".",3:20,,"Oct 11, 2019",Album Track,Yes,Link
Head In The Clouds II,"88rising & NIKI - La La Lost You [Clean Ver.]
(prod. Isaac Valenzuela & Jacob Ray)
aka. NYCLA","Clean Version of ""La La Lost You"".",3:20,,"Oct 11, 2019",Clean Ver.,Yes,Link
Head In The Clouds II,"88rising & Higher Brothers - Hold Me Down
(prod. 1Mind)","Track 13 on ""Head In The Clouds II"".",3:43,,"Oct 11, 2019",Album Track,Yes,Link
Head In The Clouds II,"88rising & Stephanie Poetri - I Love You 3000 II
(with. Jackson Wang)
(prod. Stephanie Poetri, Vic Wainstein & Austin Ong)
aka. I Love You 3000 (Remix)","Track 14 on ""Head In The Clouds II"". The track is a remix of ""I Love You 3000"" by Stephanie Poetri with Jackson Wang.  Guitar by Austin Ong. Mastered by Dale Becker.",3:29,,"Oct 11, 2019",Album Track,Yes,Link
Head In The Clouds II,"88rising, Rich Brian & Higher Brothers - 2 The Face
(prod. Rich Brian, 1Mind, Aldae, Noel Zancanella & Reske)","Track 15 on ""Head In The Clouds II"".",2:31,,"Oct 11, 2019",Album Track,Yes,Link
Head In The Clouds II,"88rising & Rich Brian - Gold Coast
(prod. Diamond Pistols & Rich Brian)","Track 16 on ""Head In The Clouds II"".",4:01,,"Oct 11, 2019",Album Track,Yes,Link
Head In The Clouds II,"88rising & Rich Brian - Gold Coast [Clean Ver.]
(prod. Diamond Pistols & Rich Brian)","Clean Version of ""Gold Coast"".",4:01,,"Oct 11, 2019",Clean Ver.,Yes,Link
Head In The Clouds II,"88rising & NIKI - La La Lost You [Acoustic Ver.]
aka. NYCLA","Acoustic Sessions for ""La La Lost You"".",3:28,"Aug 11, 2019","Oct 23, 2019",Sessions,Yes,Link
Head In The Clouds II,88rising & NIKI - Shouldn't Couldn't Wouldn't [Acoustic Ver.],"Acoustic Sessions for ""Shouldn't Couldn't Wouldn't"".",2:42,"Aug 11, 2019","Oct 23, 2019",Sessions,Yes,Link
Head In The Clouds II,88rising & NIKI - Strange Land [Acoustic Ver.],"Acoustic Sessions for ""Strange Land"".",2:53,"Aug 11, 2019","Oct 23, 2019",Sessions,Yes,Link
"27 Streaming
4 Off-Streaming",Nectar,"(10/26/2018) (BALLADS 1 is released)
(09/25/2020) (Nectar is released)",,,"After the release of the ""BALLADS 1"" project, Joji would begin working with more and more producers and writers, and eventually leaving behind the lofi & trap sounds that many of us became used to over the years. There was lots of marketing in between the releases, which made the project very memorable as well. The project was announced on April 17th 2020, and was planned for release on July 10th 2020. However, on June 12th 2020, Joji announced that the album had been delayed to September 25th, 2020, citing the COVID-19 pandemic. A month after the project's release, Joji would do a paid virtual live stream titled ""The Extravaganza"" with live perfomances and comedic skits.",,,
Nectar,"⭐️ Lil Toe - Visa
(prod. JXJX)
aka. Visa Freestyle","OG Filename: visa freestyle 5 master.m4a
Track 3 on ""Essentials"" by Lil Toe. Produced by Joji and uses his ""Is it recording?"" tag.
Joji is credited under the alias ""JXJX"" and it was the only time the alias was ever used.",2:03,"Apr 18, 2019","May 7, 2019",Production,Yes,Link
Nectar,"⭐️ Sanctuary
(prod. Justin Raisen)","The lead single for ""Nectar"" which would later be track 8 on the album.",3:00,2019,"Jun 14, 2019",Single,Yes,Link
Nectar,"Rich Brian - Where Does the Time Go
(feat. Joji) (prod. The Donuts & Bēkon)","Track 12 on Rich Brian’s album ""The Sailor"".",4:11,,"Jul 26, 2019",Feature,Yes,Link
Nectar,"Rich Brian - Where Does the Time Go [Clean Ver.]
(feat. Joji) (prod. The Donuts & Bēkon)","Clean Ver. of ""Where Does the Time Go"".",4:11,,"Jul 26, 2019",Clean Ver.,Yes,Link
Nectar,"Stephanie Poetri - Touch
(prod. Justin Raisen)",Released as a stand-alone single. Joji has writing credits on the song.,2:54,,"Feb 14, 2020",Production,Yes,Link
Nectar,"⭐️ Run
(prod. Joji & Justin Parker)","The second single for ""Nectar"", which would be track 7 on the album.",3:15,"Dec 11, 2019","Feb 6, 2020",Single,Yes,Link
Nectar,"Kenny Beats & Joji - JOJI FREESTYLE
(prod. Kenny Beats & Joji)
aka. Yabba Dabba Doo*, Yabba Dabba Who?*, Quit Playin'","OG Project Filename: JOJI FREESTYLE.als
In Episode 9 in Season 2 of Kenny Beats’ YouTube series ""The Cave"" Joji freestyles about the Flintstones and the child mortality rate during the stone age. He had other topics in mind for the freestyle, like falling in love with the Michelin Man, how Mewtwo doesn’t really look like a Pokémon, and what Lil Baby’s favorite desert could be.",1:24,,"Feb 21, 2020",Loosie,No,Link
Nectar,"⭐️ Gimme Love
(prod. Joji, The Donuts & Bēkon)","OG Filename: JOJI - GIMME LOVE _rkMIX 6 - LL- master
The third single for ""Nectar"", which would be track 6 on the album.
In a promotional ad Joji stated ""The song is essentially about losing track of important things and falling victim to time, it's not as neurotic as it sounds. Time goes by and we regret things, and everybody goes through this. The instrumental is fast and urgent but calm. People might relate to that feeling if they're in a world or environment that moves fast, so why not write a song about it?""",3:34,"Feb 28, 2020","Apr 16, 2020",Single,Yes,Link
Nectar,"⭐️ Gimme Love (Channel Tres Remix)
(prod. Channel Tres)","Remix of ""Gimme Love"" by Channel Tres.
The collaboration helped raise over $1300 for the Equal Justice Initiative.",3:16,,"Jun 16, 2020",Remix,Yes,Link
Nectar,"⭐️ FTC [Mix 1]
(prod. Joji) (writ. Joji)
aka. FUCK THE CLUB","Single released on Joji's YouTube channel. First previewed back in May 2018 in a behind the scenes video for ""YEAH RIGHT"" with mumbled lyrics.",1:55,,"Jul 20, 2020",Loosie,No,Link
Nectar,"Daylight
(with. Diplo) (prod. Diplo, Maximilian Jaeger & Greg Kurstin)","The fourth and last single for ""Nectar"", which was later to be track 4 on the album.
It was leaked by Squirtle after a successful groupbuy for $500 on July 17th, 2020.
However, it released just 20 days later, lol. File date taken from the digital download.",2:43,"Jul 12, 2020","Aug 6, 2020",Single,Yes,Link
Nectar,"Daylight [Clean Ver.]
(with. Diplo) (prod. Diplo, Maximilian Jaeger & Greg Kurstin)","Clean Ver. of ""Daylight"".",2:43,2020,"Aug 6, 2020",Clean Ver.,Yes,Link
Nectar,"SahBabii - Gates to the Sun
(feat. Joji) (prod. STINT & Spencer Stewart)",Released as a stand-alone single as promotion for Nectar.,2:15,,"Sep 16, 2020",Feature,Yes,Link
Nectar,"⭐️ Ew
(prod. The Donuts & Bēkon)","OG Filename: Ew - HD master.wav
OG Filename (Metadata): Ew - HD master
Track 1 on ""Nectar"".",3:27,"Aug 25, 2020","Sep 25, 2020",Album Track,Yes,Link
Nectar,"⭐️ MODUS
(prod. STINT)
aka. Will Smith '99","OG Filename (Metadata): MODUS - HD master
Track 2 on ""Nectar"".",3:27,"Aug 25, 2020","Sep 25, 2020",Album Track,Yes,Link
Nectar,"Tick Tock
(prod. West1ne & Joji)","Track 3 of ""Nectar"".",2:12,"Aug 25, 2020","Sep 25, 2020",Album Track,Yes,Link
Nectar,"⭐️ Upgrade
(prod. Tobias Karlsson, Rickard Göransson, James Ghaleb & Joji)","Track 5 of ""Nectar"".",1:29,"Aug 25, 2020","Sep 25, 2020",Album Track,Yes,Link
Nectar,"High Hopes
(feat. Omar Apollo) (prod. The Donuts & Bēkon)","OG Filename: High Hopes (feat. Omar Apollo) - HD master.wav
OG Filename (Metadata): High Hopes (feat. Omar Apollo) - HD master
Track 9 on ""Nectar"".
While live on Instagram, Omar Apollo said that he never actually saw or spoke to Joji, and that 88rising just sent him the song and he wrote a verse for it in about ten minutes.",3:02,"Aug 25, 2020","Sep 25, 2020",Album Track,Yes,Link
Nectar,"High Hopes [Clean Ver.]
(feat. Omar Apollo) (prod. The Donuts & Bēkon)","Clean Ver. of ""High Hopes"".",3:02,2020,"Sep 25, 2020",Clean Ver.,Yes,Link
Nectar,"⭐️ NITROUS
(prod. Clams Casino & Rogét Chahayed)
aka. Long Rides, Long Rides (Sketch), Motorcycle","OG Filename (Metadata): NITROUS - HD master
Track 10 of ""Nectar"".",2:11,"Aug 25, 2020","Sep 25, 2020",Album Track,Yes,Link
Nectar,"Pretty Boy
(feat. Lil Yachty) (prod. Patrick Wimberly, John Durham & Joji)","Track 11 on ""Nectar"". Originally previewed on Joji's YouTube channel.",2:36,"Aug 25, 2020","Sep 25, 2020",Album Track,Yes,Link
Nectar,"Pretty Boy [Clean Ver.]
(feat. Lil Yachty) (prod. Patrick Wimberly, John Durham & Joji)","Clean Ver. of ""Pretty Boy"".",2:36,2020,"Sep 25, 2020",Clean Ver.,Yes,Link
Nectar,"⭐️ Normal People
(feat. rei brown) (prod. Isaac Sleator & Joji)","Track 12 of ""Nectar"".",2:46,"Aug 25, 2020","Sep 25, 2020",Album Track,Yes,Link
Nectar,"⭐️ Afterthought
(with. BENEE) (prod. Isaac Sleator & Joji)","Track 13 of ""Nectar"".",3:14,"Aug 25, 2020","Sep 25, 2020",Album Track,Yes,Link
Nectar,"Mr. Hollywood
(prod. Kenny Beats, West1ne & Joji)","Track 14 on ""Nectar"".",3:22,"Aug 25, 2020","Sep 25, 2020",Album Track,Yes,Link
Nectar,"777
(prod. Suburban Plaza & Lentz Martin)","Track 15 on ""Nectar"".",3:01,"Aug 25, 2020","Sep 25, 2020",Album Track,Yes,Link
Nectar,"⭐️ Reanimator
(feat. Yves Tumor) (prod. Reske & Yves Tumor)","Track 16 of ""Nectar"". It's likely Yves Tumor gave the song to Joji for his album.
Reske actually wrote the opening synth in a coffee shop called Reanimator.",3:03,"Aug 25, 2020","Sep 25, 2020",Album Track,Yes,Link
Nectar,"⭐️ Like You Do
(prod. Josh Taffel, Linden Jay & Kurtis McKenzie)
aka. Keep Me Sleeping","Track 17 of ""Nectar"". You can still hear the metronome Joji recorded
vocals over, and once you hear it you can never unhear it. You're welcome.",4:00,"Aug 25, 2020","Sep 25, 2020",Album Track,Yes,Link
Nectar,"Your Man
(prod. Jim-E Stack)","Track 18 of ""Nectar"".",2:43,"Aug 25, 2020","Sep 25, 2020",Album Track,Yes,Link
Nectar,"gimme cum (official remix)
(prod. The Donuts, Joji & Bēkon)","Released onto Joji's YouTube channel, being for an hour before the release of Nectar.",0:50,,"Sep 25, 2020",Loosie,No,Link
Nectar,"Your Man (Marc Stout Remix)
(prod. Marc Stout)","OG Filename: JOJI - YOUR MAN (MARC STOUT REMIX).mp3
Remix of ""Your Man"" by Marc Stout. Released on Marc Stout's SoundCloud page.",3:41,,"Sep 28, 2020",Remix,No,Link
"0 Streaming
18 Off-Streaming",The Extravaganza,"(09/25/2020) (Nectar is released)
(10/23/2020) (The Extravaganza goes live)",,,"The Extravaganza, was a paid virtual live stream event that took place on October 23rd, 2020, nearly a month after the release of Joji’s sophomore album, Nectar. The event featured performances of songs off the album, some from his past catalog, and multiple comedic skits.",,,
The Extravaganza,"Sanctuary (Live)
(prod. Justin Raisen, Isaac Sleator, Joshua Snow & Sarab Singh)","Live Version of ""Sanctuary"". Performed during The Extravaganza live event.
During the performance the song Joji gets dunked into a tank of water.",2:54,,"Oct 23, 2020",Live Version,No,Link
The Extravaganza,"⭐️ ATTENTION (Live)
(prod. Joji, Isaac Sleator, Joshua Snow & Sarab Singh)","Live Version of ""ATTENTION"". Performed during The Extravaganza live event.",2:20,,"Oct 23, 2020",Live Version,No,Link
The Extravaganza,"Mr. Hollywood (Live)
(prod. Kenny Beats, West1ne, Joji, Isaac Sleator, Joshua Snow & Sarab Singh)","Live Version of ""Mr. Hollywood"". Performed during The Extravaganza live event.",3:21,,"Oct 23, 2020",Live Version,No,Link
The Extravaganza,"⭐️ Ew (Live)
(prod. Isaac Sleator, Joshua Snow & Sarab Singh)","Live Version of ""Ew"". Performed during The Extravaganza live event.",3:22,,"Oct 23, 2020",Live Version,No,Link
The Extravaganza,"⭐️ Demons (Live)
(prod. Joji)","Live Version of ""Demons"". Performed during The Extravaganza live event.
During the performance there's a lot of people doing donuts on quads.",2:17,,"Oct 23, 2020",Live Version,No,Link
The Extravaganza,"⭐️ Upgrade (Live)
(prod. Isaac Sleator, Joshua Snow & Sarab Singh)","Live Version of ""Upgrade"". Performed during The Extravaganza live event.",1:29,,"Oct 23, 2020",Live Version,No,Link
The Extravaganza,"⭐️ YEAH RIGHT (Live)
(prod. Joji, Isaac Sleator, Joshua Snow & Sarab Singh)","Live Version of ""YEAH RIGHT"". Performed during The Extravaganza live event.",2:44,,"Oct 23, 2020",Live Version,No,Link
The Extravaganza,"⭐️ Your Man (Live)
(prod. Jim-E Stack, Isaac Sleator, Joshua Snow & Sarab Singh)","Live Version of ""Your Man"". Performed during The Extravaganza live event.
Joji was cooking an omelette the performance.",2:41,,"Oct 23, 2020",Live Version,No,Link
The Extravaganza,"TEST DRIVE (Live)
(prod. Isaac Sleator)","Live Version of ""TEST DRIVE"". Performed during The Extravaganza live event.",2:40,,"Oct 23, 2020",Live Version,No,Link
The Extravaganza,"⭐️ Gimme Love (Live)
(prod. Joji, Isaac Sleator, Joshua Snow & Sarab Singh)","Live Band Version of ""Gimme Love"". Played during The Extravaganza live event.",1:44,,"Oct 23, 2020",Live Band Version,No,Link
The Extravaganza,"Daylight (Live)
(prod. Diplo, Maximilian Jaeger & Greg Kurstin)","Live Version of ""Daylight"". Performed during The Extravaganza live event.",2:40,,"Oct 23, 2020",Live Version,No,Link
The Extravaganza,"Pretty Boy (Live)
(prod. Patrick Wimberly, John Durham & Joji)","Live Version of ""Pretty Boy"". Performed during The Extravaganza live event.",1:18,,"Oct 23, 2020",Live Version,No,Link
The Extravaganza,"⭐️ I Don't Wanna Waste My Time (Live)
(prod. Joji, Isaac Sleator, Joshua Snow & Sarab Singh)","Live Version of ""I Don't Wanna Waste My Time"".
Performed during The Extravaganza live event.",2:42,,"Oct 23, 2020",Live Version,No,Link
The Extravaganza,"Tick Tock (Live)
(prod. West1ne & Joji)","Live Version of ""Tick Tock"". Performed during The Extravaganza live event.",2:08,,"Oct 23, 2020",Live Version,No,Link
The Extravaganza,"⭐️ CAN'T GET OVER YOU (Live)
(prod. Rogét Chahayed, Clams Casino, Thundercat &
Isaac Sleator)","Live Version of ""CAN'T GET OVER YOU"". Performed during The Extravaganza live event.",2:05,,"Oct 23, 2020",Live Version,No,Link
The Extravaganza,"⭐️ Run (Live)
(prod. Justin Parker, Joji, Jaco Caraco, Joshua Snow
& Sarab Singh)","Live Version of ""Run"". Performed during The Extravaganza live event.
Joji gets winded from running on a treadmill while performing the song.
Joji also says during the performance
""I had no part in this guitar solo. They just sent it over to some guitarist.""",3:22,,"Oct 23, 2020",Live Version,No,Link
The Extravaganza,"⭐️ Like You Do (Live)
(prod. Josh Taffel, Linden Jay, Kurtis McKenzie, Isaac Sleator, Joshua Snow & Sarab Singh)","Live Version of ""Like You Do"". Performed during The Extravaganza live event.",4:01,,"Oct 23, 2020",Live Version,No,Link
The Extravaganza,"⭐️ SLOW DANCING IN THE DARK (Live)
(prod. Isaac Sleator)","Live Version of ""SLOW DANCING IN THE DARK"".
Performed during The Extravaganza live event.",3:03,,"Oct 23, 2020",Live Version,No,Link
"16 Streaming
1 Off-Streaming",SMITHEREENS,"(09/25/2020) (Nectar is released)
(06/26/2022) (SMITHEREENS is finished)
(11/04/2022) (SMITHEREENS is released)",,,"After the release of ""Nectar"" and after the ""Nectar: The Finale"" tour had concluded, there was hiatus from Joji for six months before the release of the lead single ""Glimpse of Us"" which leaked days prior to the song's announcement, with the ""SMITHEREENS"" album releasing a few months later. The project has two discs, the first disc includes songs that Joji only wrote on and sang, but the second disc starts off with ""NIGHT RIDER"" which switches up the flow of the project, going from melancholic ballads to a trap beat with electronic-like elements. Sadly, the project continues with more songs that Joji only wrote on and sang like ""1AM FREESTYLE"", with the exception of ""YUKON (INTERLUDE)"".",,,
SMITHEREENS,"rei brown - Forever
(prod. rei brown) (writ. rei brown, Joji & Keshi)","OG Filename: Forever 5.wav
Released as a stand-alone single. Joji has writing credits on the song.",2:54,,"Nov 13, 2020",Production,Yes,Link
SMITHEREENS,"⭐️ James Blake - Life Is Not The Same
(prod. James Blake, Take a Daytrip & KHUSHI)
(writ. James Blake, Take a Daytrip & Joji)","Track 2 on James Blake’s album ""Friends That Break Your Heart"".
Joji is credited in the vinyl's credits for doing background vocals.
He is also credited for being a songwriter as well.",3:19,,"Aug 20, 2021",Production,Yes,Link
SMITHEREENS,"⭐️ Bonobo - From You
(feat. Joji) (prod. Bonobo) (writ. Bonobo & Joji)","The fifth and last single for Bonobo's album ""Fragments"" which would later be Track 9.",3:30,,"Jan 3, 2022",Feature,Yes,Link
SMITHEREENS,"⭐️ rei brown - Thinking Bout You
(feat. Joji) (prod. Holz & ​rei brown)","Track 5 on rei brown’s album ""Xeno"". Joji’s verse was recorded during sessions for Nectar, as rei brown showed him the song during their session for ""Normal People"".",3:10,,"May 27, 2022",Feature,Yes,Link
SMITHEREENS,"⭐️ Glimpse of Us
(prod. Connor McDonough) (writ. Connor McDonough, 
Riley McDonough, Idarose & CASTLE)
aka. Glimpse","OG Filename: J_Glimpse of Us (JELLIS MIX)_BECKER MASTER
OG Filename (2): J_Glimpse Of Us (JELLIS MIX)_BECKER LP MASTER
The lead single for ""SMITHEREENS"" which would later be Track 1 on the album.
In an interview with Charlie Puth on SiriusXM, he was asked if there was a song that he regretted turning down, and he replied with Glimpse of Us, and said that it was actually sent to him. However, he was on tour at the time and he never got around to recording vocals for it, and two weeks later Joji released his version of it. All Joji did was sing it.",3:53,"Apr 15, 2022","Jun 10, 2022",Single,Yes,Link
SMITHEREENS,"⭐️ AUGUST 08 - What We Used To Be
(feat. Joji) (prod. AUGUST 08, Sam Ricci & Reako Hendrix)","Track 2 on AUGUST 08’s EP ""Towards The Moon"".",3:52,,"Jul 8, 2022",Feature,Yes,Link
SMITHEREENS,"⭐️ YUKON (INTERLUDE)
(prod. Joji & Isaac Sleator) (writ. Joji & Isaac Sleator)","OG Filename: J_Yukon Interlude (SOMM TH MIX 1pt0)_BECKER LP MASTER
The second and last single for ""SMITHEREENS"" which would be Track 8 on the album.
It also interpolates ""ATTENTION"" from ""BALLADS 1"". The last two lines of the song are about how little creative freedom Joji has, which is obvious when six out of nine tracks on ""SMITHEREENS"" are songs he didn't write for or produce on at all, which is sad.",2:21,"Jul 26, 2022","Aug 26, 2022",Single,Yes,Link
SMITHEREENS,"YUKON (INTERLUDE) [Clean Ver.]
(prod. Joji & Isaac Sleator) (writ. Joji & Isaac Sleator)","Clean Ver. of ""YUKON (INTERLUDE)"".",2:21,,"Aug 26, 2022",Clean Ver.,Yes,Link
SMITHEREENS,"Feeling Like The End
(prod. Tim Randolph & Whethan) (writ. Tim Randolph, Whethan, Lauren Sanderson, Starrah, Suburban Plaza & Keith Varon)","OG Filename: J_Feeling Like The End (TH MIX 2pt0)_BECKER MASTER
Track 2 on ""SMITHEREENS"".",1:42,"Jul 26, 2022","Nov 4, 2022",Album Track,Yes,Link
SMITHEREENS,"⭐️ Die For You
(prod. Jacob Ray, Wes Singerman & Taydex) (writ. Jacob Ray, 
Wes Singerman, Taydex, Dewain Whitmore & Patrick ""J.Que"" Smith)","OG Filename: J_Die For You (JELLIS MIX)_BECKER MASTER
Track 3 on ""SMITHEREENS"".",3:31,"Jul 26, 2022","Nov 4, 2022",Album Track,Yes,Link
SMITHEREENS,"Before The Day Is Over
(prod. Justin Parker) (writ. Justin Parker & Sam Dew)","OG Filename J_Before The Day Is Over (JELLIS MIX)_BECKER MASTER
Track 4 on ""SMITHEREENS"".",3:33,"Jul 26, 2022","Nov 4, 2022",Album Track,Yes,Link
SMITHEREENS,"Dissolve
(prod. Benjamin Jacob Asher Bailey & Suburban Plaza) (writ. Benjamin Jacob Asher Bailey, Suburban Plaza & Darrell Jackson)","OG Filename J_Dissolve (TH MIX 5pt0)_BECKER LP MASTER
Track 5 on ""SMITHEREENS"".",2:57,"Jul 26, 2022","Nov 4, 2022",Album Track,Yes,Link
SMITHEREENS,"⭐️ NIGHT RIDER
(prod. Joji) (writ. Joji & Isaac Sleator)","OG Filename J_Night Rider (TH MIX 1pt0)_BECKER MASTER
Track 6 on ""SMITHEREENS"".",2:07,"Jul 26, 2022","Nov 4, 2022",Album Track,Yes,Link
SMITHEREENS,"NIGHT RIDER [Clean Ver.]
(prod. Joji) (writ. Joji & Isaac Sleator)","Clean Ver. of ""NIGHT RIDER"".",2:07,,"Nov 4, 2022",Clean Ver.,Yes,Link
SMITHEREENS,"BLAHBLAHBLAH DEMO
(prod. Aaron Reyes & Wonton) (writ. Aaron Reyes, Wonton & Joji)
aka. BLAHBLAHBLAH ","OG Filename J_BLAHBLAHBLAH Demo (New Guitar TH MIX 2pt1)_BECKER MASTER
Track 7 on ""SMITHEREENS"".",2:22,"Jul 26, 2022","Nov 4, 2022",Album Track,Yes,Link
SMITHEREENS,"BLAHBLAHBLAH DEMO [Instrumental]
(prod. Aaron Reyes & Wonton)
aka. BLAHBLAHBLAH","OG Filename: Joji - BLAHBLAHBLAH (Instrumental).flac
Mistakenly released on Joji's YouTube channel and later leaked in full in higher quality.",2:22,,"Nov 4, 2022",Instrumental,No,Link
SMITHEREENS,"1AM FREESTYLE
(prod. Chakra, Bēkon, The Donuts) (writ. Bēkon, Sergiu Gherman, Tyler Reese, Christopher William Cleere, Chakra, Joseph Gregory Verdi, Marius Feder & Vincent Dean Verdi)","OG Filename: J_1AM Freestyle (One AM TH MIX 3pt0)_BECKER LP MASTER
Track 9 on ""SMITHEREENS"".
Despite being titled as a ""FREESTYLE"", the song has 8 writers, none of which were Joji. The CD for SMITHEREENS misspells ""FREESTYLE"" as ""FREESTYLELE"" on the disc itself.",1:53,"Jul 26, 2022","Nov 4, 2022",Album Track,Yes,Link
,PLUMMCORP,"(03/08/2022) (PLUMMCORP AUDIOVISUAL is trademarked)
(11/16/2024) (PLUMMCORP uploads it's last video on YouTube)",,,,,,
PLUMMCORP,"⭐️ BIG SWIMMER - SPREAD IT
(prod. Joji) (writ. PLUMMCORP RECORDS)","Released on YouTube and onto streaming. On February 3rd, 2026, 
Joji played the track on NTS Radio before the release of Piss In The Wind.",1:23,,"Oct 9, 2023",Single,Yes,Link
PLUMMCORP,"⭐️ pure evil
(prod. Joji)",Beat by Joji released on YouTube and onto streaming.,1:36,2024,"Jun 14, 2024",Beat,Yes,Link
"30 Streaming
0 Off-Streaming","Piss In The Wind
(Egg Salad)","(11/04/2022) (SMITHEREENS is released)
(02/06/2026) (Piss In The Wind is released)",,,,,,
Piss In The Wind,"⭐️ PIXELATED KISSES
(prod. Joji) (writ. Joji)","OG Filename: PIXELATED KISSES JELLIS FULL MASTER
The first single release and the first track on ""Piss In The Wind"".
 Leaked a few days before release when it was ripped from streaming services. It was originally planned to be released on the 16th, but it was pushed back a few days after the leak seemingly. The lyrics are about the struggles of a long-distance relationship.
Joji also stated that he recorded vocals for the song just a day after making the beat.",1:51,,"Oct 14, 2025",Single,Yes,Link
Piss In The Wind,"PIXELATED KISSES [Clean Ver.]
(prod. Joji) (writ. Joji)","Clean Ver. of ""PIXELATED KISSES"".",1:51,,"Oct 14, 2025",Clean Ver.,Yes,Link
Piss In The Wind,"⭐️ If It Only Gets Better
(prod. Wonton) (writ. Joji & John Durham)
aka. Egg Salad","OG Filename: Egg Salad JELLIS MIX r4
The second single release and the fifth track on ""Piss In The Wind"".
It was announced just a day before it's official release.",1:09,,"Nov 4, 2025",Single,Yes,Link
Piss In The Wind,"If It Only Gets Better [Clean Ver.]
(prod. Wonton) (writ. Joji & John Durham)
aka. Egg Salad","Clean Ver. of ""If It Only Gets Better"".",1:09,,"Nov 4, 2025",Clean Ver.,Yes,Link
Piss In The Wind,"⭐️ Past Won't Leave My Bed
(prod. Dan Farber)
(writ. Dan Farber, Joji, XAELO, P.J.A. Williams & fussy)","OG Filename: PAST WONT LEAVE MY BED JELLIS MIX r5
The third single release and the eleventh track on ""Piss In The Wind"".
It was originally teased with a snippet from the music video trailer.",2:46,,"Nov 7, 2025",Single,Yes,Link
Piss In The Wind,"⭐️ PIXELATED KISSES (Remix)
(with. Yeat) (prod. Joji) (writ. Joji & Yeat)","Partial OG Filename: PIXELATED KISSES… …MASTER 44.1_24B.wav
Remix of ""PIXELATED KISSES"" with Yeat.",2:21,,"Dec 3, 2025",Remix,Yes,Link
Piss In The Wind,"PIXELATED KISSES (Remix) [Clean Ver.]
(with. Yeat) (prod. Joji) (writ. Joji & Yeat)","Clean Ver. of ""PIXELATED KISSES"" with Yeat.",2:21,,"Dec 3, 2025",Clean Ver.,Yes,Link
Piss In The Wind,"LOVE YOU LESS
(prod. Nate Mercereau & Ricky Reed) (writ. Nate Mercereau, Ricky Reed, Alex Vickery, Fallon King & Joji)
aka. LYL, LOVE U LESS ","OG Filename: Love U less JELLIS MIX r9
The fourth single release and the fourth track on ""Piss In The Wind"".
The fourth single for ""Piss In The Wind"". Announced on December 30th, 2025.
Released alongside a 360-degree Visualizer that was uploaded on YouTube.",3:21,2025 / 2026,"Jan 2, 2026",Single,Yes,Link
Piss In The Wind,"⭐️ Last of a Dying Breed
(prod. Joji) (writ. Joji)
aka. Hoobastank","OG Filename: Hoobastank JELLIS MIX r7
The last single release and the third track on ""Piss In The Wind"".
Originally teased through a promotional floppy disk, and used in many social media posts afterwards. Joji's engineer Frankie stated the song was recorded back in 2024.",2:30,,"Jan 23, 2026",Single,Yes,Link
Piss In The Wind,"⭐️ Cigarette
(prod. Isaac Sleator & Wonton) (writ. Joji, Isaac Sleator & Wonton)
aka. Meloboi","OG Filename: Meloboi JELLIS MIX r4
Track 2 on ""Piss In The Wind"".",1:51,,"Feb 6, 2026",Album Track,Yes,Link
Piss In The Wind,"Love Me Better
(prod. Joji & Wonton) (writ. Joji & John Durham)","OG Filename: Love Me Better TH MIX 6.0 REF
Track 6 on ""Piss In The Wind"".",1:53,,"Feb 6, 2026",Album Track,Yes,Link
Piss In The Wind,"⭐️ Piece of You
(feat. Giveon) (prod. Kenny Beats, Ninetyfour, J.Sweet & Sevn Thomas) (writ. Ninetyfour, Joji, Giveon, J.Sweet, Kenny Beats, Lily Kaplan & Sevn Thomas)","OG Filename: PIECEOFYOU V2 JELLIS MIX r5
Track 7 on ""Piss In The Wind"" featuring Giveon. A rough mix of the song surfaced
before it's release on November 5th, 2025. Later teased with a slowed snippet on
the jojimusic BandCamp account, but it was deleted just minutes after.",2:15,2025 / 2026,"Feb 6, 2026",Album Track,Yes,Link
Piss In The Wind,"⭐️ Hotel California
(prod. Sam Homaee)
(writ. Eskeerdo, Joji, James Essien & Joshua Coleman)","OG Filename: Hotel California JELLIS MIX r7
Track 8 on ""Piss In The Wind"". First teased on vault.jojimusic.com on January 8th, 2026.
Later teased again a second time on the album's presave page.",2:09,,"Feb 6, 2026",Album Track,Yes,Link
Piss In The Wind,"Hotel California [Clean Ver.]
(prod. Sam Homaee)
(writ. Eskeerdo, Joji, James Essien & Joshua Coleman)","Clean Ver. of ""Hotel California"".",2:09,,"Feb 6, 2026",Clean Ver.,Yes,Link
Piss In The Wind,"⭐️ Tarmac
(prod. Isaac Sleator & Wonton)
(writ. Joji, Isaac Sleator & John Durham)
aka. Halsey Sex","OG Filename: Halsey Sex JELLIS MIX r4
Track 9 on ""Piss In The Wind"".",1:35,,"Feb 6, 2026",Album Track,Yes,Link
Piss In The Wind,"⭐️ Forehead Touch the Ground
(prod. Isaac Sleator & Myles Avery)
(writ. Joji, & Isaac Sleator & Myles Avery)","OG Filename: forehead touch the ground JELLIS MIX r4
Track 10 on ""Piss In The Wind"". First teased on vault.jojimusic.com on January 8th, 2026.",1:57,,"Feb 6, 2026",Album Track,Yes,Link
Piss In The Wind,"⭐️ Fade to Black
(feat. 4batz) (prod. Joji & Isaac Sleator)
(writ. Joji, Isaac Sleator & 4batz)","OG Filename: 4batz JELLIS MIX r5
Track 12 on ""Piss In The Wind"".
An earlier mix of the track was leaked early in the Joji Archive Discord by an anonymous user on November 5th, 2025. A few weeks later on the 20th, a user on Reddit posted a recording of a demo of the song being played from their neighbor's house.",1:15,2025 / 2026,"Feb 6, 2026",Album Track,Yes,Link
Piss In The Wind,"Fade to Black [Clean Ver.]
(feat. 4batz) (prod. Joji & Isaac Sleator)
(writ. Joji, Isaac Sleator & 4batz)","Clean Ver. of ""Fade to Black"" featuring 4batz.",1:15,,"Feb 6, 2026",Clean Ver.,Yes,Link
Piss In The Wind,"⭐️ CAN'T SEE SH*T IN THE CLUB
(prod. Joji & Isaac Sleator) (writ. Joji & Isaac Sleator)
aka. My Leige","OG Filename: My Leige JELLIS MIX r6
Track 13 on ""Piss In The Wind"". Rumoured to be ""FTC / FUCK THE CLUB"" when the tracklist was revealed, as it had the same length as the YouTube teaser for ""FTC"".",2:52,,"Feb 6, 2026",Album Track,Yes,Link
Piss In The Wind,"Sojourn
(prod. Dylan Brady & Kenny Beats)
(writ. Dylan Brady, Joji & Kenny Beats)
aka. Roxy Pt. 2","OG Filename: Roxy Pt 2 JELLIS MIX r6
Track 14 on ""Piss In The Wind"".",2:56,,"Feb 6, 2026",Album Track,Yes,Link
Piss In The Wind,"⭐️ DYKILY
(prod. Joji & Isaac Sleator) (writ. Joji & Isaac Sleator)
aka. DON'T YOU KNOW I LOVE YOU, Beat 2","OG Filename: Beat 2 JELLIS MIX r3
Track 15 on ""Piss In The Wind"".
First rumoured to be the original 2017 version heard on the LOST BALLADS VHS and
throughout many of Joji's live performances, with the song being an introductory track. Joji later officially released the 2017 version onto streaming services as a bonus track.",2:38,,"Feb 6, 2026",Album Track,Yes,Link
Piss In The Wind,"⭐️ Rose Colored
(feat. Yeat) (prod. Isaac Sleator, BNYX, Joji & West1ne)
(writ. BNYX, Isaac Sleator, West1ne, Joji & Yeat)","Track 16 on ""Piss In The Wind"". Joji and Yeat were previously spotted
together at an LA Dodgers game before announcement of a collaboration.",2:34,,"Feb 6, 2026",Album Track,Yes,Link
Piss In The Wind,"Rose Colored [Clean Ver.]
(feat. Yeat) (prod. Isaac Sleator, BNYX, Joji & West1ne)","Clean Ver. of ""Rose Colored"" featuring Yeat.",2:34,,"Feb 6, 2026",Clean Ver.,Yes,Link
Piss In The Wind,"⭐️ Silhouette Man
(prod. Isaac Sleator, Wonton)
(writ. Joji, Isaac Sleator & John Durham)
aka. Sneaky (Nothing Left)","OG Filename: Sneaky (Nothing Left) JELLIS MIX 4
Track 17 on ""Piss In The Wind"".",1:26,,"Feb 6, 2026",Album Track,Yes,Link
Piss In The Wind,"⭐️ Fragments
(with. Don Toliver) (prod. Roark Bailey & Azul Wynter) (writ. Azul Wynter, Don Toliver, Joji, Roark Bailey & Ryan Gray Hawken) 
aka. Gray","OG Filename: Gray V2 JELLIS MIX
Track 18 on ""Piss In The Wind"" featuring Don Toliver.
Don Toliver also previously sampled ""Like You Do"" on a song titled ""Take You Out""
which may even be older than ""Like You Do"" itself.",1:59,,"Feb 6, 2026",Album Track,Yes,Link
Piss In The Wind,"Horses To Water
(prod. Joji & Isaac Sleator) (writ. Joji & Isaac Sleator)
aka. Jarhead","OG Filename: Jarhead JELLIS MIX r5
Track 19 on ""Piss In The Wind"". First teased on vault.jojimusic.com on January 8th, 2026.",2:17,,"Feb 6, 2026",Album Track,Yes,Link
Piss In The Wind,"Horses To Water [Clean Ver.]
(prod. Joji & Isaac Sleator) (writ. Joji & Isaac Sleator)
aka. Jarhead","Clean Ver. of ""Horses To Water"".",2:17,,"Feb 6, 2026",Clean Ver.,Yes,Link
Piss In The Wind,"⭐️ Strange Home
(prod. Joji & Isaac Sleator) (writ. Joji & Isaac Sleator)","OG Project Filename: strange home master 3rd option.gbproj
OG Filename: strange home master 3rd option - 10_20_25, 5.18 PM
Track 20 on ""Piss In The Wind"". The beat was originally from the ""Nectar"" era.",2:50,"Oct 20, 2025","Feb 6, 2026",Album Track,Yes,Link
Piss In The Wind,"Strange Home [Clean Ver.]
(prod. Joji & Isaac Sleator) (writ. Joji & Isaac Sleator)","Clean Ver. of ""Strange Home"".",2:50,,"Feb 6, 2026",Clean Ver.,Yes,Link
Piss In The Wind,"⭐️ Dior
(prod. Joji) (writ. Joji)
aka. Christian Dior","OG Project Filename: christian dior distorted FINAL.gbproj
OG Filename: christian dior distorted FINAL - 10_1_25, 12.53 PM
OG Filename (2): christian dior distorted FINAL - 10_1_25, 12.53 PM (Volume Update)
Track 21 on ""Piss In The Wind"". Originally teased through the tracklist reveal.",1:54,"Oct 1, 2025","Feb 6, 2026",Album Track,Yes,Link
"9 Streaming
1 Off-Streaming",Piss In The Wind (Deluxe),"(02/06/2026) (Piss In The Wind is released)
(06/04/2026) (Piss In The Wind (Deluxe) is released)",,,,,,
Piss In The Wind (Deluxe),"⭐️ DYKILY (2017 Demo Version)
(prod. Joji & BRTHR) (writ. Joji)
aka. DON'T YOU KNOW I LOVE YOU (2017 Demo Version)","Original Demo version of ""DYKILY"". First teased in the music video for ""Window"" back in January 2018. It was surprised dropped on February 9th, 2026 along with a digital copy.
Later rereleased as Track 1 on Disc 2 on ""Piss In The Wind (Deluxe)"".",0:58,"Jan 29, 2026","Feb 9, 2026",Bonus Track,Yes,Link
Piss In The Wind (Deluxe),"⭐️ Yeat - Back Home
(with. Joji) (prod. Synthetic, Lucid, Orin & gleero)
(writ. Joji, Yeat, Synthetic, Orin, gleero & Lucid)
aka. Train Back Home","Track 20 on Yeat's 2026 album ""ADL"".
Rereleased later as Track 5 on Disc 2 in ""Piss In The Wind (Deluxe)"".",3:13,2025 / 2026,"Mar 26, 2026",Single,Yes,Link
Piss In The Wind (Deluxe),"⭐️ Yeat - Back Home [Physical Ver.]
(feat. Joji) (prod. Synthetic, Lucid, Orin & gleero)
(writ. Joji, Yeat, Synthetic, Orin, gleero & Lucid)
aka. Train Back Home","Physical Copy version of ""Back Home"" by Yeat.
Joji has more background vocals. and different lyrics.",3:11,2025 / 2026,"Mar 26, 2026",Loosie,No,Link
Piss In The Wind (Deluxe),"⭐️ Anyma - Beautiful 
(with. Joji) (prod. Dimitri Vangelis, Andreas Wiman, BloodPop® & Anyma) (writ. Johannes Klahr, Anyma, David Stewart, Joji, Michael Tucker & Conor Ross)","Single by Anyma featuring Joji, who's also featured on the cover art. Later performed at Coachella on April 17th, 2026 and rereleased as track 4 on ""Piss In The Wind (Deluxe)"". ",3:35,,"Apr 3, 2026",Single,Yes,Link
Piss In The Wind (Deluxe),"Bluffin'
(with. The Kid LAROI) (prod. 1SREAL, BNYX & Sam Homaee)","Track 2 on Disc 2 on ""Piss In The Wind (Deluxe)"". The Kid LAROI
teased the collaboration at a show a few days before the release.",2:34,,"Jun 4, 2026",Deluxe Track,Yes,Link
Piss In The Wind (Deluxe),"⭐️ Blah Blah
(prod. Sam Homaee & Alexander 23)","Track 3 on Disc 2 on ""Piss In The Wind (Deluxe)"".",2:41,,"Jun 4, 2026",Deluxe Track,Yes,Link
Piss In The Wind (Deluxe),"⭐️ Redeeming Qualities
(with. Corbin) (prod. Joji, rei brown & Corbin)
(writ. Joji, rei brown & Corbin)","Track 6 on ""Piss In The Wind (Deluxe)"" on Disc 2.
It was originally discovered on ASCAP and SESAC as a song by Rei Brown with no mention of a feature from Corbin.",3:26,,"Jun 4, 2026",Deluxe Track,Yes,Link
Piss In The Wind (Deluxe),"⭐️ Kill The Geese
(prod. Joji, Isaac Sleator & Wonton)","Track 7 on Disc 2 of ""Piss In The Wind (Deluxe)"".",1:58,,"Jun 4, 2026",Deluxe Track,Yes,Link
Piss In The Wind (Deluxe),"⭐️ skin cells
(prod. Joji & Wonton)","Track 8 on Disc 2 of ""Piss In The Wind (Deluxe)"".",1:45,,"Jun 4, 2026",Deluxe Track,Yes,Link
Piss In The Wind (Deluxe),"⭐️ FTC [Mix 2]
(prod. Joji) (writ. Joji)
aka. FUCK THE CLUB","Track 9 on Disc 2 on ""Piss In The Wind (Deluxe)"". First previewed back in May 2018 in a behind the scenes video for ""YEAH RIGHT"" with mumbled lyrics. Joji later dropped the song to YouTube under FTC / F*CK THE CLUB and cut the first part of the track. A demo for the song later surfaced with a finished verse and other little differences. The rights for the song were discovered by jae to have changed over to Virgin just before release.",1:55,,"Jun 4, 2026",Deluxe Track,Yes,Link
