Era,"Name
(Check out the Tracker website!)","Notes
(Join the Discord for updates and suggestions!)",Format,Image,Art Type,Use,Link(s)
Y.H.N.I.C.,Youngest Head Nigga in Charge,"Front cover of ""Youngest Head Nigga in Charge"".",Digital,,Front Cover,Used,https://i.ibb.co/RBDrKXS/Y-N-I-C.jpg
Training Day,Training Day,"Front cover of ""Training Day"".",Digital,,Front Cover,Used,https://i.ibb.co/4McYcND/Training-Day.jpg
Training Day,Blood Sport,"""Blood Sport"" single cover posted on Kendrick's old MySpace page.",Digital,,Front Cover,Used,https://i.ibb.co/VWB7n0HF/AHOq17-GCx-Ch-I7-v-o-X29o-Klp3-ODn-SDDHfs-Z6ke-W3qr-Cd-Ui-B75-CZjm3-M09-F3-Jok6ieau6-K3-BYZCw-Fo-Tt.gif
No Sleep 'Til NYC,No Sleep Til NYC,"Front cover of ""No Sleep 'Til NYC"".",Digital,,Front Cover,Used,https://i.ibb.co/d4kX6Bng/AHOq17-EI6-C3-GUai6he-Tl-RIs0-nz-P1iq5-Ax9n-1t37q-K4pxku-A997-UIn-TY0mav8-YXe-Ewuf-H0e-CTZf72ylm-FEe.jpg
No Sleep 'Til NYC,No Sleep 'Til NYC [Back Cover],"Back cover of ""No Sleep 'Til NYC"".",Scan,,Back Cover,Used,https://i.ibb.co/hRLqZ5FH/AHOq17-G-Vc-Kc-Y3mq-HRRTFwn-J3-WMMik-LVgf-O5f264-FKCPs-Zdg-Hu9-UB1grc-Ls-TD3-TT-pi-AWY8incya-MPKz-Cc.jpg
C4,C4,"Front cover of ""C4"".",Digital,,Front Cover,Used,https://i.ibb.co/FWCG4C5/C4.jpg
C4,C4 [Back Cover],"Back cover of ""C4"".",Digital,,Back Cover,Used,https://i.ibb.co/TxjQTNkx/AHOq17-H5-H9ks-Vc-FXq-VI3-UJak3-PM6-WXz-Pxmdi9-IIt6vg-QF8-z-Gexf-N-z-Je-MXLc-BCq-Dewwt-Ez5g-IUEv1-Cy.jpg
C4,good kid madd city [Rough Draft],"Rough draft of the cover of the 2008 version of good kid, m.A.A.d city described and drawn by Kendrick in the Kendrick Lamar Watts 2008 video made by mister fifou, who was contacted by Kendrick to shoot the photos for the cover, to which he declined. Described by Kendrick to be 'basically an irony', the cover would have been a photo of Kendrick sitting on the front porch of a house smiling with a sign in his hand that read 'Peace in compton', he would have had a black eye and a piru and blood member throwing up their gang signs on either side of him. Funnily enough he wrote 'good good madd city' in the drawing instead of the album title. A higher quality version of the drawing is available in fifou's book 'Archives'",Photo,,Front Cover,Draft,https://ibb.co/wNfDrL86
The Kendrick Lamar EP,The Kendrick Lamar EP,"Front cover of ""The Kendrick Lamar EP"".",Digital,,Front Cover,Used,https://i.ibb.co/8XC0LcQ/Kendrick-Lamar-EP.jpg
The Kendrick Lamar EP,The Kendrick Lamar EP [Back Cover],"Back cover of ""The Kendrick Lamar EP"".",Scan,,Back Cover,Used,https://i.ibb.co/1ts5z1kd/AHOq17-Ht-Ica-E31x-LZd-OS-lzcbo-Pg-To2a29p-Jees4-Anql-Ui8-Kv84qb-MPg-Qtxpn-ZY02h-Go-Hq9-Vl-I3-K7e-I2.jpg
The Kendrick Lamar EP,B-4 I Commit Suicide,Recreation of the logo seen on Kendrick's shirt during the 'Fuck A Hook' music video. Done by @oknora_,Recreation,,Other,Unused,https://ibb.co/KpC1T7K6
Overly Dedicated,Overly Dedicated,"OG Filename: 20100904-KENDRICKOD
The album cover art was revealed to the public on September 4, 2010, and was designed by 2DopeBoyz featuring Hassana Lynne and Dave Free. The cover features pop culture icons such as Michael Jackson, Jim Morrison, Bruce Lee, ODB, Jimi Hendrix, Dash Snow, Sacer, and Pimp C. All of these artists overdosed, or OD’d, from one substance or another, fitting with the project’s initials. The woman in the center of the image is sitting in a Sukhasana position; a pose commonly associated with meditation. ",Digital,,Front Cover,Used,https://a1.mzstatic.com/r40/Music124/v4/b9/e6/e9/b9e6e9e7-6802-cf32-1be7-f668df1ee20d/888915295939_cover.jpg
Overly Dedicated,Overly Dedicated [Recreation],"Recreation of the front cover for ""Overly Dedicated"". Made by osunnfx.",Recreation,,Front Cover,Used,https://i.ibb.co/JFxKZfbc/OVERLYDEDICATED-KL3000xx3000.png
Overly Dedicated,Overly Dedicated [Back Cover],Back Cover of Overly Dedicated.,Scan,,Back Cover,Used,https://i.ibb.co/k20M2jpN/AHOq17-HLKa6-MU6v-W-qjad75-Cfm-DXS0dmaej4lg739-Vk-L6-EX0-Td-ZKVYao-KUw-Irai-MGGW3-Y3dha68-Vq-RFv-Xwl.jpg
Section.80,Section.80,"Front cover of ""Section.80"".",Digital,,Front Cover,Used,https://a1.mzstatic.com/r40/Music115/v4/d7/d3/37/d7d33750-6d28-6e73-4913-7139ebd80906/888915968772_cover.jpg
Section.80,Section.80 [Back Cover],"Back cover of ""Section.80"".",Scan,,Back Cover,Used,https://i.ibb.co/PXZ3WLN/AHOq17-Fmp-Zn-Pbk16-V0m-EY3t-AOZl-Xk9db-Kloy-Cozg-PNc-Zb-DD3-PY85cb-Kk-H3q-Bdwg-F21-AUDTh-Bmw-Y7-P7c.jpg
Section.80,Section.80 [Reference Photo],"Reference photo for the front cover of ""Section.80"".",Digital,,Front Cover,Draft,https://i.ibb.co/XxRk9BZb/s80-ref.png
Section.80,Section.80 [Autographed CD],"Autographed CD of ""Section.80"".",Photo,,Physical Packaging,Used,https://i.ibb.co/tSwmTNK/R-4550311-1681076427-7315.jpg
Section.80,Look Out For Detox,Full image used as the single cover for its release on SoundCloud.,Digital,,Front Cover,Used,https://i.ibb.co/Psg9GPCd/AHOq17-E-0d-A2lqwto-JCGx-Tkbb-Eq-FZs-Vo-HFu3dg-W4a-DIVRe-PEPP9x9n101-B-d-QIk-Y1b-P-6-Kh-Ew-Er8-Nt-LU.png
Section.80,6'7' Freestyle,Full image used as the single cover for its release on SoundCloud.,Digital,,Front Cover,Used,https://i.ibb.co/B5Tp8C8X/AHOq17-F6qjv4t-G9-IOPH082v8x-YBdng-m-ZHQy-VEfr0-PE6l-D89-Tm822-Pl-YCa-VTFBU-WQPsg-9r-Wzr-HTomtv-EHDL.png
Section.80,HiiiPoWeR,"Cover for the digital single of ""HiiiPoWeR"".",Digital,,Front Cover,Used,https://a1.mzstatic.com/r40/Music124/v4/01/a0/f7/01a0f739-0f3f-7e30-9021-fa811dee2605/mzi.xhoujzxb.jpg
Section.80,Sex With Society,Full image used as the single cover for its release on SoundCloud.,Digital,,Front Cover,Used,https://i.ibb.co/v5dtK4m/artworks-000007881408-34nlg5-original.jpg
Section.80,Ronald Reagan Era,"Cover for the digital single of ""Ronald Regan Era"".",Digital,,Front Cover,Used,https://i.ibb.co/tMYbd7dV/AHOq17-F5-NOot2-USPG2zb-WPBij-GTDv-Acs51nfk97-BMP4-JVg-VVa-ZO6631-RISX7l-Xk-B9-Ezidy-Tj-Ulaz-LNMIIbz.jpg
Section.80,Cloud 10,"Cover for the digital single of ""Cloud 10"".",Digital,,Front Cover,Used,https://i.ibb.co/CpxDxtJH/AHOq17-Hc4-Gcj11p-I-f-SVmk-Ysf-Sm5-HUCd7fp-Sspnl-YM5u-AYMWs-Mm-E6-TXh-FJ-c5y-CV62hx-I0yl-H7a-WZYBsa.jpg
Section.80,Skeme - I Remember,"Front cover of the single ""I Remember"".",Digital,,Front Cover,Used,https://i.ibb.co/gFVG57B7/image.png
"good kid, m.A.A.d city","good kid, m.A.A.d city","Front cover of ""good kid, m.A.A.d city""",Digital,,Front Cover,Used,https://a1.mzstatic.com/r40/Music112/v4/86/d2/5d/86d25d08-2db3-b7f1-d688-96bc78719c28/12UMGIM52989.rgb.jpg
"good kid, m.A.A.d city","good kid, m.A.A.d city [Clean]",Clean version of the album cover.,Digital,,Front Cover,Used,https://a1.mzstatic.com/r40/Music122/v4/36/86/ec/3686ec99-dec4-0a01-8b74-2d8a9a0263a7/12UMGIM52988.rgb.jpg
"good kid, m.A.A.d city","good kid, m.A.A.d city (Deluxe)","Cover art for the deluxe edition of good kid, m.A.A.d city.",Digital,,Front Cover,Used,https://a1.mzstatic.com/r40/Music122/v4/ca/5b/c0/ca5bc0b3-d81d-cc6c-0d19-54b9eedb6dbd/12UMGIM52990.rgb.jpg
"good kid, m.A.A.d city","good kid, m.A.A.d city (Deluxe) [Clean]",Clean version of the deluxe cover.,Digital,,Front Cover,Used,https://i.ibb.co/VphcZ7T/good-kid-m-A-A-d-city-Deluxe.jpg
"good kid, m.A.A.d city","good kid, m.A.A.d city (Deluxe) [Back Cover]","Back cover for the deluxe edition of ""good kid, m.A.A.d city""",Digital,,Back Cover,Used,https://i.ibb.co/LhYHp0VH/AHOq17-HRMQRe4-Cuo7-C0-Mf2e-SBo-Hw-Hz1-PBI8-Ibx-H0pgep-CHit-Jg1-mm-Oc4-Sa-X9x16-WXy-Hybaw7-Zubklt-Pw.jpg
"good kid, m.A.A.d city","good kid, m.A.A.d city (10th Anniversary Edition)","Front cover of ""good kid, m.A.A.d city (10th Anniversary Edition)"".",Scan,,Front Cover,Alternate,https://i.ibb.co/CtLs206/good-kid-m-A-A-d-city-10th-Anniversary-Edition.png
"good kid, m.A.A.d city","good kid, m.A.A.d city (Limited Edition)","Exclusive 11.5"" x 11.5"" gallery quality giclée printed cover designed and signed by Rashid Johnson for a limited edition repressing of ""good kid, m.A.A.d city"". Fixed to a brown custom dyed linen wrapped vinyl jacket and set in custom packaging, designed by GUCCI. Edition of 100.",Scan,,Front Cover,Alternate,https://i.ibb.co/yB6KtwQS/AHOq17-Gi-Yth-LZdlq-Vn-Lgt-A3pe-sq-TLn-Mn-PRK-ze5-PPg8-K6v-PTm7sd-XNODrcw2e-TGpuc-RC3zq4iz6-Ckax-Sj.jpg
"good kid, m.A.A.d city","good kid, m.A.A.d city (Limited Edition) [Back Cover]",Back cover for the limited edition vinyl including the album's tracklist.,Scan,,Back Cover,Alternate,https://i.ibb.co/hJ5kJtp6/AHOq17-GEt-FLRq-MQ70-WIasb2-Proxiflr-Xol4rx-XHm-OLi-Rr-F-RK3qpw-Ks18-Lqg-Hv-KEpmy-F3-EAp-I5-FK-72w-Z.jpg
"good kid, m.A.A.d city","good kid, m.A.A.d city [Sticker]","Sticker for the deluxe edition of ""good kid, m.A.A.d city"".",Scan,,Other,Used,https://i.ibb.co/C3TVHv6L/AHOq17-HJ0-Cpu-A6-QKol-Ona2-D-Y4lggo0l-FXDYb-PIr4-DA1-KR6-Osb-Ywb-E7-Ynpo-HZDSerd26-U0-i-VMYcw-QUf-w.jpg
"good kid, m.A.A.d city",The Recipe,"Cover for the digital single of ""The Recipe"".",Digital,,Front Cover,Used,https://i.ibb.co/PvGJRD9s/AHOq17-GK6-Si-PYZIyh-OJ03-LQ5gd3-Ju-Gz4h-Fje2-RAUt3c-Gw-UP6-8-Oje-Yfd-S0g8yq5-Lb-JISpdui-Ni-Cx-Kcye.jpg
"good kid, m.A.A.d city",The Recipe [Alt],"Cover for the physical single of ""The Recipe"".",Scan,,Physical Packaging,Used,https://i.ibb.co/7dmyhbKj/AHOq17-EFa-Ko-KVmq-V8h25-AHc-Csn4d-Eo-FBR4f-Fv-GYm2dc86c4-Uoz-DG2-Eoa-Tys4-TYw-VY5-HUa-Pi-A4ea-CKyz.jpg
"good kid, m.A.A.d city",Swimming Pools (Drank),"Cover for the digital single of ""Swimming Pools (Drank)"".",Digital,,Front Cover,Used,https://i.ibb.co/9Hc2Xrf4/AHOq17-Hky6c-Mi5udd4-Zq-XFRKp-wpncsi-Y0b-Pztf-Jiegys-Jk-NJlh-ZP-v-OIV-z-U75-BKl7ja7-X-gs-DYWt-AM0-ZH.jpg
"good kid, m.A.A.d city",Swimming Pools (Drank) [Clean],Clean version of the single cover.,Digital,,Front Cover,Used,https://i.ibb.co/27G6jVhS/AHOq17-HGr-G2bxn-B8-WM1-K3b-M7-SDeo-O9-EPk-HOKWqb-t2-1-NCPp-As-PKIg-LU8p-Uz-Ihr9-Dn-DWY5zj-Tpfbr-Jcu.jpg
"good kid, m.A.A.d city",Swimming Pools (Drank) [CD Cover],"CD Cover for ""Swimming Pools (Drank)"".",Digital,,Front Cover,Used,https://i.ibb.co/xtHnBCp4/AHOq17-ELx-g8-H1-QPJjbci-Uu-QRLXDn-Wp-H3s-KSTYo-SGx104-Wp7l-Kex-8-Onz-Jy8-QCKAxeuqvd-YQFLHAOy6-P2-FJ.jpg
"good kid, m.A.A.d city",Compton,"Cover for the digital single of ""Compton"".",Digital,,Front Cover,Used,https://i.ibb.co/Lh2RR8nV/AHOq17-FE2fpb9e4-TAN4-K0vt-Ak-Bfn-ZOHVx-AJIYa-BAYCw-Y5-ZUtirxex6cou-Za-AVBLJzgnnh2u-I1-Wtx-J8u-Iomo.jpg
"good kid, m.A.A.d city",Backseat Freestyle,"Cover for the single of ""Backseat Freestyle"".",Scan,,Front Cover,Used,https://i.ibb.co/KcTx6CyM/AHOq17-FFLTk-Pupfxrpjy-HPKPCT-NBEP8dg4y6hu-Fz-Bqoh8-An-P0-GY5zj-F3-UJ8nr-1ne-Py-IEY-d2q1-Yh-S6m-RH76.jpg
"good kid, m.A.A.d city",Good Kid [Promotional Single],"2013 Promotional single for ""Good Kid"", released in France.",Photo,,Physical Packaging,Used,https://i.ibb.co/xtgBWPZz/AHOq17-G4eem2o4-O6tm-IPgy-C-SLIu-KSTJ-jn-G-z-Vv-2-AY0c3tg5m-Ym91u-LPXB82nf-Ch-LNa1c8k-ISbm-Kn7r-P10.jpg
"good kid, m.A.A.d city",Poetic Justice,"Cover for the digital single of ""Poetic Justice"".",Digital,,Front Cover,Used,https://i.ibb.co/xtgBWPZz/AHOq17-G4eem2o4-O6tm-IPgy-C-SLIu-KSTJ-jn-G-z-Vv-2-AY0c3tg5m-Ym91u-LPXB82nf-Ch-LNa1c8k-ISbm-Kn7r-P10.jpg
"good kid, m.A.A.d city",Poetic Justice [Alt],"Cover for the digital single of ""Poetic Justice"".",Digital,,Front Cover,Used,https://i.ibb.co/svNtfx3d/poetic-justice.jpg
"good kid, m.A.A.d city",Poetic Justice [Alt 2],"Cover for the digital single of ""Poetic Justice"".",Digital,,Front Cover,Used,https://i.ibb.co/9QDvq48/AHOq17-Hh-I3-Cm0ycu6-Wx-Rt-WZ3pv6-EUPr-TH-Wnud-YMNik-FRv2-Vz-lz-Mu-AFLk-Vppu-Gh5-BMvcx-Ho-Dhs4-DQ-D8.jpg
"good kid, m.A.A.d city",Poetic Justice [Physical],"Cover for the physical single of ""Poetic Justice"".",Photo,,Front Cover,Used,https://i.ibb.co/HTGxYVXf/AHOq17-E1-Jto1-Vn1rg47jf-Ty-Nq-Rl-T-ZPu5-Pwj-Xp8ril7-ZYb3q-Byb-W3-Do-Di87j3zl-RQPjz-Jj-CLk1xm-Pm-N4a.jpg
"good kid, m.A.A.d city","Bitch, Don't Kill My Vibe","Cover art for ""Bitch, Don't Kill My Vibe"" used on the Digital Single",Digital,,Front Cover,Used,https://i.ibb.co/NgyfCVRS/AHOq17-F0-SFjg-Sc-Afaoxb08-Ins-Nf-Nwzaz3r-YN2-ua-VHkj0l2-KWKHNj-DN5-VCs-Gy-Jhu6-T2tx-Ej-O0sw-B5h1tt.jpg
"good kid, m.A.A.d city","Bitch, Don't Kill My Vibe [Alt]","Alternate cover art for ""Bitch, Don't Kill My Vibe"" used on the CD Single.",Photo,,Front Cover,Used,https://i.ibb.co/GQPtpmHC/AHOq17-G1-HZ3v5-LZ3-Ol1-HF2-Rh2vrj-Ld1xbw-PWnmc5-g5-Of1d9-UYg18y-Mc-K-IB0yg6-X4-Iy-ARSqp-UHFciy-Ad-E.jpg
"good kid, m.A.A.d city",Don't Kill My Vibe,"Art for the clean version of ""Bitch, Don't Kill My Vibe"", used on the CD Single. Also used for ""King Kunta"" and ""Alright"" in 2015.",Scan,,Physical Packaging,Used,https://i.ibb.co/0RnHVyQT/AHOq17-Giuku-UTPd-Kf7-Ugde-Io-Wa-Zr-LRs-GSi-NOs-Sm-PIo-0b3fj-t-Oois7-Ky-XQTwa-M5-C4ar-NBe9glolccm-Y0.jpg
"good kid, m.A.A.d city","Bitch, Don't Kill My Vibe (Remix)","Art for the remix of ""Bitch, Don't Kill My Vibe"" featuring Jay-Z.",Digital,,Front Cover,Used,https://i.ibb.co/Z0nCPKc/AHOq17-Gm-JMj-FPZ-Uk4ugzh-VJs-I-t8-Eu5t1-QErg-Xabi5j-Ema3bnr-KO7-JOYU-g-MQcv7kf-Zvf-M3fr-L6-SV07-LXO.jpg
"good kid, m.A.A.d city","Bitch, Don't Kill My Vibe (International Remix)","Cover for the digital single of 
""Bitch, Don't Kill My Vibe (Remix)"" featuring Emeli Sandé.",Digital,,Front Cover,Used,https://i.ibb.co/zVvpnR6C/AHOq17-Hyf9-O2px-Vaoxrveo-XNc-U35w-VWFMa-AAo-GQ6-Dyy-Rw-Bslk3-Ux-GXlrv-Jup-Mt-SBLGQPZKh-ZHh-Ms-Uo-QU.jpg
"good kid, m.A.A.d city","Bitch, Don't Kill My Vibe (Interantional Remix) [Alt]","Alternative cover for the digital single of 
""Bitch, Don't Kill My Vibe (Interantional Remix)"".",Digital,,Front Cover,Used,https://i.ibb.co/5hHtyk0p/bdkmv-emeli.jpg
"good kid, m.A.A.d city",Cartoon & Cereal,"Cover for the digital single of ""Cartoon & Cereal""",Digital,,Front Cover,Used,https://i.ibb.co/QjNySNLF/NS03-NTI4-Lmpw-ZWc.jpg
"good kid, m.A.A.d city",Kendrick Lamar's Twitter Backdrop,"Kendrick Lamar's Twitter backdrop from November 1st, 2012 - September 10th, 2013 atleast.",Digital,,Other,Used,https://i.ibb.co/35hR2m0s/image.png
"good kid, m.A.A.d city",Kendrick Lamar's Twitter Background,"Kendrick Lamar's Twitter Background from Feburary 6th, 2013 - September 10th, 2013 atleast.",Digital,,Other,Used,https://i.ibb.co/4w1PZBQF/image.png
"good kid, m.A.A.d city",Jasmine V - That's Me Right There,"Cover for the digital single of ""That's Me Right There"".",Digital,,Front Cover,Used,https://i.ibb.co/9HdQcvnH/image.png
"good kid, m.A.A.d city",Frank Anthony - Live In My Bed,"Cover for the digital single of ""Live In My Bed"".",Digital,,Front Cover,Used,https://i.ibb.co/GQ9Krpv7/image.png
"good kid, m.A.A.d city",Frank Anthony - Live In My Bed [Alt],"Alternate cover for the digital single of ""Live In My Bed"".",Digital,,Front Cover,Used,https://i.ibb.co/Dfq9DNKF/image.png
"good kid, m.A.A.d city",T.I. - Memories Back Ten,"Cover for the digital single of ""Live In My Bed"".",Digital,,Front Cover,Used,https://i.ibb.co/bDC4kvT/image.png
To Pimp A Butterfly,To Pimp A Butterfly,"Front cover of ""To Pimp A Butterfly""",Digital,,Front Cover,Used,https://a1.mzstatic.com/r40/Music112/v4/0d/ae/61/0dae6140-d4af-d0df-eae0-3c92eb392a33/15UMGIM11922.rgb.jpg
To Pimp A Butterfly,To Pimp A Butterfly [Clean],Clean version of the album cover.,Digital,,Front Cover,Used,https://a1.mzstatic.com/r40/Music112/v4/b5/a6/91/b5a69171-5232-3d5b-9c15-8963802f83dd/15UMGIM15814.rgb.jpg
To Pimp A Butterfly,To Pimp A Butterfly [Back Cover],On the back side of the vinyl. Font handwritten by ScHoolboy Q.,Scan,,Back Cover,Used,https://i.ibb.co/BKsLSdv3/AHOq17-EXYFtp-Ukvq-O1ou2k-K62pgz4-N1-Bu-Ky3d-CSG5-Lkadmn-M9t-JYQJCIn-Po-I8-V0-Qbsazj-K-e-Hlftw7b-IMk.jpg
To Pimp A Butterfly,To Pimp A Butterfly [Limited Edition],"Exclusive artwork designed by Stanley Whitney for a limited edition repressing of ""To Pimp A Butterfly"" created in celebration of Interscope's 30th Anniversary ""Interscope Reimiagined."". Edition of 500.",Scan,,Front Cover,Used,https://i.ibb.co/TqrK9MN4/image.png
To Pimp A Butterfly,To Pimp A Butterfly (Limited Edition) [Back Cover],Back cover for the limited edition vinyl including the album's tracklist.,Scan,,Back Cover,Alternate,https://i.ibb.co/pry3fyQ1/image.png
To Pimp A Butterfly,To Pimp A Butterfly [10th Year Anniversary],"Cover for the 10th year anniversary version of ""To Pimp A Butterfly"".",Digital,,Front Cover,Used,https://i.ibb.co/N2ynpF7s/To-Pimp-AButterfly-10th-Anniversary-c915ef07-d136-4cf7-9a1b-a9c79887a792.webp
To Pimp A Butterfly,To Pimp A Butterfly [Photoshoot 1],"Original photoshoot for To Pimp A Butterfly cover posted by Denis Rouvre on his Instagram page on March 16, 2020.",Digital,,Front Cover,Draft,https://i.ibb.co/q3dFF1Jw/AHOq17-E2-CTUPEXz-P1k1w-QZp-H-K-tagi8j-Jl-Pj3-Xc-Rf-Yn-Xu-Nalimb-N-Xh-Wc-Ay-AEzij-gb-L7bz-AVWTMHc-NS.jpg
To Pimp A Butterfly,To Pimp A Butterfly [Photoshoot 2],"Another original photoshoot for To Pimp A Butterfly cover posted by Denis Rouvre on his Instagram page on March 17, 2020. Later featured on To Pimp A Butterfly official booklet.",Digital,,Front Cover,Draft,https://i.ibb.co/qFDVjxDC/AHOq17-E3-UTqy1-Lvb1h-QG8x-Aqqw-Iw2-Lmzza-NQd-Bhaq0-Kn-O0as-Qe-OFm-Ik-RWNIu-Epg-L4-y-LF-Y8g-TTd-Utv1.jpg
To Pimp A Butterfly,To Pimp A Butterfly [Cover Sketches],"Blue The Great, who notably drew the album cover for Isaiah Rashad's 'The Sun's Tirade', revealed on his Twitter to have original sketches and concept art for To Pimp A Butterfly.",Unavailable,N/A,Concept Art,Draft,N/A
To Pimp A Butterfly,i,"Cover for the digital single of ""i"".",Digital,,Front Cover,Used,https://a1.mzstatic.com/r40/Music124/v4/36/68/2e/36682ee6-31c1-3103-790b-45eb55ae6217/00602547061010.rgb.jpg
To Pimp A Butterfly,i [Clean],Clean version of the single cover.,Digital,,Front Cover,Used,https://a1.mzstatic.com/r40/Music128/v4/e4/1b/cc/e41bcc4a-0022-e8a1-7bd9-261569eaac35/00602557692174.rgb.jpg
To Pimp A Butterfly,King Kunta,"Cover for the physical single of ""King Kunta"".",Photo,,Front Cover,Used,https://i.ibb.co/svWf8TSK/AHOq17-FHSOc-Xn3-J7-SXJ9-Ejp-ah4aia-F0-TDXwv-Qj-XZT-18-Bd-Akg78-R3-RKTAOEz-F451-UNQYQx-CNZ4-Mjt-Qom8.jpg
To Pimp A Butterfly,King Kunta [Back Cover],"Back cover for the physical single of ""King Kunta"".",Scan,,Back Cover,Used,https://i.ibb.co/KxnJzvkV/AHOq17-Hfdm4-E68m-OChgfd-ZP5kra7-NZk-W0hyh-PRABV4-oeq-Xjaj-Fkf3s2w9ff-M-jp-Rjqun7-Nc9wd0-L8-G9-RAo-W.jpg
To Pimp A Butterfly,Alright [CD],"Cover for the CD single of ""Alright"".",Photo,,Other,Used,https://i.ibb.co/FbCH4yhv/AHOq17-Ewk0tz-XDOsrnrb-Pzqac7g6ck-NVh-CA1d-BH7vn-GCW05-V5-Od6n-Kq0-VZPk-Pe-BZI5e-V4-QQTk-Gw-A5-T9bth.jpg
To Pimp A Butterfly,The Blacker The Berry,"Cover for the digital single of ""The Blacker The Berry"".",Digital,,Front Cover,Used,https://i.ibb.co/jk27nrZg/AHOq17-He2-JRPsj-A1n7-Ym174je-U0q-IYTUMMVqs-Wb-Oc4d-A98-OJkk-Ae-Gnukwdz-O6-Amfuqw-WGp-Mif-Aj91i-N7-B.jpg
To Pimp A Butterfly,The Blacker The Berry [Clean],"Cover for the digital single of ""The Blacker The Berry"" without the Parental Advisory logo,",Digital,,Front Cover,Used,https://ia600305.us.archive.org/15/items/mbid-45fcbebb-fb10-47ac-b7a7-58aac0c7a1b0/mbid-45fcbebb-fb10-47ac-b7a7-58aac0c7a1b0-13583617392.jpg
To Pimp A Butterfly,The Blacker The Berry [Alt.],"Alternate cover for ""The Blacker The Berry"" found on a select few streaming services.",Digital,,Front Cover,Used,https://ia800609.us.archive.org/24/items/mbid-8b38893c-c342-4223-bb51-1b51838ed85b/mbid-8b38893c-c342-4223-bb51-1b51838ed85b-9673094732.png
To Pimp A Butterfly,Flying Lotus - Never Catch Me,"Cover for the digital single of ""Never Catch Me"".",Digital,,Front Cover,Used,https://i.ibb.co/C5x2y553/image.png
To Pimp A Butterfly,To Pimp A Butterfly [booklet],"Physical booklet and that came with Physical copies of ""To Pimp A Butterfly""",Digital,,Booklet,Used,https://limewire.com/d/ODx59#lWATydPmf3
untitled unmastered.,untitled unmastered.,"Front cover of ""untitled unmastered.""",Digital,,Front Cover,Used,https://a1.mzstatic.com/r40/Music122/v4/93/89/2e/93892e3d-6471-64eb-ee80-c42b95b53d29/16UMGIM10770.rgb.jpg
untitled unmastered.,untitled unmastered. [Clean],Clean version of the album cover.,Digital,,Front Cover,Used,https://a1.mzstatic.com/r40/Music122/v4/60/68/5b/60685bdb-5f89-b56f-ad14-06a92d4f6fac/16UMGIM10771.rgb.jpg
untitled unmastered.,untitled unmastered. [Test Pressing],Test pressing of the vinyl done by United Record Pressing.,Photo,,Front Cover,Used,https://i.ibb.co/4ZZTKh0q/R-8864476-1470361936-5336.jpg
untitled unmastered.,untitled unmastered. [Back Cover],Back cover of the album.,Scan,,Back Cover,Used,https://i.ibb.co/KcfZSM6M/AHOq17-Gqiq-Jn-LT71lw-SAEeh-Syg-SWf-Pqs8-Ddn-Nh-Un2-t-Aa2-Hx5w-HVb-QHkx-Cs-Fp-W2r5-Xq-Vx-QKERRl-JZTT.jpg
untitled unmastered.,untitled 07 | levitate,Front cover of the single.,Digital,,Front Cover,Used,https://a1.mzstatic.com/r40/Music128/v4/58/85/94/588594aa-58e0-0fa0-8152-1772bef62ba2/00602547885258.rgb.jpg
untitled unmastered.,untitled 07 | levitate [Clean],Clean version of the single cover.,Digital,,Front Cover,Used,https://a1.mzstatic.com/r40/Music128/v4/10/ab/5f/10ab5f6c-2a72-2918-7f85-befd2fe544ad/00602547885265.rgb.jpg
untitled unmastered.,Black Friday,The cover used for Kendrick’s song on SoundCloud.,Digital,,Front Cover,Used,https://i.ibb.co/wFF0CnMh/https-images-genius-com-879e365f8ef678edd244d906d17a4abc-1000x1000x1.jpg
untitled unmastered.,J. Cole - Black Friday,The cover used for J. Cole’s song on SoundCloud.,Digital,,Front Cover,Used,https://i.ibb.co/XZ5ZB6S1/https-images-genius-com-b6effce53a983c64f125753ff13baeb6-1000x1000x1.jpg
untitled unmastered.,Jidenna - Classic Man (Remix),"Front cover of the single ""Classic Man (Remix)"".",Digital,,Front Cover,Used,https://i.ibb.co/Hp3DGq1h/image.png
DAMN.,DAMN.,"Front cover of the album ""DAMN."".",Digital,,Front Cover,Used,https://a1.mzstatic.com/r40/Music112/v4/86/c9/bb/86c9bb30-fe3d-442e-33c1-c106c4d23705/17UMGIM88776.rgb.jpg
DAMN.,DAMN. [Clean],Clean version of the album cover.,Digital,,Front Cover,Used,https://a1.mzstatic.com/r40/Music112/v4/ab/16/ef/ab16efe9-e7f1-66ec-021c-5592a23f0f9e/17UMGIM88793.rgb.jpg
DAMN.,DAMN. [Back Cover],Back cover for DAMN. posted by Kendrick on his Instagram page.,Digital,,Back Cover,Used,https://i.ibb.co/Y4tY782L/DAMN-Back-Cover.jpg
DAMN.,DAMN. COLLECTORS EDITION.,"Front cover of the album ""DAMN. COLLECTORS EDITION"".",Digital,,Front Cover,Used,https://a1.mzstatic.com/r40/Music221/v4/77/33/13/773313da-f23e-b15e-e110-886f1d8ec0ec/17UM1IM55473.rgb.jpg
DAMN.,DAMN. COLLECTORS EDITION. [Clean],Clean version of the album cover.,Digital,,Front Cover,Used,https://a1.mzstatic.com/r40/Music124/v4/94/28/36/94283609-93bb-db1c-e997-44e82c157e90/00602567261216.rgb.jpg
DAMN.,DAMN. COLLECTORS EDITION. [Back Cover],Back cover for DAMN. COLLECTORS EDITION.,Digital,,Back Cover,Used,https://i.ibb.co/LXSn9KFp/39fecf667a1887b1b5c5ee7617c291cb-1000x1000x1.jpg
DAMN.,The Heart Part 4,"Front cover of the single""The Heart Part 4"".",Digital,,Front Cover,Used,https://ia600405.us.archive.org/18/items/mbid-637530b4-8b9b-4a01-8612-25b29e6d3d55/mbid-637530b4-8b9b-4a01-8612-25b29e6d3d55-40043950563.jpg
DAMN.,HUMBLE.,"Front cover of the single ""HUMBLE."".",Digital,,Front Cover,Used,https://i.ibb.co/2w8jsDp/AHOq17-HKVKCOk-LV6-Pc-Wvo-Isj-Mj-Zx-DP289bxahy-Tl-MSLp-O-jh-D6wt-fco-Jir-Qx-EPt-x3c-K5-Vi3q-V8-VA4cc.jpg
DAMN.,HUMBLE. (Skrillex Remix),"Front cover of the single ""HUMBLE. (Skrillex Remix)"".",Digital,,Front Cover,Used,https://a1.mzstatic.com/r40/Music114/v4/88/8d/f9/888df907-51e2-cdf7-60f4-24b87a2c71b4/17UM1IM29711.rgb.jpg
DAMN.,LOYALTY.,"Front cover of the single ""LOYALTY."".",Photo,,Front Cover,Used,https://i.ibb.co/M5MvmwwF/AHOq17-FOuu-BNFu6-D08coj-Ueqse-Lf-Fy-Lxa7uhos6-XY-kdvl7b-Rq-B5-R6-Nno3xj-Mbei-Pnigs-WQh-m4w1-Ak-Qm8j.jpg
DAMN.,LOYALTY.,"Recreation of the front cover for the radio edit of ""LOYALTY."".",Recreation,,Front Cover,Used,https://i.ibb.co/bMHvSv78/LOYALTY-SINGLE.png
DAMN.,LOYALTY. [Back Cover],"Back cover of the single ""LOYALTY."".",Photo,,Back Cover,Used,https://i.ibb.co/ymgtgXMR/AHOq17-Fz-JOM4h9-G-teg-ZB0o0-VLu2i81-OPNKYRar-Vg9k1ns-No-Ubms-Ka8-G2-QNne7b8zx2w-KX4y35-QJ636gd-TTU6.jpg
DAMN.,LOYALTY. [Back Cover],"Recreation of the back cover for the radio edit of ""LOYALTY."".",Recreation,,Back Cover,Used,https://i.ibb.co/2YZMx1kV/LOYALTY-SINGLE-RADIO.png
DAMN.,LOVE.,"Front cover of the single ""LOVE."".",Photo,,Front Cover,Used,https://i.ibb.co/gxbx11h/AHOq17-Gv-AE0y-WH0-UXi-7xy5-BUjx-Gk-B-iv-N7xsh3k3ne-Wrv4g-Sg-MWdux-DMf-Hl-LIc-Xyzw4v-Wmh-Pim-Kxs-Kro.jpg
DAMN.,LOVE. [Back Cover],"Back cover of the single ""LOVE."".",Photo,,Back Cover,Used,https://i.ibb.co/d4p17QjP/AHOq17-Fj0q7x-Oz-I1-C-qkp-j-FHpanja-TAM02d-BO7-Zex-QE4b-VLss-R1-Qa2y-VVAHI6m6as9th3-KGNQg-K3-MPWJGq8.jpg
DAMN.,LOVE. [Back Cover],"Recreation of the back cover for the radio edit of ""LOVE."".",Recreation,,Back Cover,Used,https://i.ibb.co/sdmXDwS2/LOVE-SINGLE.png
Black Panther: The Album,Black Panther The Album Music From And Inspired By,"Front cover of the album ""Black Panther The Album Music From And Inspired By"".",Digital,,Front Cover,Used,https://a1.mzstatic.com/r40/Music112/v4/0f/7c/f9/0f7cf9a6-651f-53ae-e374-6be14630bfae/18UMGIM00001.rgb.jpg
Black Panther: The Album,Black Panther The Album Music From And Inspired By [Clean],Clean version of the album cover.,Digital,,Front Cover,Used,https://a1.mzstatic.com/r40/Music112/v4/4d/16/55/4d165549-3d11-86dc-fcbf-be7fe0bcadfb/18UMGIM00002.rgb.jpg
Black Panther: The Album,All The Stars,"Front cover of the single ""All The Stars"".",Digital,,Front Cover,Used,https://i.ibb.co/0yXH7zTW/image.png
Black Panther: The Album,All The Stars [CD Cover],"CD cover of the single ""All The Stars"".",Photo,,Front Cover,Used,https://i.ibb.co/45rGjTk/AHOq17-ESa-Sa-F4wi6d-Uv7-F5-Ey-Osxh-TFldo-G9-6uy-Goetz07-MX5-Nn-ZUWv-IYw-Ld91p2-Iy-Qm-R-8g-z32m-C3t3.jpg
Black Panther: The Album,All The Stars [Back Cover],"Back cover of the single ""All The Stars"".",Photo,,Back Cover,Used,https://i.ibb.co/Hp2vsYKv/AHOq17-G0j-Fvhah-NYPRf-Qf5y-RDOkvx3mib-KZh-GCZo-BQu0w-FWbxji8f-IDy-Yi-DAMvn-Vdq-WQZbk-USu-G4-X8-Gn1.jpg
Black Panther: The Album,King's Dead,"Front cover of the single ""King's Dead"".",Digital,,Front Cover,Used,https://i.ibb.co/wh0x69Wb/AHOq17-GIDDCco-Frhp-FNLHr-NDZKS7-Cl-WZd-EEt0p-Fdvr-W7-Ugmjf-TS1t1pav-Slc-K6-MJ37-HLTF10cu-XSXIOw-LAd.jpg
Black Panther: The Album,Pray For Me,"Front cover of the single ""Pray For Me"".",Digital,,Front Cover,Used,https://i.ibb.co/0yD15bFL/AHOq17-GR-07eu-vc-Kx-YUz-2l5-Ej-Hxs-Il-6c-E0-Li-Jt-Fb8xi-QHxt-IQ90-VZ4b1dhst-WKir4r-J3-UIFb6ub-Vwt7.jpg
Black Panther: The Album,Future - Mask Off (Remix),"Front cover of the single ""Mask Off (Remix)"".",Digital,,Front Cover,Used,https://i.ibb.co/9k2gR10Y/image.png
Mr. Morale & The Big Steppers,Mr. Morale & The Big Steppers,"This one does not have a parental advisory, even on the explicit version.",Digital,,Front Cover,Used,https://a1.mzstatic.com/r40/Music122/v4/f6/65/b5/f665b52b-8d6d-b94d-cc2c-db826e35304e/22UMGIM52376.rgb.jpg
Mr. Morale & The Big Steppers,Mr. Morale & The Big Steppers [Back Cover],Seen on the back side of the vinyl.,Scan,,Back Cover,Used,https://i.ibb.co/y476zyq/Mr-Morale-The-Big-Steppers-Back-Cover.png
Mr. Morale & The Big Steppers,The Heart Part 5,"Front cover of the single ""The Heart Part 5"".",Digital,,Front Cover,Used,https://i.ibb.co/5xRRFJ6H/AHOq17-FXv-VUbe-SBX8-RS379-BCJc-Gk-Dj3-IVqs3n5-Zoysg-AGGv8ua-FR9-Lws9-F3wn-M-0-Mpxc-Fo-Bqh-Skybhx-Hi.jpg
Mr. Morale & The Big Steppers,Mr. Morale & The Big Steppers [Photoshoot #1],Taken by Renell Medrano.,Digital,,Photoshoot,Used,https://ibb.co/PG8MMVmk
Mr. Morale & The Big Steppers,Mr. Morale & The Big Steppers [Photoshoot #2],Taken by Renell Medrano.,Digital,,Photoshoot,Used,https://ibb.co/zH280kVV
Mr. Morale & The Big Steppers,Mr. Morale & The Big Steppers [Photoshoot #3],Taken by Renell Medrano.,Digital,,Photoshoot,Used,https://ibb.co/1YBc7wV4
Mr. Morale & The Big Steppers,Mr. Morale & The Big Steppers [Photoshoot #4],Taken by Renell Medrano.,Digital,,Photoshoot,Used,https://ibb.co/rKM12CZC
Mr. Morale & The Big Steppers,Mr. Morale & The Big Steppers [Photoshoot #5],Taken by Renell Medrano.,Digital,,Photoshoot,Used,https://ibb.co/9HBnm1wn
Mr. Morale & The Big Steppers,Mr. Morale & The Big Steppers [Photoshoot #6],Additional photo taken by Renell Medrano. Not featured on their official website for some reason.,Digital,,Photoshoot,Used,
Mr. Morale & The Big Steppers,Mr. Morale & The Big Steppers [Photoshoot #7],Additional photo taken by Renell Medrano. Not featured on their official website for some reason.,Digital,,Photoshoot,Used,
Mr. Morale & The Big Steppers,The Heart Part 5,"Front cover of the single ""The Heart Part 5"".",Digital,,Front Cover,Used,https://i.ibb.co/5xRRFJ6H/AHOq17-FXv-VUbe-SBX8-RS379-BCJc-Gk-Dj3-IVqs3n5-Zoysg-AGGv8ua-FR9-Lws9-F3wn-M-0-Mpxc-Fo-Bqh-Skybhx-Hi.jpg
Mr. Morale & The Big Steppers,Kendrick Lamar for W Magazine,Taken by Renell Medrano.,Digital,,Photoshoot,Used,https://www.renellmedrano.com/kendrick-lamar-for-w-magazine
Mr. Morale & The Big Steppers,We Cry Together (Film Poster),"Official poster used for the short film of ""We Cry Together"".",Digital,,Promo Art,Used,https://ibb.co/x88c425p
Mr. Morale & The Big Steppers,We Cry Together (Q&A Poster),"Promotional poster used for a special Q&A of the short film of ""We Cry Together"".",Digital,,Promo Art,Used,https://ibb.co/KjS4cP6Y
Mr. Morale & The Big Steppers,We Cry Together (BTS Image #1),Behind the scenes images likely shared by Jake Shrier. The images were removed from his IG page at some point in time. Reposts of the images still exist in some form.,Digital,,Photoshoot,Unused,https://ibb.co/Q3rMZws8
Mr. Morale & The Big Steppers,We Cry Together (BTS Image #2),Behind the scenes images likely shared by Jake Shrier. The images were removed from his IG page at some point in time. Reposts of the images still exist in some form.,Digital,,Photoshoot,Unused,https://ibb.co/pvWzd8Xm
Mr. Morale & The Big Steppers,We Cry Together (BTS Image #3),Behind the scenes images likely shared by Jake Shrier. The images were removed from his IG page at some point in time. Reposts of the images still exist in some form.,Digital,,Photoshoot,Unused,https://ibb.co/xtq3mMdp
Mr. Morale & The Big Steppers,We Cry Together (BTS Image #4),Behind the scenes images likely shared by Jake Shrier. The images were removed from his IG page at some point in time. Reposts of the images still exist in some form.,Digital,,Photoshoot,Unused,https://ibb.co/B2nF5cmc
Mr. Morale & The Big Steppers,We Cry Together (BTS Image #4),Behind the scenes images likely shared by Jake Shrier. The images were removed from his IG page at some point in time. Reposts of the images still exist in some form.,Digital,,Photoshoot,Unused,https://ibb.co/gZZGTyCf
Mr. Morale & The Big Steppers,"Baby Keem - family ties
(with Kendrick Lamar)","Single cover for ""Family Ties""; reference to the good kid, m.A.A.d city cover.",Digital,,Front Cover,Used,https://a1.mzstatic.com/r40/Music125/v4/88/77/d5/8877d57f-71a3-0671-b838-16ea1e5f870b/886449507214.jpg
Mr. Morale & The Big Steppers,"Baby Keem - family ties [Alternate Cover]
(with Kendrick Lamar)",Recreation by Commandtechno of an alternate Family Ties cover featured in the family ties music video at 1:45.,Recreation,,Front Cover,Unused,https://i.ibb.co/4RRjpHgS/image.png
Mr. Morale & The Big Steppers,The Steppers Tour - Live From Paris (Amazon Original),"Cover for ""The Steppers Tour - Live From Paris"" EP.",Digital,,Front Cover,Used,https://m.media-amazon.com/images/I/7165-+qdnoL.jpg
Mr. Morale & The Big Steppers,"Anderson .Paak - Tints
(feat. Kendrick Lamar) (prod. Anderson .Paak & Om'Mas Keith)",Single cover for 'Tints' by Anderson .Paak,Digital,,Front Cover,Used,https://i.ibb.co/kVmDNc5M/tits.jpg
GNX,"Beyoncé - AMERICA HAS A PROBLEM (Remix)
(feat. Kendrick Lamar)","Front cover of the digital single ""Beyoncé - AMERICA HAS A PROBLEM (Remix) (feat. Kendrick Lamar)"".",Digital,,Front Cover,Used,https://a1.mzstatic.com/r40/Music126/v4/f3/2b/52/f32b5236-214c-ce40-6772-1a138bf7b493/196871157186.jpg
GNX,"The Hillbillies
(with Baby Keem)","Front cover of the digital single ""The Hillbillies (with Baby Keem)"".",Digital,,Front Cover,Used,https://a1.mzstatic.com/r40/Music126/v4/b2/20/02/b2200215-8de5-d34a-d38c-9de3392ebb26/196871200134.jpg
Drake vs. Kendrick Lamar,euphoria,"Front cover of the digital single ""euphoria"".",Digital,,Front Cover,Used,https://a1.mzstatic.com/r40/Music221/v4/c5/f5/d8/c5f5d812-ee54-9534-1e4c-bd78877d87ad/24UMGIM50373.rgb.jpg
Drake vs. Kendrick Lamar,6:16 in LA,"Front cover of the digital single ""6:16 in LA"".",Digital,,Front Cover,Used,https://i.ibb.co/cKWhjCmX/image.png
Drake vs. Kendrick Lamar,meet the grahams (YouTube),Full uncropped image taken from the YouTube video,Digital,,Front Cover,Used,https://i.ibb.co/7dt4jc1t/image.png
Drake vs. Kendrick Lamar,meet the grahams (DSPs),"Streaming cover for ""meet the grahams"". It's theorized to be blank due to complications regarding using others' personal information as a music cover.",Digital,,Front Cover,Used,https://a1.mzstatic.com/r40/Music221/v4/eb/a8/5f/eba85f8e-4b9f-72d5-02cb-70818f029d78/24UMGIM51923.rgb.jpg
Drake vs. Kendrick Lamar,Not Like Us,Cropped image taken from the streaming release.,Digital,,Front Cover,Used,https://a1.mzstatic.com/r40/Music221/v4/d0/ef/b6/d0efb685-73be-fdee-58c9-be655f4cd4fd/24UMGIM51924.rgb.jpg
Drake vs. Kendrick Lamar,Not Like Us,Full uncropped image taken from the YouTube video,Digital,,Front Cover,Used,"https://www.youtube.com/watch?v=T6eK-2OQtew
https://i.ibb.co/1JvdL4s8/AHOq17-G3h-OAp-SGIr2i-SYPK4-Lwikpgerx-Ud-Lgk-UDVjq-Q1v-Ev-Njs97l-Jf-Hk-Qg-Em1vy-Zy-LVOd-Pqfa-Mf-JHi.png"
Drake vs. Kendrick Lamar,"The Pop Out
(with Ken & Friends)",Full promotional image posted on pg-lang.com,Digital,,Front Cover,Used,"https://pg-lang.com/
https://pixvid.org/images/2025/09/28/U4m6z.png
"
Drake vs. Kendrick Lamar,"_
(Underscore, DEAR GOD, Watch The Party Die)",Full uncropped image taken from the eBay Listing,Digital,,Front Cover,Used,https://i.ibb.co/qM7brb8K/s-l1600.jpg
GNX,GNX,"Front cover for ""GNX"".",Digital,,Front Cover,Used,https://a1.mzstatic.com/r40/Music211/v4/50/c2/cc/50c2cc95-3658-9417-0d4b-831abde44ba1/24UM1IM28978.rgb.jpg
GNX,GNX [Back Cover],"Back cover for ""GNX"".",Scan,,Physical Packaging,Used,https://i.ibb.co/bMFhkBQF/s-blob-v1-IMAGE-T0n-DBFq2-By-E.jpg
GNX,GNX [Photoshoot #1],"One of the images taken during the ""GNX"" photoshoot. Used as Kendrick's profile picture on streaming services during this era.",Digital,,Back Cover,Used,https://i.abcnewsfe.com/a/084d2780-06db-4957-9fba-2482f533e77d/kendrick-lamar-2-ht-bb-241122_1732298929047_hpEmbed_9x11.jpg
GNX,GNX [Photoshoot #2],"One of the images taken during the ""GNX"" photoshoot.",Digital,,Back Cover,Used,https://i.abcnewsfe.com/a/be40bc89-b2dd-421c-a2a2-b0a47cca9ba2/kendrick-lamar-3-ht-bb-241122_1732298993753_hpEmbed_3x2.jpg
GNX,Grand National Tour,Poster image used for the Grand National Tour.,Digital,,Promo Art,Used,https://cdn.sanity.io/images/hfuq2qz6/production/3fdaad73f378cbdfdf0472516449d3c4d5effad6-4500x6300.jpg