Era,Name,Info/Notes,Length,Date,Type,,,Availability,Quality,Link(s)
"(as Tyler, The Creator, Thrash Polo)","Ace
(MySpace / Hypebeast / imeem Era)","(2004 - 2012)
This is an umbrella era for any song that isn’t on any album, while Ace was either still uploading music to his MySpace, Hypebeast & imeem accounts, or just whenever Ace was last used. Bruh who fucked up the alternating colours ;-;",,,,,,,,
vvvvvvvvvvvvv,Music Videos,, ,,,,,,,
Ace,"MF DOOM - HOE CAKES
(dir. Tyler, The Creator)","Random music video Tyler did, uploaded to his bloxhead YouTube",1:01,"Feb 29, 2008",Music Video,,,Full,Low Quality,https://www.youtube.com/watch?v=lnBYxwBDm2Q
Ace,"Sade - Like A Tattoo
(dir. Tyler, The Creator)","Music video for ""Like A Tattoo"" by Sade that was directed by Tyler, said to be his first ever music video made when he was 16. Apparently was up on MySpace too.",,,Music Video,,,Lost,Not Available,https://x.com/tylerthecreator/status/291718398163963904?t=1XGS63Zlf9vK-RUVIjCwqg&s=19
vvvvvvvvvvvvv,Never Recorded,, ,,,,,,,
Ace,"Dwele - Find A Way [Music Video]
(dir. Tyler, The Creator)","Tyler mentioned in a blogpost he would be recording a music video for ""Find A Way"" by Dwele, but it's unknown if he ever did so.",,,Music Video,,,Scrapped,Not Available,https://oddfuture.blogspot.com/2007/11/videos.html
Ace,"John Legend - Maxine [Music Video]
(dir. Tyler, The Creator)","Tyler mentioned in a blogpost he would be recording a music video for ""Maxine"" by John Legend, but it's unknown if he ever did so.",,,Music Video,,,Scrapped,Not Available,https://oddfuture.blogspot.com/2007/11/videos.html
"(as Tyler, The Creator)","The Odd Future Tape Vol. 1
(Collaboration with Odd Future)
(The FUCKING Tape)","(2007 - 2008)
The Odd Future Tape is the debut mixtape from Odd Future, released on November 16, 2008.",,,,,,,,
,Notable Performances,,,,,,,,,
The OF Tape Vol. 1,"Bubble Gum (Live)
(with Hodgy Beats & Left Brain)","Live performance of ""Bubble Gum"" with Hodgy & Tyler, played at a talent show and uploaded to YouTube on September 4th, 2008 on the bloxhead account. Has Left Brain as a hypeman.",,"Sep 4, 2008",Live Performance,,,Full,Low Quality,https://youtu.be/VwKZVzwDS5Y
The OF Tape Vol. 1,"Odd Toddlers (Live)
(with Hodgy Beats & Left Brain)","Live performance of ""Odd Toddlers,"" played at a talent show and uploaded to YouTube on September 5th, 2008 on the bloxhead account. Has a freestyle from Tyler as the outro and has Hodgy & Left Brain as hypemen.",,"Sep 5, 2008",Live Performance,,,Full,High Quality,https://youtu.be/iXWAXmTCAmA
The OF Tape Vol. 1,"Back For Another One (Live)
(with Casey Veggies)","Live performance of ""Back For Another One"" by Casey Veggies & Tyler, played in a gymnasium or cafeteria and uploaded to YouTube on September 6th, 2008 on the bloxhead account.",,"Sep 6, 2008",Live Performance,,,Full,Low Quality,https://youtu.be/VMy0l3pYmWM
,Other,,,,,,,,,
The OF Tape Vol. 1,Puppy Love,"Short film posted onto YouTube on August 25th, 2008 on the bloxhead account. Description says, ""Gorge Finds his Wife Bunny Fucking Darkness In His Bed, Reveles The Secreat That he's Fucking Her Kangaroo Sister And kills All Three Of Them.""",4:31,"Aug 25, 2008",Film,,,Full,High Quality,https://youtu.be/XMD24DByWTc
The OF Tape Vol. 1,Black Guy Eats Parsnips With McCain,"bloxhead video, posted to YouTube on November 3rd, 2008.",2:02,"Nov 3, 2008",Film,,,Full,Low Quality,https://youtu.be/Agpnxd-ajLA
The OF Tape Vol. 1,Jesus Eats Jello With Obama,"bloxhead video, posted to YouTube on November 3rd, 2008.",0:35,"Nov 3, 2008",Film,,,Full,Low Quality,https://youtu.be/uF19x59R9SU
The OF Tape Vol. 1,Odd Future [Magazine],"Pages posted on the Odd Future Wordpress, physical copies possibly exist.",,,Book,,,Partial,Low-Res,https://oddfuture.wordpress.com/
"(as Tyler, The Creator)",The Au79,"(2008 - 2009)
The Au79 was a Jazz instrumental album Tyler worked on from around 2008 to 2009, promotion was uploaded on his Vimeo account using the Untitled 63 beat.",,,,,,,,
,Music Videos,,,,,,,,,
The Au79,"AU79
(Untitled 63)","Song from an unreleased Tyler project, later reused on Goblin as a bonus track under the name ""Untitled 63."" Tyler describes it as ""Some Instrumental I Made. Why Not Make A Video With Clips OF Jazz Artist Playing It.""",1:16,"Mar 16, 2009",Music Video,,,Full,Low Quality,https://vimeo.com/3719548
"(as Tyler, The Creator)",,"(2009)
Bastard is Tyler's first mixtape and his debut studio album, released on December 25, 2009. An updated version of this album was released on the same day in 2010. Likely started in September of 2009. Something to note, he completely stopped playing songs from this album live in 2016 & wouldn't play anything from it until 2024 with Coachella.",,,,,,,,
,Music Videos,,,,,,,,,
Bastard,Bastard,"Music video for Bastard, probably the shortest (actual music video) out of all of them. This video was recorded at ""The Trap,"" the studio where Tyler recorded Bastard.",0:31,"Jan 1, 2010",Music Video,,,Full,High Quality,https://www.youtube.com/watch?v=aW2lDWAIcwc
Bastard,French!,Music video for French! that's pitched down and only contains the first verse and chorus.,1:40,"Jan 16, 2010",Music Video,,,Full,High Quality,https://www.youtube.com/watch?v=fk68dCUQjzE
Bastard,VCR,"Music video for VCR, is slowed down and doesn't contain Wheels. Also has ""Let's Dance"" playing in the background at one point, which he said ""might never release"" (check the released tab). Fun fact: This video was recorded in Syd's basement.",3:19,"May 29, 2010",Music Video,,,Full,High Quality,https://www.youtube.com/watch?v=W_yjHfAyh80
,Never Recorded,,,,,,,,,
Bastard,Pigs Fly [Music Video],"Tyler stated express interest and certainty in this music video being recorded, but it never happened.",,,Music Video,,,Scrapped,Not Available,
Bastard,Blow [Music Video],"Tyler stated express interest and certainty in this music video being recorded, but it never happened.",,,Music Video,,,Scrapped,Not Available,
"(as Tyler, The Creator)",,"(2009 - 2011)
Goblin is Tyler's second studio album, released on May 10, 2011. This album is an attempt to expand upon the style that Bastard had, but falls short. Even Tyler himself says this is his worst album.",,,,,,,,
,Music Videos,,,,,,,,,
Goblin,Yonkers,"Music video for Yonkers, notable for starting Tyler's career and for being one of Tyler's most popular with 144M views. ",3:05,"Feb 10, 2011",Music Video,,,Full,CD Quality,https://www.youtube.com/watch?v=XSbZidsgMfw
Goblin,She,"Music video for She, features Frank Ocean.",4:35,"Jun 3, 2011",Music Video,,,Full,CD Quality,https://www.youtube.com/watch?v=mFNaFeIm4bU
Goblin,Bitch Suck Dick,"Music video for Bitch Suck Dick, features Jasper Dolphin & Taco.",3:55,"Oct 11, 2011",Music Video,,,Full,CD Quality,https://www.youtube.com/watch?v=-3-NcRXK-s4
Goblin,Pusha T - Trouble On My Mind,"Music video for Trouble On My Mind by Pusha T, features Tyler.",3:53,"Jul 20, 2011",Music Video,,,Full,CD Quality,https://www.youtube.com/watch?v=2GKL_ZoJQjc
,Promotional Material,,,,,,,,,
Goblin,"Goblin (Promo)
(Little Goblins)","Promotional video for ""Goblin,"" features Esmerelda (Chloe Clancy) and three midgets in costume.",0:30,"May 15, 2011",Film,,,Full,CD Quality,https://youtu.be/KO5ItBGxCtc
,Never Recorded,,,,,,,,,
Goblin,Radicals [Music Video],"Tyler wanted to record a music video for ""Radicals"" but was cancelled.",,,Music Video,,,Scrapped,Not Available,
,Notable Performances,,,,,,,,,
Goblin,Sandwitches (Live),"Live performance of ""Sandwitches"" that was performed at the House of Blues, this is where Tyler got his foot injury where he would later record Nilbog.",6:25,"Jun 18, 2011",Live Performance,,,Full,Low Quality,https://www.youtube.com/watch?v=sB63smNtbfw
,Other,,,,,,,,,
Goblin,Ustream,All available ustream's. If you have any other streams please make it known through the discord <3.,,2011 - 2012,Film,,,Partial,Low Quality,https://pixeldrain.com/l/ZPHzPk5f
"(as Tyler, The Creator)","The Odd Future Tape Vol. 2
(Collaboration with Odd Future)","(2010 - 2012)
The OF Tape Vol. 2 is the debut album and second installation to the Odd Future Tape series, released on March 20th, 2012.",,,,,,,,
,Music Videos,,,,,,,,,
The OF Tape Vol. 2,Rella,"Music video for Rella, features Hodgy Beats & Domo Genesis.",3:28,"Feb 20, 2012",Music Video,,,Full,CD Quality,https://www.youtube.com/watch?v=fN-xq7t6pKw
The OF Tape Vol. 2,NY (Ned Flanders),"Music video for NY (Ned Flanders), features Hodgy Beats.",2:22,"Mar 5, 2012",Music Video,,,Full,CD Quality,https://www.youtube.com/watch?v=gdpKPSjQ37Y
The OF Tape Vol. 2,Oldie,"Music video for Oldie, features a lot Odd Future memebers.",10:37,"Mar 20, 2012",Music Video,,,Full,CD Quality,https://www.youtube.com/watch?v=fzi24Nssiow
The OF Tape Vol. 2,Sam (Is Dead),"Music video for Sam (Is Dead), features Domo Genesis.",6:41,"Jun 28, 2012",Music Video,,,Full,CD Quality,https://www.youtube.com/watch?v=i7qaLXEnrUE
"(as Tyler, The Creator)",,"(Mid 2012 - Early 2013)
Wolf is Tyler's third studio album, released on April 1, 2013. This album is a big departure from his earlier work because he didn't want to be talking about the same stuff he used to, ""Talking about rape and cutting bodies up, it just doesn't interest me anymore... what interests me is making weird hippie music for people to get high to.""",,,,,,,,
,Music Videos,,,,,,,,,
WOLF,Domo23 / Bimmer,Music video for Domo23 & Bimmer. Features Domo Genesis on the Domo23 portion.,4:36,"Feb 14, 2013",Music Video,,,Full,CD Quality,https://www.youtube.com/watch?v=o4OD3IHs5jU
WOLF,IFHY / Jamba,Music video for IFHY & Jamba.,4:34,"Mar 29, 2013",Music Video,,,Full,CD Quality,https://www.youtube.com/watch?v=3lDqMx4rmFU
WOLF,Tamale / Answer,"Music video for Tamale & Answer, features Pharrell on the Answer portion.",4:31,"Oct 7, 2013",Music Video,,,Full,CD Quality,https://www.youtube.com/watch?v=OxlJLz9M8hQ
WOLF,Tamale (Uncensored),"Uncensored version of ""Tamale"" with footage of Tyler & (either another Tyler or a friend) in blackface, smashing a watermelon and dancing around it in a classroom with someone watching it and a goat walking around. Was apparently never released but some say they've seen it before. Here is a video of Tyler talking about this scene.",,,Music Video,,,Rumored,Not Available,
WOLF,Earl Sweatshirt - Woah,"Music video for Woah by Earl Sweatshirt, features Tyler.",3:22,"Mar 11, 2013",Music Video,,,Full,CD Quality,https://www.youtube.com/watch?v=anRkutaPS9w
,Promotional Material,,,,,,,,,
WOLF,WOLF Movie (Trailer),"Trailer for the WOLF Movie. The movie doesn't exist and this trailer was only made because Tyler was bored. Has an alternate intro for ""Rusty"" with backing vocals from Syd.",0:55,"Sep 2, 2013",Promo,,,Full,CD Quality,https://youtu.be/E-RGKEx3CN4
WOLF,WOLF Documentary,Documentary on the making of WOLF.,29:56,,Film,,,Full,Low Quality,https://www.youtube.com/watch?v=lAD9ZFAcN7I
,Never Recorded,,,,,,,,,
WOLF,Cowboy / Partyisntover [Music Video],"Tyler stated on his freeperm account that ""i want to do cowboy video next so bad fuck"". It's unknown if this was ever actually recorded. Would've been combined with a Partyisntover video.",,,Music Video,,,Scrapped,Not Available,
WOLF,"Treehome95
(feat. Roy Ayers, Coco O. & Erykah Badu)","Tyler wanted to feature Roy Ayers on Treehome95 for a WOLF Vinyl exclusive, sadly never got recorded.",,,Other,,,Scrapped,Not Available,
,Notable Performances,,,,,,,,,
WOLF,Live At Splash!,"Tyler's first live album, recorded at Splash! Music Festival in Germany and released onto streaming services in the EU on September 2nd, 2013.",1:01:27,"Sep 2, 2013",Live Performance,,,Full,High Quality,https://youtu.be/E-RGKEx3CN4
,Other,,,,,,,,,
WOLF,WOLF (Physical Assets),"Includes a DVD for the WOLF Documentary, a cassette tape of Girl45 and Answer and the making of Girl45 video. Everything in this folder (besides the making of Girl45 & Jamba Video) were supposed to be apart of a deluxe sell that would be limited to 100 copies but never happened due to the Wolf Documentary leaking. https://www.billboard.com/music/music-news/tyler-the-creator-wolf-documentary-watch-6319542/",,,Other,,,Full,High Quality,https://pixeldrain.com/l/pHhvecgu
"(as Tyler, The Creator)",,"(2013 - 2015)
Cherry Bomb is Tyler's fourth studio album, released on April 9, 2015. Was heavily influenced by N.E.R.D, and more specifically, their 2001 album, In Search Of. This album was also known as CHUR BUM & Buffalo during its creation.",,,,,,,,
,Music Videos,,,,,,,,,
Cherry Bomb,FUCKING YOUNG / DEATHCAMP,Music video for FUCKING YOUNG & DEATHCAMP.,6:29,"Apr 9, 2015",Music Video,,,Full,CD Quality,https://www.youtube.com/watch?v=SCcVrLcGD7k
Cherry Bomb,BUFFALO / FIND YOUR WINGS,"Music video for BUFFALO & FIND YOUR WINGS that got removed from the OFWGKTA page because Tyler didn't like the song, several reuploads exist. Contains an alternate mix of the song with an alternate intro.",5:31,"Oct 1, 2015",Music Video,,,Full,CD Quality,https://youtu.be/gaWzkmfr0mc?si=cBtWpAJvJ7LNI-fe
Cherry Bomb,PERFECT,"Music video for PERFECT that's slowed / pitched down -500 cents, features Kali Uchis and Austin Feinstein.",2:39,"Feb 8, 2016",Music Video,,,Full,CD Quality,https://www.youtube.com/watch?v=XIqVCJWSoeE
Cherry Bomb,PERFECT [GOLF MEDIA VERSION],"Alternate music video for PERFECT, that has alternate takes",,INFO NEEDED,Music Video,,,Full,CD Quality,https://pixeldrain.com/u/z3XE5Hgp
Cherry Bomb,"WHAT THE FUCK RIGHT NOW
(feat. A$AP Rocky)","Music video for WHAT THE FUCK RIGHT NOW, features A$AP Rocky.",3:52,"Mar 3, 2016",Music Video,,,Full,CD Quality,https://www.youtube.com/watch?v=oCd6SQ67k-Y
,Promotional Material,,,,,,,,,
Cherry Bomb,Cherry Bomb Documentary,"Documentary on the making of Cherry Bomb, made by Illegal Civ.",42:55,,Film,,,Full,CD Quality,https://www.youtube.com/watch?v=adqH75zeiKk
Cherry Bomb,FLOGNAW MOTORS,"Promotional video for the 3rd Annual Camp Flog Gnaw Carnival, also shows off a raffle for the car in the video.",1:37,"Nov 3, 2014",Video,,,Full,CD Quality,https://www.youtube.com/watch?v=rLyqCPR_4Qg
Cherry Bomb,GOLF MEDIA,Promotional video for the GOLF MEDIA app.,1:24,"Jun 1, 2025",Promo,,,Full,CD Quality,https://www.youtube.com/watch?v=oe8d1cdZGNw
Cherry Bomb,ROCKY AND TYLER,Video of Tyler & A$AP Rocky announcing their joint tour with special guests Danny Brown & Vince Staples.,1:43,"Sep 16, 2015",Video,,,Full,CD Quality,https://www.youtube.com/watch?v=xT62uGlpXM0
,Interviews,,,,,,,,,
Cherry Bomb,LIFTOFF106 [Interview],Interview with LIFTOFF106.,34:48,"Nov 2, 2014",Interview,,,Full,CD Quality,https://www.youtube.com/watch?v=VkXjNGRbt5c
Cherry Bomb,"Pharrell x Tyler, The Creator @ Camp Flog Gnaw 2014 [Interview]","Interview between Pharrell Williams & Tyler, The Creator at Camp Flog Gnaw 2014.",4:30,"Nov 13, 2014",Interview,,,Full,CD Quality,https://www.youtube.com/watch?v=iV3vS9RKnIM
Cherry Bomb,Dash Radio [Interview],Interview with Dash Radio.,2:10:29,"Nov 18, 2014",Interview,,,Full,CD Quality,https://youtu.be/88jTSVAHVKc
Cherry Bomb,Code Media [Interview],Interview with Code Media.,31:00,"Mar 1, 2015",Interview,,,Full,CD Quality,https://www.youtube.com/watch?v=YTMIVWGDKOI
Cherry Bomb,Tavis Smiley Talk Show [Interview],Interview with Tavis Smiley.,12:09,"Apr 15, 2015",Interview,,,Full,CD Quality,https://www.youtube.com/watch?v=u57LSJO5Ozs
Cherry Bomb,Hypothetical Situations [Interview],Interview with Hypothetical Situations.,3:55,"Apr 17, 2015",Interview,,,Full,CD Quality,https://youtu.be/uTkL0AbmAXc
Cherry Bomb,Big Boy TV [Inteview],The first interview with Big Boy TV.,50:10,"Apr 21, 2015",Interview,,,Full,CD Quality,https://www.youtube.com/watch?v=MZ3ldEy4x2U
Cherry Bomb,"Vince Staples - Real Late With Peter Rosenberg
(with Tyler, The Creator)","Vince Staples interview with Real Late w/ Rosenberg, features Tyler, The Creator.",23:04,"Jun 15, 2015",Interview,,,Full,CD Quality,https://youtu.be/RpkBkiQXYsY
Cherry Bomb,Real Late With Peter Rosenberg [Interview],Interview with Real Late w/ Rosenberg.,29:59,"Jun 15, 2015",Interview,,,Full,CD Quality,https://www.youtube.com/watch?v=2Ie565eX_ZE
Cherry Bomb,Ivani OnAir [Interview],Interview with Ivani OnAir.,8:08,"Jun 26, 2015",Interview,,,Full,CD Quality,https://www.youtube.com/watch?v=fJWnvdMVvMg
Cherry Bomb,"Nardwuar vs. Tyler, The Creator (2015) [Interview]","The second interview between Narduar and Tyler, The Creator filmed before Fvded in the Park in Surrey, BC Canada.",20:37,"Jul 8, 2015",Interview,,,Full,CD Quality,https://www.youtube.com/watch?v=WNrrzQ6_zh0
Cherry Bomb,777TV [Interview],Two-part interview with 777TV.,,"Aug 17, 2015",Interview,,,Full,CD Quality,"https://www.youtube.com/watch?v=tjoWzgksSh4
https://www.youtube.com/watch?v=dpxHMhGvi8w"
Cherry Bomb,HIPHOPLE [Interview],Interview with HIPHOPLE.,,"Sep 23, 2015",Interview,,,Full,CD Quality,https://www.youtube.com/watch?v=TzgRQB-VvDg
Cherry Bomb,Big Boy TV [Inteview],The second interview with Big Boy TV.,,"Nov 12, 2015",Interview,,,Full,CD Quality,https://www.youtube.com/watch?v=pdWthYDbd_0
Cherry Bomb,Golf Media: A$AP Rocky [Interview],Interview between Tyler & A$AP Rocky for Golf Radio.,,2015/2016,Interview,,,Full,CD Quality,https://www.youtube.com/watch?v=YV1Azt5r0ak
Cherry Bomb,Golf Media: Vince Staples [Interview],Interview between Tyler & Vince Staples for Golf Radio.,,2015/2016,Interview,,,Full,CD Quality,https://www.youtube.com/watch?v=592mxsiy_Ug
Cherry Bomb,"i-D Meets: Tyler, The Creator and Mikey Alfred [Interview]","Interview between Tyler & Mikey Alfred for ""i-D Meets"".",3:52,"Feb 18, 2016",Interview,,,Full,CD Quality,https://www.youtube.com/watch?v=TDQ4loOYm0Y
Cherry Bomb,Afro Punk 2016 [Interview],An interview that happened right before his performance at Afro Punk 2016,13:34,"Aug 27, 2016",Interview,,,Full,CD Quality,https://www.youtube.com/watch?v=6VWu6r6DHzI
Cherry Bomb,Bootleg Kev [Interview],"Interview, idk more info",,,,,,Full,CD Quality,https://www.youtube.com/watch?v=kNLM7U59Wq0
,Never Recorded,,,,,,,,,
Cherry Bomb,"2SEATER
(feat. Rick Ross)","According to Tyler, he wanted Rick Ross to contribute on ""2SEATER"" but he ended up writing ""a string section and recorded it at Hans Zimmer's studio with some players.""",,,Other,,,Scrapped,Not Available,https://x.com/tylerthecreator/status/587663238055141377
Cherry Bomb,BLOW MY LOAD [Music Video],"Tyler had the idea for the BLOW MY LOAD music video to be ""one of those call girl videos.""",,,Music Video,,,Scrapped,Not Available,
Cherry Bomb,"CHERRY BUM [Music Video]
(CHERRY BOMB [Music Video])","Mentioned on the freeperm archive 21 Oct, 2015. Unknown if it was ever recorded",,"Oct 21, 2015",Music Video,,,Scrapped,Not Available,
Cherry Bomb,KEEP DA O'S [Music Video],"Planned music video for KEEP DA O'S which never came to fruition, Tyler said he wanted a montage-style video for this song.",,,Music Video,,,Scrapped,Not Available,
Cherry Bomb,PILOT [Music Video],Mentioned on the freeperm archive multiple times in 2016. Unknown if it was ever recorded.,,,Music Video,,,Scrapped,Not Available,
Cherry Bomb,RUN [Music Video],"Mentioned on the freeperm archive 21 Oct, 2015. Unknown if it was ever recorded",,"Oct 21, 2015",Music Video,,,Scrapped,Not Available,
Cherry Bomb,SMUCKERS [Music Video],"Mentioned on the freeperm archive 21 Oct, 2015. Was apparently scrapped because ""KANYE IS HONEY DICKING ME SO NO SMUCKERS PROLLY""
""BUT LOWKEY I CAN JUST DO ME AND WAYNE VERSE"".",,"Oct 21, 2015",Music Video,,,Scrapped,Not Available,
Cherry Bomb,THE BROWN STAINS OF DARKEESE LATIFAH PART 6-12 (Remix) [Music Video],Mentioned on the freeperm archive multiple times in 2016. Unknown if it was ever recorded.,,,Music Video,,,Scrapped,Not Available,
,Other,,,,,,,,,
Cherry Bomb,GolfWang Behind The Scenes,Random BTS video for GolfWang,,,Other,,,Full,High Quality,https://archive.org/details/nuts-and-bolts-golf-media/Nuts+%26+Bolts+(Golf+Media)/Nuts+and+Bolts+-+INSIDE+GOLF+WANG.mp4
Cherry Bomb,Behind The Scenes Videos,"Behind the Scenes videos for the following music videos:

- BUFFALO
- DEATHCAMP
- FIND YOUR WINGS
- FUCKING YOUNG",,,Other,,,Full,High Quality,https://www.mediafire.com/folder/c6gjafith2ygc/new+folder
Cherry Bomb,Behind The Scenes Photos,"Behind the Scenes photos of the following music videos:

- Yonkers
- IFHY
- Sam (Is Dead)
- Felicia The Goat (Commercial)
- FUCKING YOUNG / DEATHCAMP
- PERFECT
- FIND YOUR WINGS",,,Other,,,Full,High Quality,https://www.mediafire.com/file/ejqakaq8hlja7xr/Behind_The_Scenes_Photos.zip/file
Cherry Bomb,BUFFALO (Live Visuals),Video that played in the background when Tyler played BUFFALO during Camp Flog Gnaw 2015.,,,Other,,,Snippet,High Quality,https://pixeldrain.com/l/5bKZjsVk#item=0
Cherry Bomb,rockyandtyler.com,Official website for the Rocky and Tyler Tour.,,,Other,,,Full,High Quality,https://web.archive.org/web/20151006021242/http://rockyandtyler.com/
Cherry Bomb,The Jellies! (GOLF Media Version),"This version contains 8 episodes and some differences, the main one being that Cornell Jelly is white. Tyler as stated that ""there is not enough black cartoon characters on TV, he wants Cornell to be the leader, not the comic relief or the side character, and not portray black stereotypes like “having a gun"" or “playing basketball.”",,,Other,,,Full,High Quality,https://archive.org/details/the_jellies_golf_media
"(as Tyler, The Creator)","Flower Boy
(Scum Fuck Flower Boy [V2])","(2016 - 2017)
Flower Boy is Tyler's fifth studio album, leaked on July 10th, 2017 and released on July 21st, 2017.",,,,,,,,
,Music Videos,,,,,,,,,
Flower Boy,Who Dat Boy / 911 [Music Video],"Music video for Who Dat Boy & 911, features A$AP Rocky. It's also the first music video on the solo YouTube channel.",3:47,"Jun 29, 2017",Music Video,,,Full,CD Quality,https://www.youtube.com/watch?v=FUXX55WqYZs
Flower Boy,See You Again / Where This Flower Blooms [Music Video],"Music video for See You Again & Where This Flower Blooms, features Kali Uchis.",3:23,"Aug 8, 2018",Music Video,,,Full,CD Quality,https://www.youtube.com/watch?v=TGgcC5xg9YI
Flower Boy,Boredom [Music Video],"Music video for ""Boredom"" that apparently has a Vince Staples cameo, confirmed to exist and is apparently had.",,,Music Video,,,Confirmed,Not Available,
Flower Boy,PILLOW TALK REMIX,"Music Video Tyler's remix of ""PILLOWTALK"" by ZAYN. Made in February 2016.",2:57,"Jun 21, 2016",Music Video,,,Full,High Quality,https://youtu.be/BFLP9XzFrq0
Flower Boy,"The Internet - Palace / Curse
(feat. Tyler, The Creator)","Music Video for The Internet's ""Palace / Curse"" featuring Tyler. If you find the OG please make it known in the discord <3.",,,Music Video,,,Full,High Quality,https://www.youtube.com/watch?v=8B6ZkT8j_V8
,Notable Performances,,,,,,,,,
Flower Boy,GOLF Fashion Show 2016,"Runaway show for GOLF, contains early version of ""911"".",,"Jun 16, 2016",Live Performance,,,Full,CD Quality,https://www.youtube.com/watch?v=IrdzbRTk1n4
Flower Boy,NPR Music Tiny Desk Concert,"Live performance of Tyler's Tiny Desk performance, performed on December 11th, 2017.",,"Dec 11, 2017",Live Performance,,,Full,CD Quality,https://www.youtube.com/watch?v=N1w-hDiJ4dM&t=1277s
Flower Boy,Live at Camp Flog Gnaw 2018,"Live performance of Tyler's set at Camp Flog Gnaw, performed on November 11th, 2018.",57:38,"Nov 11, 2018",Live Performance,,,Full,CD Quality,https://www.youtube.com/watch?v=J0yJusLmQIc
,Interviews,,,,,,,,,
Flower Boy,The Late Show with Stephen Colbert,"Interview between Stephen Colbert & Tyler, The Creator filmed during The Late Show.",5:11,"Jul 25, 2017",Interview,,,Full,CD Quality,https://www.youtube.com/watch?v=Vorc3xaggUI
Flower Boy,"Spark Radio
(with KOM_I)","Interview between KOM_I & Tyler, The Creator.",7:25,"Oct 27, 2017",Interview,,,Full,CD Quality,https://www.youtube.com/watch?v=8UMYtJwytug
Flower Boy,FLOWER BOY: a conversation,"Interview between Jerrod Carmichael & Tyler, The Creator.",58:19,"Jan 22, 2018",Interview,,,Full,CD Quality,https://www.youtube.com/watch?v=WrcwcMIYpQg
,Never Recorded,,,,,,,,,
Flower Boy,"Who Dat Boy
(feat. ScHoolboy Q)","""Who Dat Boy"" was originally supposed to feature ScHoolboy Q according to a tweet made in both August 2017 & February 2024.",,,Other,,,Scrapped,Not Available,https://x.com/ScHoolboyQ/status/1762731960848547858
Flower Boy,"John Ross
(feat. Kanye West & Nicki Minaj)
(I Ain't Got Time!)","Early version of ""I Ain't Got Time"" from The Life Of Pablo sessions, but the song went by an alternate name at the time. According to an interview, Tyler showed the beat to Kanye West and Nicki Minaj, but Kanye didn't like the beat and Nicki couldn't think of what to write.",,,Other,,,Scrapped,Not Available,
Flower Boy,"November
(feat. Playboi Carti)","On FLOWER BOY: a conversation, Tyler mentions that he wanted Playboi Carti on November.",,,Other,,,Scrapped,Not Available,
,Other,,,,,,,,,
Flower Boy,"Golf Media Freestyle
(feat. A$AP Rocky)","Freestyle between Tyler & Rocky over a beat that was meant to be sent to Diddy and Rick Ross, but never got sent.",,"Mar 16, 2016",Freestyle,,,Full,Recording,https://youtu.be/Q3OoChJR7es
Flower Boy,"Golf Media Livestream
(feat. A$AP Rocky)",Documentary of Tyler and Rocky in the studio.,6:18,"Mar 16, 2016",Video,,,Full,High Quality,https://www.youtube.com/watch?v=ixWqb7SmSV8
Flower Boy,"THE GREATEST COOKING SHOW OF ALL TIME
(Eggos with Cinnamon)","Episode 4 of Bonnie Lalich's ""The Greatest Cooking Show Of All Time"" show.",4:18,"May 4, 2016",Video,,,Full,High Quality,https://www.youtube.com/watch?v=Ptdflx9bZjY
Flower Boy,"911 Messing Around
(feat. Steve Lacy & Anna of the North)","A video of Tyler playing 911 on piano backstage, features Steve Lacy & Anna of the North.",2:14,"Jul 25, 2017",Video,,,Full,High Quality,https://www.youtube.com/watch?v=tEkIR9wDmkU
Flower Boy,"SEE YOU AGAIN (ACOUSTIC VERSION)
(feat. Kali Uchis)","A video of Tyler playing See You Again on piano backstage at the Tonight show with Jimmy Fallon, Kali Uchis.",1:42,"Oct 7, 2017",Video,,,Full,High Quality,https://www.youtube.com/watch?v=UHP76Ui-Egc
Flower Boy,ZIPLOC,"Tyler rapping the lyrics to ""ZIPLOC.""",,,Video,,,Full,High Quality,https://www.youtube.com/watch?v=SdZGpsoCsrc
"0 OG File(s)
1 Full
0 Tagged
0 Stem Bounce(s)
0 Partial
0 Snippet(s)
0 Unavailable","WANG$AP
(Collaboration with A$AP Rocky)
(DON'T TAP THE GLASS)","(2017 - 2019)
WANG$AP is the planned collaboration album between Tyler & A$AP Rocky that started during the Flower Boy sessions, however was never officially released. Tyler later revealed that he wanted their duo name to be ""Don't Tap The Glass"".",,,,,,(Shoutout to the A$AP Rocky Tracker for all of this information),,
,Music Videos,,,,,,,,,
WANG$AP,Potato Salad [Music Video],"Music video for Potato Salad, features A$AP Rocky.",3:15,"Jul 23, 2018",Music Video,,,Full,CD Quality,https://www.youtube.com/watch?v=93M1QtYDtpU
"0 OG File(s)
30 Full
0 Tagged
0 Stem Bounce(s)
1 Partial
0 Snippet(s)
2 Unavailable",,"(2017 - 2019)
IGOR is Tyler's sixth studio album, being his most popular release to date. Released on May 17, 2019, this album is widely considered as one of Tyler's best, and has even earned himself a Grammy for Best Rap Album of 2019. Something to note, IGOR was first mentioned by Tyler on his freeperm Twitter on March 11th, 2014.",,,,,,,,
,Music Videos,,,,,,,,,
IGOR,OKRA [Music Video],Music video for OKRA.,2:30,"Mar 29, 2018",Music Video,,,Full,CD Quality,https://www.youtube.com/watch?v=jQNazsWnQKU
IGOR,435 [Music Video],Music video for 435.,1:32,"May 22, 2018",Music Video,,,Full,CD Quality,https://www.youtube.com/watch?v=SQsPvrev_bQ
IGOR,IGOR'S THEME [Promo],"Music video for IGOR'S THEME, first teaser for IGOR. Doubles as promo for the album.",0:50,"May 1, 2019",Music Video,,,Full,CD Quality,https://www.youtube.com/watch?v=CEVXcP3VC3Y
IGOR,WHAT'S GOOD [Promo],"Music video for WHAT'S GOOD, second teaser for IGOR. Doubles as promo for the album.",0:49,"May 3, 2019",Music Video,,,Full,CD Quality,https://www.youtube.com/watch?v=paOZTlqI1wk
IGOR,NEW MAGIC WAND [Promo],"Music video for NEW MAGIC WAND, fourth & final teaser for IGOR. Doubles as promo for the album.",0:47,"May 14, 2019",Music Video,,,Full,CD Quality,https://www.youtube.com/watch?v=h0i3QO_9_8s
IGOR,EARFQUAKE [Music Video],"Music video for EARFQUAKE, features Playboi Carti, most notable for being one of Tyler's most popular with 140M views.",4:26,"May 17, 2019",Music Video,,,Full,CD Quality,https://www.youtube.com/watch?v=HmAsUQEFYGI
IGOR,A BOY IS A GUN* [Music Video],"Music video for A BOY IS A GUN*, has a teaser from May 13, 2019.",3:54,"Sep 16, 2019",Music Video,,,Full,CD Quality,https://www.youtube.com/watch?v=9JQDPjpfiGw
IGOR,I THINK [Music Video],Music video for I THINK.,1:58,"Oct 24, 2019",Music Video,,,Full,CD Quality,https://www.youtube.com/watch?v=rkRdgFvuiYk
IGOR,BEST INTEREST [Music Video],Music video for BEST INTEREST.,2:14,"Dec 23, 2019",Music Video,,,Full,CD Quality,https://www.youtube.com/watch?v=NkMTKGM-efw
IGOR,EARFQUAKE [Alternate Music Video],"Alternate version of the ""EARFQUAKE"" music video, rumoured to possibly be a visualiser for NEW MAGIC WAND.",,,Music Video,,,Partial,High Quality,https://www.youtube.com/watch?v=6lMSyb1n2pI
IGOR,"Kali Uchis - After The Storm
(feat. Tyler, The Creator)","Music video for Kali Uchis' ""After The Storm"", featuring Tyler as a piece of grass. Thank you Tyler, very cool!",3:29,"Jan 26, 2018",Music Video,,,Full,CD Quality,https://www.youtube.com/watch?v=9f5zD7ZSNpQ
,Promotional Material,,,,,,,,,
IGOR,IGOR'S THEME [Promo],"Music video for IGOR'S THEME, first teaser for IGOR. Doubles as promo for the album.",0:50,"May 1, 2019",Promo,,,Full,CD Quality,https://www.youtube.com/watch?v=CEVXcP3VC3Y
IGOR,WHAT'S GOOD [Promo],"Music video for WHAT'S GOOD, second teaser for IGOR. Doubles as promo for the album.",0:49,"May 3, 2019",Promo,,,Full,CD Quality,https://www.youtube.com/watch?v=paOZTlqI1wk
IGOR,A BOY IS A GUN* [Promo],"Teaser for the A BOY IS A GUN* music video, also third teaser for IGOR.",0:28,"May 13, 2019",Promo,,,Full,CD Quality,https://www.youtube.com/watch?v=hoq-IBivKnM
IGOR,NEW MAGIC WAND [Promo],"Music video for NEW MAGIC WAND, fourth & final teaser for IGOR. Doubles as promo for the album.",0:47,"May 14, 2019",Promo,,,Full,CD Quality,https://www.youtube.com/watch?v=h0i3QO_9_8s
IGOR,BANANA,"First promotional video for Gianno by Converse & le FLEUR*, scored by Tyler, The Creator.",0:26,"Nov 8, 2019",Promo,,,Full,CD Quality,https://www.youtube.com/watch?v=KbRYMhT9xsY
IGOR,HIKING,"Second promotional video for Gianno by Converse & le FLEUR*, scored by Tyler, The Creator.",0:25,"Nov 8, 2019",Promo,,,Full,CD Quality,https://www.youtube.com/watch?v=suW8gatBsWA
IGOR,GOLF: Autumn/Winter 2018,Promotional video showcase for GOLFWANG: FW2018.,9:09,"Dec 14, 2018",Video,,,Full,CD Quality,https://www.youtube.com/watch?v=ph2yCQxDk7w
IGOR,GOLF: Spring/Summer 2019,"Promotional video showcase for GOLFWANG: SS2019, contains instrumental to Glitter.",7:14,"Jun 27, 2019",Video,,,Full,CD Quality,https://www.youtube.com/watch?v=G4QqVVKfsAY
IGOR,Lacoste x le FLEUR* ,Promotional video for Lacoste x le FLEUR*.,0:44,"Jul 8, 2019",Promo,,,Full,CD Quality,https://www.youtube.com/watch?v=N5mJ3p-0_q4
,Interviews,,,,,,,,,
IGOR,Zane Lowe [Interview],Interview with Zane Lowe & Apple Music.,52:00,"Jul 18, 2019",Interview,,,Full,CD Quality,https://www.youtube.com/watch?v=5pIpVK3Gecg
IGOR,Funkmaster Flex [Interview],Interview and freestyle with Funkmaster Flex & HOT 97.,1:36:20,"Jul 25, 2019",Interview,,,Full,CD Quality,https://www.youtube.com/watch?v=gz1DBeX4fGA
IGOR,"Broken Record: Tyler, The Creator & Rick Rubin Discuss IGOR [Interview]","Interview with Rick Rubin recorded at Tuscany, Italy.",47:20,"Oct 11, 2019",Interview,,,Full,CD Quality,https://www.youtube.com/watch?v=4EqKKkY4_ew
IGOR,"Nardwuar vs. Tyler, The Creator (2019) [Interview]","The fourth interview between Narduar and Tyler, The Creator filmed at Neptoon Records, in Vancouver, BC Canada.",16:28,"Oct 16, 2019",Interview,,,Full,CD Quality,https://www.youtube.com/watch?v=wGtvbJH4RgI
IGOR,GQ [Interview],Interview with GQ as the GQ Men of the Year cover star.,6:12,"Nov 19, 2019",Interview,,,Full,CD Quality,https://www.youtube.com/watch?v=5xxdh3bmgfw
IGOR,Kerwin Frost Talks [Interview],"Episode 13 of ""Kerwin Frost Talks"".",1:09:04,"Dec 20, 2019",Interview,,,Full,CD Quality,https://www.youtube.com/watch?v=5_Y8sXeoYrE
IGOR,Grammys 2020 Full Backstage [Interview],Interview with The Grammy's filmed backstage at the STAPLES Center in Los Angeles.,3:50,"Jan 26, 2020",Interview,,,Full,CD Quality,https://www.youtube.com/watch?v=UdHp3iyOp_o
IGOR,2020 GRAMMYs,Interview with Ted Stryker & The Grammy's filmed at the STAPLES Center in Los Angeles.,3:34,"Jan 26, 2020",Interview,,,Full,CD Quality,https://www.youtube.com/watch?v=rItlzfLtcj4
,Notable Performances,,,,,,,,,
IGOR,"Apple Music Presents: Tyler, The Creator","Tyler's first live performance of IGOR, released exclusively on Apple Music. Ripped by Noa on January 5th, 2024. Has a slightly alternate mix on some of the songs.",,"Aug 13, 2019",Live Performance,,,Full,CD Quality,https://music.apple.com/us/music-video/apple-music-presents-tyler-the-creator/1476127096
IGOR,Live at Camp Flog Gnaw 2019,"Live performance of Tyler's set at Camp Flog Gnaw, performed on November 9th, 2019.",,"Nov 9, 2019",Live Performance,,,Full,High Quality,https://www.youtube.com/watch?v=GBnOQ2zZK5Q
,Never Recorded,,,,,,,,,
IGOR,"Justin Bieber - ??? [V1]
(ref. Tyler, The Creator)
(EARFQUAKE)","Tyler revealed that ""EARFQUAKE"" was written back in May 2017, but he initially wrote it for Justin Bieber.",,,Other,,,Scrapped,Not Available,
IGOR,"EARFQUAKE [V2]
(feat. Rihanna)","Tyler also tried to get Rihanna to sing the hook for ""EARFQUAKE"", but he ""didn't hear back"" from her.",,,Other,,,Scrapped,Not Available,
,Other,,,,,,,,,
IGOR,Space Krunk*,"A mashup with ""I DON'T LOVE YOU ANYMORE"" and Crime Mob's ""Knuck If You Buck"" track shown during an Instagram live in May 2019.",,"May 28, 2019",Remix,,,Full,Recording,https://www.youtube.com/watch?v=1bMqRdyEZJg
"0 OG File(s)
53 Full
0 Tagged
0 Stem Bounce(s)
0 Partial
0 Snippet(s)
3 Unavailable",,"(2020 - 2021) (2023)
CALL ME IF YOU GET LOST is Tyler's seventh studio album, released on June 25, 2021. Tyler later rereleased this album as ""CALL ME IF YOU GET LOST: The Estate Sale"" on March 31, 2023. This project was considered done in November 2020, but later turned into what we have right now.",,,,,,,,
,Music Videos,,,,,,,,,
CALL ME IF YOU GET LOST,LUMBERJACK,Music video for LUMBERJACK.,1:18,"Jun 16, 2021",Music Video,,,Full,CD Quality,www.youtube.com/watch?v=R4Y7JIQlv20
CALL ME IF YOU GET LOST,WUSYANAME,Music video for WUSYANAME.,2:00,"Jun 22, 2021",Music Video,,,Full,CD Quality,www.youtube.com/watch?v=NJea386275c
CALL ME IF YOU GET LOST,JUGGERNAUT,Music video for JUGGERNAUT.,1:35,"Jun 25, 2021",Music Video,,,Full,CD Quality,www.youtube.com/watch?v=icoOOiSlKK0
CALL ME IF YOU GET LOST,CORSO,Music video for CORSO.,5:31,"Jun 29, 2021",Music Video,,,Full,CD Quality,www.youtube.com/watch?v=Lqvwm3zAILI
CALL ME IF YOU GET LOST,LEMONHEAD,Music video for LEMONHEAD.,1:26,"Jul 8, 2021",Music Video,,,Full,CD Quality,www.youtube.com/watch?v=a5JCltuobqQ
CALL ME IF YOU GET LOST,"Come On, Let's Go","Music video for Come On, Let's Go, features Pharrell Williams.",1:44,"Mar 24, 2022",Music Video,,,Full,CD Quality,www.youtube.com/watch?v=6zxnoT3XBu0
CALL ME IF YOU GET LOST,DOGTOOTH,Music video for DOGTOOTH.,2:56,"Mar 27, 2023",Music Video,,,Full,CD Quality,https://www.youtube.com/watch?v=2TVXi_9Bvlg
CALL ME IF YOU GET LOST,SORRY NOT SORRY,Music video for SORRY NOT SORRY.,3:22,"Mar 29, 2023",Music Video,,,Full,CD Quality,https://www.youtube.com/watch?v=LSIOcCcEVaE
CALL ME IF YOU GET LOST,WHARF TALK,Music video for WHARF TALK.,3:38,"Mar 31, 2023",Music Video,,,Full,CD Quality,https://www.youtube.com/watch?v=27FswS3KESk
CALL ME IF YOU GET LOST,HEAVEN TO ME,Music video for HEAVEN TO ME.,3:58,"Apr 3, 2023",Music Video,,,Full,CD Quality,https://www.youtube.com/watch?v=wm_hfvgakcM
CALL ME IF YOU GET LOST,HOT WIND BLOWS,Music video for HOT WIND BLOWS.,1:41,"Apr 4, 2023",Music Video,,,Full,CD Quality,https://www.youtube.com/watch?v=3bgc3k-s0yg
CALL ME IF YOU GET LOST,"GoldLink - U Say
(feat. Tyler, The Creator & Jay Prince)","Music video for GoldLink's ""U Say"" that features Tyler in his IGOR fit.",3:44,"Aug 28, 2019",Music Video,,,Full,CD Quality,https://youtu.be/olLlcGnziNw
CALL ME IF YOU GET LOST,"Yuna - Castaway
(feat. Tyler, The Creator)","Music video for Yuna's ""Castaway"" featuring Tyler.",4:41,"Oct 17, 2019",Music Video,,,Full,CD Quality,https://youtu.be/aPnnecct9xA
CALL ME IF YOU GET LOST,"Snoh Aalegra - NEON PEACH
(feat. Tyler, The Creator)","Music video for Snoh Aalegra's ""NOAN PEACH"" that features Tyler.",3:11,"Oct 26, 2021",Music Video,,,Full,CD Quality,https://youtu.be/9MAY18j9Quo
CALL ME IF YOU GET LOST,"Maxo Kream - BIG PERSONA
(feat. Tyler, The Creator)","Music video Maxo Kream's ""BIG PERSONA"" with Tyler.",2:28,"Sep 8, 2021",Music Video,,,Full,CD Quality,www.youtube.com/watch?v=Dh1pJqEXdsg
CALL ME IF YOU GET LOST,"Pharrell Williams - Cash In Cash Out
(feat. 21 Savage & Tyler, The Creator) (prod. Pharrell Williams)","Music video Pharrell Williams' ""Cash In Cash Out"" with Tyler and 21 Savage.",3:56,"Jun 11, 2022",Music Video,,,Full,CD Quality,https://www.youtube.com/watch?v=cKEwnhc8ItY
,Promotional Material,,,,,,,,,
CALL ME IF YOU GET LOST,"SIDE STREET [Promo]
(SWEET)","The first teaser for ""CALL ME IF YOU GET LOST"", uses the SWEET instrumental in the background.",0:43,"Jun 14, 2021",Promo,,,Full,CD Quality,https://www.youtube.com/watch?v=7qNMcg-l9WU
CALL ME IF YOU GET LOST,"SIDE STREET [Promo] [Alternate Version]
(SWEET)",Alternate version of the teaser posted on Twitter.,0:39,"Jun 14, 2021",Promo,,,Full,High Quality,https://www.youtube.com/watch?v=smrt-SXn5oA
CALL ME IF YOU GET LOST,BROWN SUGAR SALMON [Promo],"Another teaser for ""CALL ME IF YOU GET LOST"", uses the MOMMA TALK instrumental in the background.",2:45,"Jun 23, 2021",Promo,,,Full,CD Quality,https://www.youtube.com/watch?v=ETh_n0u-g5o
CALL ME IF YOU GET LOST,THE REALLLLY COOOOL CONVERSE CLUB,"Promotional video for Converse x le FLEUR*, features feat. Tim Meadows, Vince Staples, Jasper, Henry Rollins, Jay 305, Bill Walton, Louie Lopez & Josh Johnson.",2:13,"Jul 21, 2021",Promo,,,Full,CD Quality,https://www.youtube.com/watch?v=gLR4TDxDtZs
CALL ME IF YOU GET LOST,French Waltz by le FLEUR*,"Promotional video for French Waltz by le FLEUR*, scored by Tyler, The Creator.",1:00,"Dec 8, 2021",Promo,,,Full,CD Quality,https://www.youtube.com/watch?v=t7A51bu2T3Q
CALL ME IF YOU GET LOST,globe-trotter by le FLEUR*,"Promotional video for globe-trotter by le FLEUR*, scored by Tyler, The Creator.",2:04,"Dec 17, 2021",Promo,,,Full,CD Quality,https://www.youtube.com/watch?v=biBmUoPpyLk
CALL ME IF YOU GET LOST,Fresh Fish by le FLEUR*,Promotional video for Converse x le FLEUR*.,0:55,"Jun 7, 2022",Promo,,,Full,CD Quality,https://www.youtube.com/watch?v=VEl_KAp4JzE
CALL ME IF YOU GET LOST,3 Minutes by le FLEUR*,"Promotional video for le FLEUR* nail polish, contains sample from SMUCKERS.",1:30,"Jun 28, 2022",Promo,,,Full,CD Quality,https://www.youtube.com/watch?v=OM2dcHgRpqk
CALL ME IF YOU GET LOST,Pick Something by le FLEUR*,"Promotional video for le FLEUR* hair pick, scored by Tyler, The Creator.",1:07,"Sep 7, 2022",Promo,,,Full,CD Quality,https://www.youtube.com/watch?v=4nfRj7Mxucs
CALL ME IF YOU GET LOST,The Sunseekers by le FLEUR*,"Promotional video for le FLEUR* Sunseeker glasses, scored by Tyler, The Creator.",1:26,"Sep 14, 2022",Promo,,,Full,CD Quality,https://www.youtube.com/watch?v=sDnx6Z9H5-k
CALL ME IF YOU GET LOST,Georgia Peach by le FLEUR*,"Promotional video for le FLEUR* GEORGIA PEACH nail polish, scored by Tyler, The Creator.",0:41,"Oct 4, 2022",Promo,,,Full,CD Quality,https://www.youtube.com/watch?v=JReM7hDw28k
,Notable Performances,,,,,,,,,
CALL ME IF YOU GET LOST,"EARFQUAKE / NEW MAGIC WAND (Live at the 2020 GRAMMYs)
(feat. Charlie Wilson & Boyz II Men)","Live performance of ""EARFQUAKE"" (performed by Charlie Wilson & Boyz II Men) and ""NEW MAGIC WAND"" that was performed at the 62nd Annual Grammy Awards on January 26th, 2020. Backing track for this performance leaked on February 23rd, 2024.",4:43,"Jan 28, 2020",Live Performance,,,Full,CD Quality,https://www.youtube.com/watch?v=IJilkMPqvs0
CALL ME IF YOU GET LOST,CALL ME IF YOU GET LOST (Live from Brooklyn),"Live performance of CALL ME IF YOU GET LOST and some songs from Flower Boy & IGOR live at the Music Hall of Williamsburg in Brooklyn, NY.",1:08:40,"Jul 4, 2021",Live Performance,,,Full,CD Quality,https://www.youtube.com/watch?v=ol_YQZTB-YY
CALL ME IF YOU GET LOST,Live at Lollapalooza,"Live performance of some CALL ME IF YOU GET LOST songs and some from his other albums live at Lollapalooza in Chicago, IL.",1:23:01,"Aug 1, 2021",Live Performance,,,Full,CD Quality,https://www.youtube.com/watch?v=QYajBFraLJ0
CALL ME IF YOU GET LOST,MASSA (Live at the AMAs),"Live performance of ""MASSA"" that was performed at the AMAs.",3:42,"Nov 22, 2021",Live Performance,,,Full,CD Quality,https://www.youtube.com/watch?v=fQRfqeBt6YA
CALL ME IF YOU GET LOST,CALL ME IF YOU GET LOST LIVE (Amazon Music Live),"Amazon Music performance of CALL ME IF YOU GET LOST, includes Come On, Let's Go",~15:00,"Dec 9, 2022",Live Performance,,,Full,Lossless,https://music.amazon.com/albums/B0BNSVG5NM?ref=dm_sh_dT7dq8J7AgKPduwhoZ3cTmSkc
,Interviews,,,,,,,,,
CALL ME IF YOU GET LOST,"All Star Series: Tyler Talk, London [Interview]",Interview with Converse filmed in London.,51:15,"Feb 24, 2020",Interview,,,Full,CD Quality,https://www.youtube.com/watch?v=mf6V7sNWWHo
CALL ME IF YOU GET LOST,Adobe Max Conference,Interview with Adobe & Lionel Boyce.,4:50,"Oct 21, 2020",Interview,,,Full,CD Quality,https://www.youtube.com/watch?v=7OJrDkfCiSk
CALL ME IF YOU GET LOST,EBRO IN THE MORNING [Interview],Interview with EBRO IN THE MORNING & HOT 97.,1:37:35,"Aug 6, 2021",Interview,,,Full,CD Quality,https://www.youtube.com/watch?v=PQFQ-3d2J-8
CALL ME IF YOU GET LOST,XXL [Interview],Interview with XXL as the Fall 2021 cover star.,6:56,"Sep 27, 2021",Interview,,,Full,CD Quality,https://www.youtube.com/watch?v=hAWGYHALFzE
CALL ME IF YOU GET LOST,"ICONversations
(with LL COOL J)","Interview between LL COOL J & Tyler, The Creator filmed backstage at the BET Hip Hop Awards 2021.",7:10,"Oct 7, 2021",Interview,,,Full,CD Quality,https://www.youtube.com/watch?v=4IFEaGjnZAE
CALL ME IF YOU GET LOST,Fast Company: On Top of a Mountain [Interview],"Interview with Fast Company & Mark Wilson filmed at the GOLF le FLEUR pop up in Malibu, California.",27:38,"Dec 26, 2021",Interview,,,Full,CD Quality,https://www.youtube.com/watch?v=ywlWU6nDDRA
CALL ME IF YOU GET LOST,"All Star Series: Tyler Talk, Los Angeles [Interview]",The first interview of the 2022 Converse All Star Series filmed in Los Angeles.,1:11:46,"Mar 2, 2022",Interview,,,Full,CD Quality,https://www.youtube.com/watch?v=eAQUeUzcbNY
CALL ME IF YOU GET LOST,"Nardwuar vs. Tyler, The Creator (2022) [Interview]","The fifth interview between Narduar and Tyler, The Creator filmed at Beat Street Records in Vancouver, BC Canada.",43:10,"May 2, 2022",Interview,,,Full,CD Quality,https://www.youtube.com/watch?v=EwQQ7YtoGoU
CALL ME IF YOU GET LOST,"All Star Series: Tyler Talk, Paris [Interview]",The second interview of the 2022 Converse All Star Series filmed in Paris.,1:15:40,"Jun 18, 2022",Interview,,,Full,CD Quality,https://www.youtube.com/watch?v=Z90f1-zWg0c
CALL ME IF YOU GET LOST,"All Star Series: Tyler Talk, Sydney [Interview]",The third interview of the 2022 Converse All Star Series filmed in Sydney.,1:06:40,"Dec 8, 2022",Interview,,,Full,CD Quality,https://www.youtube.com/watch?v=bTk0pKgJkX0
CALL ME IF YOU GET LOST,RapCaviar Presents: Breaking The Mold,"Episode 1 of ""RapCaviar Presents:"" filmed on March 2022.",41:03,"Mar 31, 2023",Film,,,Full,CD Quality,LINK NEEDED
CALL ME IF YOU GET LOST,Rap Radar [Interview],Interview with Rap Radar.,1:38:44,"Jun 9, 2023",Interview,,,Full,CD Quality,https://www.youtube.com/watch?v=GWdO-HWZpaE
CALL ME IF YOU GET LOST,Gangsta Grillz Podcast,"Episode 1 of ""Gangsta Grillz Podcast"" filmed on January 2023. The full video was released through REVOLT on June 2nd, 2026.",1:47:17,"Jul 20, 2023",Interview,,,Full,CD Quality,https://www.youtube.com/watch?v=zyCfhzBmaF8
CALL ME IF YOU GET LOST,CAMP FLOG GNAW [Interview],Interview with Wayno filmed at Camp Flog Gnaw 2023.,7:55,"Nov 13, 2023",Interview,,,Full,CD Quality,https://www.youtube.com/watch?v=f72geJQT764
CALL ME IF YOU GET LOST,"Converse: Sizing Up: Tyler, The Creator [Interview]",Interview with Converse filmed days before Camp Flog Gnaw 2023.,1:35,"Nov 15, 2023",Interview,,,Full,CD Quality,https://www.youtube.com/watch?v=6FzXrCaezmg
CALL ME IF YOU GET LOST,"Nardwuar vs. Tyler, The Creator (2023) [Interview]","The sixth interview between Narduar and Tyler, The Creator filmed at Camp Flog Gnaw 2023.",26:10,"Nov 16, 2023",Interview,,,Full,CD Quality,https://www.youtube.com/watch?v=JGY71JdCny4
,Never Recorded,,,,,,,,,
CALL ME IF YOU GET LOST,"CORSO
(feat. A$AP Rocky)","Tyler really wanted A$AP Rocky to be on CORSO, but Rocky never returned Tyler's texts. Tyler said in a concert that DJ Drama is talking where Rocky would've been.",,,Other,,,Scrapped,Not Available,
CALL ME IF YOU GET LOST,RUNITUP (Music Video),"On the Rap Radar interview, Tyler had a video planned for ""RUNITUP"" that he regrets not doing.",,,Other,,,Scrapped,Not Available,
CALL ME IF YOU GET LOST,"???
(Holla at Me)","In an interview with HOT 97, Tyler mentioned that he almost rapped over ""Holla at Me"" by DJ Khaled for CALL ME IF YOU GET LOST.",,,Other,,,Scrapped,Not Available,
,Other,,,,,,,,,
CALL ME IF YOU GET LOST,callmeifyougetlost.com,Official website for CALL ME IF YOU GET LOST.,,,Other,,,Full,High-Res,https://callmeifyougetlost.com
CALL ME IF YOU GET LOST,LOUIS VUITTON: Men’s Fall-Winter 2022 Show,"Louis Vuitton's Men’s Fall-Winter 2022 Collection, features and contains music by Tyler, The Creator.",21:39,"Jan 20, 2022",Video,,,Full,CD Quality,https://www.youtube.com/watch?v=1lztJ_1rY6M
CALL ME IF YOU GET LOST,THINGS I LOVE by Robb Report,"Video of Tyler showing off his favorite things for Robb Report, scored by Tyler, The Creator.",3:47,"Nov 10, 2022",Video,,,Full,CD Quality,https://www.youtube.com/watch?v=bBZWdYwgpzw
CALL ME IF YOU GET LOST,DOGTOOTH OUTTA TUNE,A video of Tyler playing DOGTOOTH & WUSYANAME on piano.,2:10,"Aug 8, 2023",Video,,,Full,CD Quality,https://www.youtube.com/watch?v=byBaITSxXps
CALL ME IF YOU GET LOST,"Pharrell Williams - Cash In Cash Out [Music Video BTS]
(feat. 21 Savage & Tyler, The Creator) (prod. Pharrell Williams)",Behind the scenes for the Cash In Cash Out video.,,,Other,,,Full,High-Res,https://pixeldrain.com/u/cSfPh2SX
"0 OG File(s)
33 Full
0 Tagged
0 Stem Bounce(s)
0 Partial
0 Snippet(s)
0 Unavailable",,"(2020 - 2024) (2025)
CHROMAKOPIA is Tyler's eighth studio album, released on October 28th, 2024. This album is the first album by Tyler, The Creator to break many of his ""traditions"" when it comes to releasing albums: he broke his 2 year rule (a rule where he only drops an album every two years, The Estate Sale dropped just last year) & his 10th track rule (when there are two or three tracks in one track, specifically on the 10th track of the album). Work on the album began as far back as 2020 alongside CALL ME IF YOU GET LOST with the creation of “Mother.” Tyler has since shared that he once planned for CHROMAKOPIA to be his final album.",,,,,,,,
,Music Videos,,,,,,,,,
CHROMAKOPIA,ST. CHROMA,"Music video for ST. CHROMA, first teaser for CHROMAKOPIA.",1:24,"Oct 16, 2024",Music Video,,,Full,CD Quality,https://www.youtube.com/watch?v=gkZ4dLMH-B8
CHROMAKOPIA,NOID [Music Video],Music video for NOID.,2:42,"Oct 21, 2024",Music Video,,,Full,CD Quality,https://www.youtube.com/watch?v=Qer3lwd5hyA
CHROMAKOPIA,THOUGHT I WAS DEAD [Music Video],"Music video for THOUGHT I WAS DEAD, second (technically third) teaser for CHROMAKOPIA.",1:48,"Oct 26, 2024",Music Video,,,Full,CD Quality,https://www.youtube.com/watch?v=_RuuRU0bGLc
CHROMAKOPIA,THAT GUY [Music Video],Music video for THAT GUY.,2:54,"Dec 25, 2024",Music Video,,,Full,CD Quality,https://www.youtube.com/watch?v=M0qiZHV4E3U
CHROMAKOPIA,STICKY (Teaser),Music video teaser for STICKY.,1:05,"Jan 31, 2025",Music Video,,,Full,CD Quality,https://www.youtube.com/watch?v=5_eRCI0Qzw4
CHROMAKOPIA,"DARLING, I [Music Video]","Music video for DARLING, I.",4:48,"Aug 19, 2025",Music Video,,,Full,CD Quality,https://www.youtube.com/watch?v=kZfz5UlsHlQ
CHROMAKOPIA,Maxo Kream - CRACC ERA,"Music video for CRACC ERA by Maxo Kream, features Tyler.",1:56,"Sep 25, 2024",Music Video,,,Full,CD Quality,https://www.youtube.com/watch?v=TtuytsJMIOI
,Promotional Material,,,,,,,,,
CHROMAKOPIA,Lacoste by le FLEUR* ,"Promotional video for Lacoste x le FLEUR*, scored by Tyler, The Creator.",1:00,"Oct 11, 2023",Promo,,,Full,CD Quality,https://www.youtube.com/watch?v=kJ22mXZv1JQ
CHROMAKOPIA,le FLEUR*: Season 2,Promotional video for le FLEUR: Season 2.,4:30,"Dec 6, 2023",Promo,,,Full,CD Quality,https://www.youtube.com/watch?v=gKKL3AM5Px0
CHROMAKOPIA,a collection for Louis Vuitton by TYLER OKONMA,"Promotional video for the Louis Vuitton capsule collection by Tyler, The Creator.",2:00,"Mar 21, 2024",Promo,,,Full,CD Quality,https://www.youtube.com/watch?v=fWtfP1GYXc0
CHROMAKOPIA,Darryl Meeting by le FLEUR*,Promotional video for Darryl Chuck 70 by Converse.,0:50,"Sep 24, 2024",Promo,,,Full,CD Quality,https://www.youtube.com/watch?v=rTn0W0Tc9dE
CHROMAKOPIA,CHROMAKOPIA VINYL [Promo],"Promotional video for the test pressing of CHROMAKOPIA, contains snippets of ""Like Him"", ""Rah Tah Tah"", and ""Take Your Mask Off"".",0:39,"Oct 22, 2024",Promo,,,Full,CD Quality,https://youtu.be/dL6LM4DyzU8
CHROMAKOPIA,CHROMAKOPIA TOUR [Promo],"Promotional video for ""CHROMAKOPIA: The World Tour"", has cameos from Lil Yachty & Paris Texas, which are the opening acts of the tour.",0:53,"Oct 23, 2024",Promo,,,Full,CD Quality,https://youtu.be/kcVEIAxCiU8
CHROMAKOPIA,The Jogger by le FLEUR*,Promotional video for The Jogger by Converse.,1:00,"Jun 22, 2025",Promo,,,Full,CD Quality,https://www.youtube.com/watch?v=dXgzOIKFANw
,Notable Performances,,,,,,,,,
CHROMAKOPIA,Live at Camp Flog Gnaw 2023,"Live performance of Tyler's set at Camp Flog Gnaw, performed on November 11th, 2023.",1:03:57,"Nov 11, 2023",Live Performance,,,Full,CD Quality,https://www.youtube.com/watch?v=ttSDOpYVkvQ&t=1s
CHROMAKOPIA,"Live at Coachella (Week 1)
(feat. Childish Gambino, A$AP Rocky, Charlie Wilson & Kali Uchis)","Live performance of songs from every era of Tyler (including Bastard), performed on April 13th, 2024.

Setlist:
1. Intro (Camping Skit)
2. IGOR'S THEME
3. LEMONHEAD (Alternate Intro)
4. Interlude (WUSYANAME)
5. WUSYANAME
6. LUMBERJACK (Alternate Intro)
7. Interlude (I THINK)
8. I THINK
9. BEST INTEREST
10. DOGTOOTH (with STUNTMAN verse)
11. RUNNING OUT OF TIME (with Childish Gambino)
12. SORRY NOT SORRY
13. Potato Salad (with A$AP Rocky)
14. Who Dat Boy (with A$AP Rocky)
15. Interlude (AI Isolated She)
16. She
17. Tron Cat
18. Yonkers
19. Tamale
20. Odd Toddlers
21. SMUCKERS
22. IFHY
23. EARFQUAKE / 911 (with Charlie Wilson)
24. See You Again (with Kali Uchis)
25. NEW MAGIC WAND",,"Apr 13, 2024",Live Performance,,,Full,CD Quality,"https://www.youtube.com/watch?v=AymY7r8r_M0[part1]
https://www.youtube.com/watch?v=cp4k5PkMzxs [part2]"
CHROMAKOPIA,"RUNNING OUT OF TIME (Live)
(with Childish Gambino)",Clip from Coachella 2024 of Tyler performing RUNNING OUT OF TIME with Childish Gambino.,4:00,"Apr 17, 2024",Live Performance,,,Full,CD Quality,https://www.youtube.com/watch?v=FYQHXZj4JB0 
CHROMAKOPIA,"Who Dat Boy (Live)
(with A$AP Rocky)",Clip from Coachella 2024 of Tyler performing Who Dat Boy with A$AP Rocky.,4:08,"Apr 17, 2024",Live Performance,,,Full,CD Quality,https://www.youtube.com/watch?v=yYfpE77Bn_U
CHROMAKOPIA,"EARFQUAKE (Live)
(with Charlie Wilson)",Clip from Coachella 2024 of Tyler performing EARFQUAKE with Charlie Wilson.,6:42,"Apr 17, 2024",Live Performance,,,Full,CD Quality,https://www.youtube.com/watch?v=yNMJfgu8CyU
CHROMAKOPIA,"Live at Coachella (Week 2)
(feat. Earl Sweatshirt)","Second live perfomance of songs from every era of Tyler (including Bastard), performed on April 20th, 2024.

Setlist:
1. Intro (Camping Skit)
2. IGOR'S THEME
3. LEMONHEAD
4. Interlude (WUSYANAME)
5. WUSYANAME
6. LUMBERJACK
7. Interlude (I THINK)
8. I THINK
9. BEST INTEREST
10. DOGTOOTH (with STUNTMAN verse)
11. SORRY NOT SORRY
12. CORSO
13. Interlude (WHAT A DAY Acapella)
14. Who Dat Boy
15. Boredom
16. Interlude (AI Isolated She)
17. She
18. Yonkers
19. Tamale
20. AssMilk (with Earl Sweatshirt)
21. Rusty (with Earl Sweatshirt)
22. IFHY
23. EARFQUAKE
24. See You Again
25. NEW MAGIC WAND",,"Apr 20, 2024",Live Performance,,,Full,CD Quality,LINK NEEDED
CHROMAKOPIA,ACL Music Fest 2024,"Live performance of songs from Goblin to CALL ME IF YOU GET LOST (no Bastard this time), performed on October 6th, 2024.

Setlist:
1. LEMONHEAD (Alternate Intro)
2. WUSYANAME (Alternate Intro)
3. LUMBERJACK (Alternate Intro)
4. I THINK (Alternate Intro)
5. DEATHCAMP (Alternate Intro)
6. She (AI Isolated Intro)
7. Yonkers
8. Tamale (Alternate Intro)
9. SMUCKERS
10. IFHY (Alternate Intro)
11. DOGTOOTH (Alternate Intro + STUNTMAN verse)
12. SORRY NOT SORRY (Alternate Intro)
13. 911 (Alternate Intro)
14. Boredom
15. RUNNING OUT OF TIME (Alternate Intro & Instrumental)
16. Who Dat Boy
17. EARFQUAKE (Alternate Intro)
18. NEW MAGIC WAND (OOH AHH OOH AHH)
19. See You Again (Go left right)",,"Oct 6, 2024",Live Performance,,,Full,CD Quality,https://www.youtube.com/watch?v=Qc2gv30Ev0Q
CHROMAKOPIA,Live at Camp Flog Gnaw 2024,"Live performance of Tyler's set at Camp Flog Gnaw, performed on November 16th, 2024. This video only contains CHROMAKOPIA performances.",36:58,"Nov 16, 2024",Live Performance,,,Full,CD Quality,https://www.youtube.com/watch?v=XutD0u4W2p8&t=1973s
,Interviews,,,,,,,,,
CHROMAKOPIA,AOI Radio with De La Soul: The Future,Interview with De La Soul exclusively on Apple Music.,,"Mar 27, 2024",Interview,,,Full,CD Quality,https://music.apple.com/us/station/the-future/ra.1732082592
CHROMAKOPIA,Mavericks with Mav Carter [Interview],Interview with Mav Carter on Mavericks.,26:22,"Aug 14, 2024",Interview,,,Full,CD Quality,https://www.youtube.com/watch?v=H6CjuMazfsQ
CHROMAKOPIA,"Supreme x Tyler, The Creator (2024)",Interview with Supreme.,7:22,"Aug 16, 2024",Interview,,,Full,CD Quality,https://www.youtube.com/watch?v=Bu0OOO8yY_w
CHROMAKOPIA,Converse: Tyler Takes [Interview],Interview with Converse filmed backstage.,1:25,"Nov 1, 2024",Interview,,,Full,CD Quality,https://www.instagram.com/reels/DB2M-EESruL/
CHROMAKOPIA,Billboard Cover [Interview],Interview with Billboard as the December 2024 cover star.,7:54,"Dec 11, 2024",Interview,,,Full,CD Quality,https://www.youtube.com/watch?v=xFmXVcUUcvc
CHROMAKOPIA,"Nardwuar vs. Tyler, The Creator (2025) [Interview]","The seventh interview between Narduar and Tyler, The Creator filmed in VanDusen Garden, Vancouver, BC Canada.",36:05,"Mar 27, 2025",Interview,,,Full,CD Quality,https://www.youtube.com/watch?v=vHmg-xaNJX0
CHROMAKOPIA,"All Star Series: Tyler Talk, London [Interview]",Interview with Converse filmed in London promoting his collaboration with Converse and his 1908 collection.,33:57,"May 28, 2025",Interview,,,Full,CD Quality,https://www.youtube.com/watch?v=ZdhTxdfui34
CHROMAKOPIA,Instagram Presents: Ask It Anyway [Interview],Interview with Instagram & a group of NYC creatives.,56:00,"Jun 12, 2025",Interview,,,Full,CD Quality,https://www.youtube.com/watch?v=ATSBD1jPTVU
CHROMAKOPIA,"Daniel Caesar - Billboard Cover [Interview]
(with Tyler, The Creator)","Interview between Daniel Caesar & Tyler, The Creator.",27:55,"Jul 24, 2025",Interview,,,Full,CD Quality,https://www.youtube.com/watch?v=4Z0Hc98I_BE
,Other,,,,,,,,,
CHROMAKOPIA,chromakopia.com,"Official website for CHROMAKOPIA, registered on May 22, 2024 and updated on October 17th, 2024.",,"May 22, 2024",Other,,,Full,High-Res,https://chromakopia.com/
CHROMAKOPIA,Camp Flog Gnaw 2023 Stage Design BTS,"Random behind the scenes photos for Tyler's stage design at CFG 2023, done by EFFIXX Studios.",,,Other,,,Full,High-Res,https://www.effixx.studio/projects/tyler-cfg2023
"0 OG File(s)
0 Full
0 Tagged
0 Stem Bounce(s)
0 Partial
0 Snippet(s)
0 Unavailable",,"(2024 - 2025)
DON'T TAP THE GLASS is Tyler's ninth studio album, released on July 21st, 2025. This project started on December 31st, 2024 and all of the verses were recorded in May 2025 during the CHROMAKOPIA tour. It was first teased on July 16th with a photo of him with a trumpet in a marching band outfit, this is where fans got the idea that this was either for the Sticky music video that was teased months prior or a CHROMAKOPIA deluxe. On July 18th, the album's physicals were released on the Golf Wang store, which is how the fans got their first taste of the album.",,,,,,,,
,Music Videos,,,,,,,,,
DON'T TAP THE GLASS,STOP PLAYING WITH ME [Music Video],Music Video for Stop Playing With Me.,2:29,"Jul 21, 2025",Music Video,,,Full,CD Quality,https://www.youtube.com/watch?v=pmlqEKklWqs
DON'T TAP THE GLASS,SUGAR ON MY TONGUE [Music Video],Music Video for Sugar On My Tongue.,2:43,"Aug 12, 2025",Music Video,,,Full,CD Quality,https://youtu.be/ljHdccyQbT4
DON'T TAP THE GLASS,SUCKA FREE [Music Video],Music Video for Sucka Free.,1:53,"Aug 27, 2025",Music Video,,,Full,CD Quality,https://www.youtube.com/watch?v=62QeYxNkKfo
DON'T TAP THE GLASS,Clipse - The Birds Don't Sing,"Tour Video for The Birds Don't Sing, features Tyler.",4:13,"Oct 14, 2025",Music Video,,,Full,CD Quality,https://youtu.be/yl0oFzsEJqg
DON'T TAP THE GLASS,"Clipse - P.O.V. [Music Video]
(feat. Tyler, The Creator) (dir. Cole Bennett)","Music video for P.O.V. by Clipse directed by Cole Bennett, features Tyler & The Rock-afire Explosion band.",5:19,"Dec 10, 2025",Music Video,,,Full,CD Quality,https://www.youtube.com/watch?v=tX7RDvVkxzU
,Promotional Material,,,,,,,,,
DON'T TAP THE GLASS,Tweakin' [Promo],"Promotional video for DON'T TAP THE GLASS locked under a password on Instagram, contains ""Tweakin'"".",,"Jul 21, 2025",Promo,,,Full,CD Quality,https://www.reddit.com/r/tylerthecreator/comments/1m5lixf/heres_the_instagram_reel_thats_locked_lol/
DON'T TAP THE GLASS,Don't Tap The Glass [Promo],"Promotional video for DON'T TAP THE GLASS, contains ""Don't Tap The Glass"".",0:22,"Jul 22, 2025",Promo,,,Full,CD Quality,https://www.youtube.com/watch?v=zSfZogfaJH8
DON'T TAP THE GLASS,Sucka Free [Promo],"Promotional video for DON'T TAP THE GLASS, contains ""Sucka Free"".",0:22,"Jul 22, 2025",Promo,,,Full,CD Quality,https://www.youtube.com/watch?v=ND_UJiGeZ8E
DON'T TAP THE GLASS,Ring Ring Ring [Promo],"Promotional video for DON'T TAP THE GLASS, contains ""Ring Ring Ring"".",0:17,"Jul 23, 2025",Promo,,,Full,CD Quality,https://www.youtube.com/watch?v=_LKq8duPhfU
DON'T TAP THE GLASS,Big Poe (Promo),"Promotional video for DON'T TAP THE GLASS, contains ""Big Poe"".",0:20,"Jul 23, 2025",Promo,,,Full,CD Quality,https://www.youtube.com/watch?v=6x0Gfs7IT9I
DON'T TAP THE GLASS,BODY MOVEMENT (DTTG RELEASE PARTY),"Footage from the release party for DON'T TAP THE GLASS, hosted in Los Angeles.",1:30,"Sep 9, 2025",Film,,,Full,CD Quality,https://www.youtube.com/watch?v=8L64Dy1F1OQ
,Notable Performances,,,,,,,,,
DON'T TAP THE GLASS,Live at Lollapalooza 2025,"Live performance of some DON'T TAP THE GLASS & CHROMAKOPIA songs with some from his other albums live at Lollapalooza in Chicago, IL.",1:05:39,"Jul 31, 2025",Live Performance,,,Full,High Quality,https://www.youtube.com/watch?v=diQuyt4wtvE
DON'T TAP THE GLASS,OutKast - B.O.B. (Cover),"Live performance of ""Bombs Over Baghdad"" in tribute to OutKast performed at the 2025 Rock & Roll Hall Of Fame.",1:07,"Nov 8, 2025",Live Performance,,,Full,High Quality,https://www.youtube.com/watch?v=iFR2ztD1Pgw&t=1s
DON'T TAP THE GLASS,Live at Camp Flog Gnaw 2025,"Live performance of Tyler's set at Camp Flog Gnaw, performed on November 22nd, 2025.",36:58,"Nov 22, 2025",Live Performance,,,Full,High Quality,https://www.youtube.com/watch?v=_Oij-foWflg&pp=ygUldHlsZXIgdGhlIGNyZWF0b3IgY2FtcCBmbG9nIGduYXcgMjAyNQ%3D%3D
DON'T TAP THE GLASS,Thought I Was Dead / Sugar On My Tongue (Live At The 2026 GRAMMYs),"Live performance of ""Thought I Was Dead"" and ""Sugar On My Tongue"" that was performed at the 68th Annual Grammy Awards on February 1st, 2026. Features a guest appearance from Regina King",5:42,"Feb 16, 2026",Live Performance,,,Full,CD Quality,https://www.youtube.com/watch?v=zMrVd3NjHgs
,Interviews,,,,,,,,,
DON'T TAP THE GLASS,EBRO IN THE MORNING [Interview],Interview with EBRO IN THE MORNING & HOT 97.,1:27:05,"Jul 29, 2025",Interview,,,Full,CD Quality,https://www.youtube.com/watch?v=PQFQ-3d2J-8
DON'T TAP THE GLASS,Zane Lowe [Interview],Interview with Zane Lowe & Apple Music.,1:07:47,"Aug 7, 2025",Interview,,,Full,CD Quality,https://www.youtube.com/watch?v=Xnj1zy1Cz5Q
,Never Recorded,,,,,,,,,
DON'T TAP THE GLASS,"De La Soul - Day In The Sun (Gettin' wit U)
(feat. Tyler, The Creator)","Kelvin Mercer of De La Soul mentions that Tyler was supposed to be featured on their 2025 album ""Cabin In The Sky"". He was sent a few songs including ""Day In The Sun (Gettin' wit U)"" but it was never recorded due to Tyler's exhaustion from the CHROMAKOPIA tour.",,,Other,,,Scrapped,Not Available,
DON'T TAP THE GLASS,Stop Playing With Me [Music Video],"A version of the ""Stop Playing With Me"" music video filmed at a louvre exists according to a @scumfuckflowerboy post.",,,Other,,,Scrapped,Not Available,
,Other,,,,,,,,,
DON'T TAP THE GLASS,donttaptheglass.com,Official website for DON'T TAP THE GLASS.,,,Other,,,Full,High-Res,https://donttaptheglass.com/
DON'T TAP THE GLASS,Don't Tap The Glass [Font],"Official font for DON'T TAP THE GLASS, ripped from the website. Shoutout @pusscyeeenslime the goat.",,,Other,,,Full,High-Res,https://pixeldrain.com/u/3bYuETKd
,Ongoing,"(2025 - Current)
After releasing DON'T TAP THE GLASS, Tyler has continued to make new music with the only currently known song being SAG HARBOR.",,,,,,,,
,,,,,,,,,,
,Music Videos,,,,,,,,,
Ongoing,SAG HARBOR [Music Video],Music Video for SAG HARBOR.,3:41,"Dec 25, 2025",Music Video,,,Full,CD Quality,https://www.youtube.com/watch?v=1f_cpXJtlQk
,Interviews,,,,,,,,,
Ongoing,"The Ebro Show: Marty Supreme [Interview]
(with Josh Safdie)","Interview between Josh Safdie & Tyler, The Creator about Marty Supreme.",1:03:17,"Dec 17, 2025",Interview,,,Full,CD Quality,https://www.youtube.com/watch?v=iB05CdT8lIM
Ongoing,A24 x Letterboxd: The List,Interview with A24 & Letterboxd.,6:45,"Dec 18, 2025",Interview,,,Full,CD Quality,https://www.youtube.com/watch?v=6yQ-i55eeGY&list=LL&index=3&pp=gAQBiAQB0gcJCTwKAYcqIYzvsAgC
Ongoing,triple j,Interview with triple j about Marty Supreme.,9:10,"Jan 21, 2026",Interview,,,Full,CD Quality,https://youtu.be/o3zjqrozIHo
Ongoing,Actor Awards,Interview during the Actor Awards.,2:00,"Mar 1, 2026",Interview,,,Full,CD Quality,https://www.youtube.com/watch?v=r0wGYepj9Lc
Ongoing,"Human To Human Vol 1.1
(with Jill Scott)","Interview between Jill Scott & Tyler, The Creator for Human To Human.",26:45,"Apr 10, 2026",Interview,,,Full,CD Quality,https://www.youtube.com/watch?v=8lJ66K9lkYM&t=9s
"0 OG File(s)
3 Full
0 Tagged
0 Stem Bounce(s)
0 Partial
1 Snippet(s)
6 Unavailable",Unknown / Miscellaneous,"Projects and songs that have little to no information on them go here. Hopefully, more will be known about these one day.",,,,,,,,
,Scraped Projects,,,,,,,,,
Unknown,"Tramp 3 [Project]
(with Earl Sweatshirt & Taco)","Scrapped project with the only confirmed feature being Young Nigga (fka Tyler, The Creator), no further information is known.",,,Project,,,Lost,Not Available,
Unknown,"Dahmer Dogs [Project]
(with Earl Sweatshirt)","EarlWolf album that was talked about on Formspring, Twitter & was mentioned on ""Chordaroy"" by MellowHype. No further information is known.",,,Project,,,Lost,Not Available,
Unknown,"Pigeon Brothers [Project]
(with Earl Sweatshirt)","EarlWolf album that was talked about on Formspring, Twitter & was mentioned on ""Rats"" by Earl Sweatshirt. No further information is known.",,,Project,,,Lost,Not Available,
Unknown,"Red Lights [Project]
(with SALEM)",Collab project between Tyler & SALEM that's was originally thought to be an EP but it's currently unknown what this project is.,,,Project,,,Lost,Not Available,
Unknown,Untitled Jazz Album [Project],"Scrapped project, no further information is known.",,,Project,,,Lost,Not Available,
Unknown,Untitled Disco Funk Album [Project],"Scrapped project with the only confirmed features being Jamiroquai, The Internet & Charlie Wilson, no further information is known.",,,Project,,,Lost,Not Available,
Unknown,"Untitled Bossa Nova Album [Project]
(Bossa)",Project that Tyler was working on around 2012 and is supposed to release in 20 years (2039). Only one snippet has surfaced.,,,Project,,,Snippet,Recording,https://pixeldrain.com/u/SAtqN3Jp
,Other,,,,,,,,,
Unknown,Freeperm Archive,"Archive of Tyler's private Twitter account ""@freeperm"" that was used from 2011 - 2016. We're still finding new stuff in this archive, so feel free to have a look and let us know what you see!",,,Other,,,Full,High-Res,https://docs.google.com/spreadsheets/d/10jvvqsnTrPbPqtfkJTn24-xrhfAssFQxuDwWY9CpZow/edit?gid=979784336#gid=979784336
Unknown,Formspring Archive,"Archive of Tyler's Formspring ""Wolf Haley"" where Tyler did a little QnA before the platform shut down, has info on Wolf [V1] & Goblin.",,,Other,,,Full,High-Res,LINK NEEDED
Unknown,Cookie Recipe,"A cookie recipe, added to the tracker by Vertie. Someone please make these then review them <3.",around 17 minutes total,a while ago,Other,,,Full,High-Res,