Era,Art,Name,Description,Creator,Review,Downloads,Streaming
"Any comps with a red border have no functioning links, if you have a copy of these contact us!",,,,,,,
Join our discord or DM @sophiecuratedtracker for feedback/suggestions! FUCK YEITS NIGGER,,,,,,,
Curious what dropped recently? Hop over to the Recent Additions tab to catch up with new stuff daily!,,,,,,,
All Pillowcase links will be migrated to alternative file hosting sites soon.,,,,,,,
>>> Check bottom of tracker for better explanations on comp categories and highlights <<<,,,,,,,
"1 Vanilla-style
1 HM",,"Before The College Dropout
(Get Well Soon..., I'm Good..., Kon The Louis Vuitton Don)",,"Highlights:
⭐Dream Killers - SimpleJosh",,,
,Vanilla-style,,,,,,
Before The College Dropout,,⭐Dream Killers,Pre-TCD mixtape-like comp based on Ye's gangsta rap songs from when he just got signed to Roc and on the 2002-2003 tracklists from Jeen-Yuhs. Contains remasters to make the songs more cohesive and higher quality.,"SimpleJosh
(a.k.a. Close Salami)",,MEGA,
,Honorable Mentions,,,,,,
Before The College Dropout,,"Freshmen Year
Remastered",Remastered versions of almost all of Kanye's pre-TCD mixtape songs.,u/fosterlynch,,"MEGA
Pillowcase",
"1 Extension
1 HM",,The College Dropout,,"Highlights:
⭐Most Unlikely To Succeed - BSB Dante",,,
,Extensions,,,,,,
The College Dropout,,⭐Most Unlikely To Succeed,"High quality BSB Dante extension, with sample showcases, added non-album tracks and any extra official elements available around the era.",BSB Dante,,"MEGA
MEGA
Google Drive","Yedits.net
[untitled]"
,Honorable Mentions,,,,,,
The College Dropout,,"The College Dropout
Remastered",Remastered version of release The College Dropout.,u/fosterlynch,,"MEGA
Pillowcase",
"1 Overhaul
1 Extension
1 HM",,Late Registration,,"Highlights:
⭐Sorry, Mr. West Is Gone - BSB Dante",,,
,Overhauls,,,,,,
Late Registration,,"✨The Good, The Bad & The Ugly
(The Magnificent 2.0) (with Common & Consequence)","Reimagined collab record between Kanye, Common and Consequence set in 2006 after they've released their respective acclaimed projects, using non-album songs from around the era and adding any missing artist from a song. Alt version has no added verses to preserve overall vocal quality.","darkTwist, hatw & r.beatz",,"MEGA
MEGA (Deluxe)
MEGA (Alt)
MEGA (Deluxe / Alt)",Yedits.net
,Extensions,,,,,,
Late Registration,,"⭐Sorry, Mr. West Is Gone","High quality BSB Dante extension, with sample showcases, added non-album tracks and any extra official elements available around the era.",BSB Dante,,"MEGA
MEGA","Yedits.net
[untitled]"
,Honorable Mentions,,,,,,
Late Registration,,"Late Registration
Remastered",Remastered version of release Late Registration.,u/fosterlynch,,"MEGA
Pillowcase",
1 Vanilla-style,,Late Orchestration,,"Highlights:
⭐Late Orchestration - Orpheus",,,
,Vanilla-style,,,,,,
Late Orchestration,,⭐Late Orchestration,"Remastered version of the live album Late Orchestration, with crowd vocals removed and improved mixing.",Orpheus,,MEGA,[untitled]
"1 Renovation
2 Extensions
1 HM",,Graduation,,"Highlights:
⭐Graduation Reworked - ahmed2.0_",,,
,Renovations,,,,,,
Graduation,,"⭐Graduation
Reworked",Graduation with new orchestral elements and synths to give it a grander feel.,ahmed2.0_,,"MEGA
Pillowcase",[untitled]
,Extensions,,,,,,
Graduation,,Graduation - Rising Stars,"Comp consisting of edits from the creator and BSB Dante's and yak's respective comps. Has songs from the album along with tracks Kanye put out in mixtapes as well as features, all incorporated into a new shuffled tracklist.","paranoid.eyesore
(a.k.a. per5on4)",,"MEGA
Google Drive",[untitled]
Graduation,,Homecoming,"High quality BSB Dante extension, with sample showcases, added non-album tracks and any extra official elements available around the era.",BSB Dante,,"MEGA
MEGA
Google Drive",Yedits.net
,Honorable Mentions,,,,,,
Graduation,,"Graduation
Remastered",Remastered version of release Graduation.,u/fosterlynch,,"MEGA
Pillowcase",
"2 Renovations
1 Extension
1 HM",,808s & Heartbreak,,"Highlights:
⭐808s & Heartbreak (Rework) - Akimbo",,,
,Renovations,,,,,,
808s & Heartbreak,,"⭐808s & Heartbreak
(Rework)",808s comp merging the original's electronic style with orchestral elements inspired by the VH1 Storytellers and Hollywood Bowl performances.,Akimbo,Review - Yuri,MEGA,Yedits.net
808s & Heartbreak,,"Heartbreak
V2","808s rework that leans onto a somber and colder sound, focusing on the realistic aspects of heartbreak from a failed relationship through added production, voice message skits and a stripped back tracklist.",Jax,,"MEGA
Pillowcase","Yedits.net
[untitled]"
,Extensions,,,,,,
808s & Heartbreak,,Welcome To Heartbreak,"High quality BSB Dante extension, with sample showcases, added non-album tracks and any extra official elements available around the era.",BSB Dante,,"MEGA
MEGA
Google Drive",Yedits.net
,Honorable Mentions,,,,,,
808s & Heartbreak,,"808s & Heartbreak
Remastered",Remastered version of release 808s & Heartbreak.,u/fosterlynch,,"MEGA
Pillowcase",
"1 Overhaul
1 Renovation
1 HM",,"Child Rebel Soldier
(Collaboration with Lupe Fiasco & Pharrell Williams) (God Unwilling)",,"Highlights:
⭐Child Rebel Soldier - SimpleJosh",,,
,Overhauls,,,,,,
Child Rebel Soldier,,Child Rebel Soldier,"Comp envisioning a full Child Rebel Soldier album released in 2013, containing various released and unreleased tracks from each artist.","Reborn Sinner & victor
^ (a.k.a. Forbidden Sinner)",,MEGA,[untitled]
,Renovations,,,,,,
Child Rebel Soldier,,⭐Child Rebel Soldier,Era-accurate imagining of a short mixtape released by the Child Rebel Soldier supergroup. Contains tweaked versions of the released CRS songs as well as added verses from the three members over completely new beats.,"SimpleJosh
(a.k.a. Close Salami)",,MEGA,Yedits.net
,Honorable Mentions,,,,,,
Child Rebel Soldier,,God Unwilling,Non-accurate CRS comp containing 3 parts with songs from the 3 artists and added vocals where necessary. Has aged well aside from some exceptions.,BSB Dante,,"MEGA
Google Drive
Pillowcase",
"3 Overhauls
2 Renovations
2 Vanilla-style
2 Alts
1 HM",,"Good Ass Job
(Winter Spring Summer Fall)",,"Highlights:
⭐Good Ass Job - The Pastelle Collective
🌟Good Ass Job V2 - SimpleJosh",,,
,Overhauls,,,,,,
Good Ass Job,,⭐Good Ass Job,Community comp envisioning what GAJ would sound like if it were a B-side to MBDTF and as release ready as possible while still being creative.,The Pastelle Collective,Review - TMNG,"MEGA
Pillowcase","Yedits.net (Site Exclusive)
Yedits.net"
Good Ass Job,↳ Alt:,Winter-Spring-Summer-Fall,"GAJ comp with a tracklist based on the WSSF concept and personal edits with some Pastelle parts, albeit with alternative takes on them.",jason,,"MEGA
Google Drive",[untitled]
,Renovations,,,,,,
Good Ass Job,,g00d a$$ Job,GAJ rework imagining a synthy pop-inspired record released in early 2010. Has a balanced track selection of MBDTF album track edits implementing various demo elements and LP5 scraps often associated with the GAJ era.,IcyEdits,Review - thai,MEGA,"Yedits.net
[untitled]"
Good Ass Job,,The 4 Seasons: W.S.S.F,"B Side to ""Good Ass Job"", with a much more melodic direction that mashes the pop, synthy sound of Graduation and the soul sample sound of TCD that the prequel comp had utilised but presented in a much more grounded way.",Santino,,MEGA,"Yedits.net
[untitled]"
Good Ass Job,,Good Ass Job,"GAJ comp utilizing the more unique tracks of the era, whether they are the well-known, defining ones or more obscure picks, such as features or from leaked beats. All of the songs have been reworked with new vocals and a merge of the production styles found on Graduation and MBDTF.",Santino,,MEGA,"Yedits.net
[untitled]
[untitled] (Bonuses)"
Good Ass Job,,Winter Spring Summer Fall,"Comp set in late 2009 where the VMAs incident never happened, featuring unheard and/or more obscure songs from 808s-GAJ-MBDTF eras, edited in a laidback, simplistic style without much reworking or maximallism.",ApeHard,,MEGA,"Yedits.net
[untitled]"
,Vanilla-style,,,,,,
Good Ass Job,,"🌟Good Ass Job
V2",Collection of tracks remastered and restructured with little added prod or reimaginings. The best way to listen to the leaks/OG LP5 songs.,"SimpleJosh
(a.k.a. Close Salami)",,MEGA,"Yedits.net
[untitled]"
Good Ass Job,↳ Alt:,"Good Foot Job
The Director's Cut","Alternative take on the comp above. Fleshes out and experiments with the lesser known demos of the era by adding verses or production changes that adhere to the original leaks. Please, ignore the stupid name and cover.","SimpleJosh
(a.k.a. Close Salami)",,MEGA,
Good Ass Job,,"Good Ass Job
V2","Classic GAJ comp with minimal MBDTF overlap and a few G.O.O.D. Fridays tracks. Songs have been restructured, and in a few cases reworked, to make an accurate imagining of the album that still retains listenability and quality.","Ivory
(a.k.a. Ivy & casual)",,MEGA,[untitled]
,Honorable Mentions,,,,,,
Good Ass Job,,"Good Ass Job
4.19.10",Somewhat simple GAJ comp that adds verses and features to nearly every beat from the demo beat copy along with some more obscure LP5 beats.,biob,,MEGA,
"1 Overhaul
1 Renovation
3 Extensions
3 HMs",,"My Beautiful Dark Twisted Fantasy
(My Dark Twisted Fantasy)",,"Highlights:
⭐My Beautiful Dark Twisted Symphony - quent.in
🌟My Beautiful Dark Twisted Fantasy (Mike Dean Live Inspired) - Harley Banks",,,
,Overhauls,,,,,,
My Beautiful Dark Twisted Fantasy,,⭐My Beautiful Dark Twisted Symphony,5 songs from Kanye's magnum opus with new string arrangements meant to enhance the listening experience and offer a more cinematic atmosphere to Kanye West's most lavish project to date.,quent.in,,"MEGA
Google Drive",[untitled]
,Renovations,,,,,,
My Beautiful Dark Twisted Fantasy,,"🌟My Beautiful Dark Twisted Fantasy
(Mike Dean Live Inspired)",MBDTF comp that makes the original album experience even grander with new synths and production inspired by Mike Dean's live production.,Harley Banks,,MEGA,[untitled]
,Extensions,,,,,,
My Beautiful Dark Twisted Fantasy,,"My Beautiful Dark Twisted Fantasy
(Extended)","Extended MBDTF comp, utilizing the recordforhype.zip interlude tracks as well as added G.O.O.D. Friday songs, scrapped features, sample intros/outros and restructures to make the songs feel grander.",JonJeffJonJon,,"MEGA
MEGA
Google Drive",
My Beautiful Dark Twisted Fantasy,,Hell Of A Life,"High quality BSB Dante extension, with sample showcases, added non-album tracks and any extra official elements available around the era.",BSB Dante,,"MEGA
MEGA","Yedits.net
[untitled]"
My Beautiful Dark Twisted Fantasy,,Good Ass Job,"Classic LP5 comp based on the Donda's Boy rumor, with every song drawn out with intros, outros and scrapped/remix features to all be 10 minutes long. Has an hour long Runaway bonus stringed from different live performances.",88888u,,"MEGA
Google Drive",[untitled]
,Honorable Mentions,,,,,,
My Beautiful Dark Twisted Fantasy,,"My Beautiful Dark Twisted Fantasy
Remastered",Remastered version of release My Beautiful Dark Twisted Fantasy.,u/fosterlynch,,MEGA,
My Beautiful Dark Twisted Fantasy,,"G.O.O.D. Fridays
(Remastered)",Remastered version of the GF 2010 singles.,Chropic,,MEGA,
My Beautiful Dark Twisted Fantasy,,"✨Good Kid, Twisted Fantasy
(with Kendrick Lamar)",Mashup album of MBDTF and GKMC. Got covered by multiple news outlets and even a reaction from Anthony Fantano. Sequel to 2049.,Toasty Digital,,MEGA,"YouTube
Yedits.net"
"1 Extension
1 Remix
1 HM",,"Watch The Throne
(Collaboration with JAY-Z)",,"Highlights:
⭐Return Of The Throne - Reborn Sinner",,,
,Extensions,,,,,,
Watch The Throne,,The Throne,"High quality BSB Dante extension, with sample showcases, added non-album tracks and any extra official elements available around the era.",BSB Dante,,"MEGA
MEGA",[untitled]
,Remixes,,,,,,
Watch The Throne,,⭐Return Of The Throne,"Comp imagining a realistic sequel to WTT released in 2013. Focused more on sonics similar to JAY-Z’s Magna Carta…Holy Grail album, featuring reworks and recreations of tracks from there as well as of WTT era tracks.",Reborn Sinner,,MEGA,Yedits.net
,Honorable Mentions,,,,,,
Watch The Throne,,"Watch The Throne
Remastered",Remastered Version of release Watch The Throne.,u/fosterlynch,,MEGA,
1 Overhaul,,"Cruel Summer
(Collaboration with G.O.O.D. Music)",,"Highlights:
N/A",,,
,Overhauls,,,,,,
Cruel Summer,,✨Seasonal Affective Disorder,"EDM-inspired Cruel Summer rework. Based off the original tracklist, but with a couple songs removed and a couple from the era added. Songs range from the original songs with extra keys to actual entirely different instrumentals.",GHOSTWLKAR,,MEGA,[untitled]
"3 Renovations
2 Vanilla-style
1 Alt
4 HMs",,Thank God For Drugs,,"Highlights:
⭐Thank God For Drugs - SimpleJosh
🌟Lost Yeezus V2 - SimpleJosh",,,
,Renovations,,,,,,
Thank God For Drugs,,⭐Thank God For Drugs,"Extensive LP6 comp covering almost everything known about in the eras, with new production based on the album tracks' demos, as well as extended and reworked leaks. Considered a timeless comp amongst the community.","SimpleJosh
(a.k.a. Close Salami)",,MEGA,"Yedits.net
[untitled]"
Thank God For Drugs,,Thank God For Drugs,Community comp using SJ's version as a backbone while still adding plenty of new production based on the source material and some trap influences. Covers even more content than SJ's due to covering new leaks as well.,Jozzuh & Co.,,"MEGA
Google Drive",
Thank God For Drugs,↳ Alt:,"Thank God For Drugs
Akimbo's Cut","Akimbo's personal cut of the main comp, polishing and stripping down most of the tracklist songs. Considered a more accurate rendition of the era.",Akimbo,,MEGA,"Yedits.net
[untitled]"
Thank God For Drugs,,Black American Psycho,LP6 comp containing various reworks and recreations of songs based on established and newly surfaced material from the era along with samples from the movie American Psycho inspired by BSB Dante's BAP comp.,Solidus Jack,Review - ASMODEUS,MEGA,Yedits.net
,Vanilla-style,,,,,,
Thank God For Drugs,,"🌟Lost Yeezus
V2",LP6 comp focused on improving and polishing various leaks of the era with as little reworking as possible to preserve their original atmospheric sound. The best way to experience the old and new LP6 leaks in an accurate way.,"SimpleJosh
(a.k.a. Close Salami)",,MEGA,Yedits.net
Thank God For Drugs,,Thank God For Drugs,"Personal LP6 rendition attempting to stay accurate to the more grandiose, scattered electronic style of the earliest demos without adding or overhauling much of the production already present in them and their released versions.",Matsu,,MEGA,
,Honorable Mentions,,,,,,
Thank God For Drugs,,"Yedits Presents:
Thank God For Drugs","2nd installment in the YP series. Encapsulates the dreamy, maximalist vibe that was thought to be part of the era. Some edits were updated for SimpleJosh's TGFD but its other edits are still worth checking out.",Yedits Presents Team,,"MEGA
MEGA (Sessions)
Google Drive
Google Drive (Sessions)",Yedits.net
Thank God For Drugs,,Drugs Made Yeezus,"Comp acting as a hybrid of the Yeezus album tracks and leaks, merging elements from release, leaks or edits from other people.",Leo,Review - Regular.JJ,MEGA,
Thank God For Drugs,,✨Thank God For Drugs,Reimagining of LP6 material combined into a comp resembling a prog album. Uses interludes and leitmotifs to make an experience different from Yeezus.,themusicnerdguy,"Review - the.g4mbik
Review - Taco
Review - dondhi","MEGA
MEGA",Yedits.net
Thank God For Drugs,,Thank God For Drugs,"LP6 comp aiming for an overproduced and scattered feel, whether it be through added/reworked production or complete reimaginings.",paci & bobert,,MEGA,
"1 Overhaul
2 Renovations
2 Vanilla-style
1 Extensions
6 HMs",,Yeezus,,"Highlights:
⭐GOD WANTS YOU - windybro",,,
,Overhauls,,,,,,
Yeezus,,⭐GOD WANTS YOU,"Complete re-envisioning of Yeezus, warping the album into a horrorcore, experimental collage containing multiple samples from the Twin Peaks show, as well as even more added production that still retains elements of release.",windybro,,MEGA,"Yedits.net
[untitled]"
,Renovations,,,,,,
Yeezus,,"YEEZUS
REMASTERED","Reimagined version of Yeezus to be more detailed, polished, and directed in a new way, incorporating several elements from the OG versions and still preserving the abrasiveness and boldness of the released project.",IcyEdits,,MEGA,Yedits.net
Yeezus,,NOT FOR SALE,Yeezus comp with grittier production reminiscent of industrial sounds and different arrangements to make the songs more complete for the editor's liking. Contains all the released songs as well as Awesome and 4444.,"DJ GOTHFUKKER
(a.k.a. REBORNSAINT & sohelpmegod._)",,MEGA,Yedits.net
,Vanilla-style,,,,,,
Yeezus,,"Yeezus
(Extended)",Curated Yeezus comp with various QoL changes across the TL as well as merging and incorporating several edits from other LP6 comps.,Soundwave,,"MEGA
MEGA
Google Drive",
Yeezus,,Yeezification,"Double disc comp with one on Yeezus and the other on Yeezus II (and this one is not very good). Has added alternative production on some aspects of the songs such as drums or synths, but no huge overhauls.",ahmed2.0_,,"MEGA
Google Drive",[untitled]
,Extensions,,,,,,
Yeezus,,"Yeezus
(Extended)","Extended Yeezus comp, with added features, leaks and any extra official instrumentation, mostly live, available around the era. Steers somewhat from the original experience sometimes but very extensive otherwise.",JonJeffJonJon,,"MEGA
Google Drive",
,Honorable Mentions,,,,,,
Yeezus,,"Yeezus
Remastered",Remastered Version of release Yeezus.,u/fosterlynch,,MEGA,
Yeezus,,Not For Sale,"High quality BSB Dante extension, with sample showcases, added non-album tracks and any extra official elements available around the era.",BSB Dante,,MEGA,[untitled]
Yeezus,,Black American Psycho,"Very long extension of Yeezus, lasting 2 hours and a half. Much more interesting listen due to the bigger amount of extensions but the quality of these isn't as consistent as Dante's other comps in his extended series.",BSB Dante,,"MEGA
Google Drive",YouTube
Yeezus,,✨YESSIAH,Reimagining of Yeezus with a variety of production overhauls to build upon the core ideas of the songs or bring them to entirely different directions.,OBELISC,,"MEGA
MEGA (Stems)","YouTube
[untitled]"
Yeezus,,"✨YEEZUS
REDEEMED",Incredibly unique and experimental remix of most release Yeezus tracks. Contains new production and samples that make for a refreshing LP6 listen.,cres,Review - Guts,MEGA,"YouTube
[untitled]"
Yeezus,,SPECIAL IMPORT,"Different take on Yeezus, presenting a hybrid of the misc Yeezus-era rap songs and alt takes on traditional Yeezus songs.",Bliss Collective,,,[untitled]
"1 Renovation
1 Vanilla-style",,"Cruel Winter [V1]
(Collaboration with G.O.O.D. Music)",,"Highlights:
⭐Cruel Winter - ahmed2.0_ & Co.",,,
,Renovations,,,,,,
Cruel Winter [V1],,⭐Cruel Winter,"Comp envisioning short but finished versions of both the 2013/2014 and 2016/2017 iterations of Cruel Winter, expanding on their respective sounds and including tracks from other closely related eras.",ahmed2.0_ & Co.,Review - Taco,MEGA,"Yedits.net
[untitled]"
,Vanilla-style,,,,,,
Cruel Winter [V1],,"Cruel Winter
(2014)", 2014 CW tracks with QoL changes and new features/verses to flesh them out into a real G.O.O.D. Music project from the time period.,pablo999,,MEGA,[untitled]
"1 Overhaul
3 Renovations
4 HMs",,"Yeezus 2
(Lost Yeezus, New Yeezus)",,"Highlights:
⭐Yeezus II - luwi",,,
,Overhauls,,,,,,
Yeezus 2,,SENSATIONAL,"Y2 comp that aims to be a different take than usual, by adding production, changing structures and a lot of changes that heighten the experience of the era, as well as a very unique Y2 selection of songs with very diverse sounds.",Solidus Jack,"Review - TMNG
Review - Taco",MEGA,Yedits.net
,Renovations,,,,,,
Yeezus 2,,⭐Yeezus II,"Yeezus-length rendition of Y2, covering almost all the aspects presented by songs from the era, now with new production, structures, verses and ideas to make them more polished and release ready.",luwi,"Review - Akimbo
Review - TMNG
Review - Taco",MEGA,"Yedits.net
[untitled]"
Yeezus 2,,"Yeezus 2
(hc's Version)","Y2 track collection with a heavy emphasis on the early freestyle demos, with these being demumbled, restructured and even including some added production, all while still remaining faithful to the source material.",hc,Review - TMNG,MEGA,"YouTube
Yedits.net
[untitled]"
Yeezus 2,,Yeezus II,"Y2 take that aims to turn it into a project more akin to a commercial album, with a tracklist consisting of a balanced selection of released songs and leaks to represent a more release ready vision of the the era's uniqueness.",windybro,,"MEGA
Pillowcase","Yedits.net
[untitled]"
,Honorable Mentions,,,,,,
Yeezus 2,,✨Halloween EP,"Short, classic rework based on the rumored 3 track drop from Kanye in 2014. Surprisingly consistent and still holds up really well.",SimpleJosh,,"MEGA
Google Drive",
Yeezus 2,,Yeezus II,One of the most popular classic Y2 comps with a now-outdated selection of tracks to lean heavily on the abrasiveness of our early knowledge of the era.,Oreo Eater,,"MEGA
Pixeldrain",
Yeezus 2,,Yeezus II: The Lost Chapter,"Old reimagining of Yeezus 2 as a direct OG version of TLOP, with stripped down prod on some tracks to reflect the minimalism found on Yeezus.",Solidus Jack,,"MEGA
Google Drive","Yedits.net
[untitled]"
Yeezus 2,,"✨Yeezus 2
(11.11.13)","Short comp of around 5 tracks that aims to make the first copy of Yeezus 2 more enjoyable by restructuring, cutting down, mixing and adding production.",RPPY,,MEGA,[untitled]
"2 Overhauls
4 Renovations
2 Vanilla-style
1 HM",,"So Help Me God
(SWISH, Chiraq, Ye-Ye, Wolves, ULTRA)",,"Highlights:
⭐So Help Me God - windybro",,,
,Overhauls,,,,,,
So Help Me God,,"So Help Me God
V2","Classic and concise comp of just 9 LP7 songs that still mostly hold up today. Home to the incredible FourFiveSeconds rework with industrial production, among other additions expanding on the dark and aggressive reputation that the SHMG era was thought to originally have.",pxblo,,MEGA,"YouTube
Yedits.net
[untitled]"
So Help Me God,,✨CHIRAQ,"Alternate take of LP7 songs (mainly SHMG) with rock influences, soul samples and a LOT of custom-made beatswitches. Not always consistent but very creative. Contains a generational All Day rework.",Yuri,Review - Taco,MEGA,"Yedits.net (Director's Cut)
[untitled]"
,Renovations,,,,,,
So Help Me God,,⭐So Help Me God,"Rework of SHMG built on top of our modern perception of the album, incorporating plenty of new leaks and info from the era, along with many incredible production and feature additions, creating a fresh LP7 experience.",windybro,"Review - kebabmf
Review - flippy","MEGA
Pillowcase","Yedits.net
[untitled]"
So Help Me God,,So Help Me God: Angels,"Community comp consisting of various LP7 songs, with several reproduced elements to make them sound as high quality as possible and some track overhauls sprinkled here and there. Notably broke the old dark reputation the SHMG era had by delivering a more accurate reimagining of the project.",Magik & Co.,"Review - wyomingfr
Review - the.g4mbik",MEGA,"Yedits.net
[untitled]"
So Help Me God,,So Help Me God,"SHMG rework heavily inspired by pxblo's comp, modernizing and expanding on the concepts of its inspiration. Contains an amazing All Your Fault and a beautiful I Feel Like That. Released with a scrapped SWISH comp.",themusicnerdguy,Review - Berais,MEGA,YouTube
So Help Me God,,So Help Me God,"SHMG take focused more on the dark, grimey sonics. Covers LP7 in general like Angels, but is also more updated and grounded in its editing style.",ambitousgoat23,Review - noahthakid9,MEGA,[untitled]
,Vanilla-style,,,,,,
So Help Me God,,"So Help Me God
V3","Comp consisting of various LP7 leaks fitting the SHMG era, all remastered and touched up to be as high quality and complete as possible, while still sounding super close to the source material. Currently outdated.","SimpleJosh
(a.k.a. Close Salami)",,MEGA,
So Help Me God,,So Help Me God,"SHMG take that emulates the feel of a classic and simple comp from 2021, putting aside most new info to make a very well-rounded LP7 experience.",Matsu,,"MEGA
Google Drive",
,Honorable Mentions,,,,,,
So Help Me God,,"So Help Me God
Remastered","Collection of remastered LP7 leaks and edits with an emphasis on a more positive and upbringing sound, inspired by the gospel aspect of TLOP.",u/fosterlynch,,MEGA,
"3 Renovations
2 Vanilla-style
2 HMs",,SWISH,,"Highlights:
⭐WAVES - Solidus Jack",,,
,Renovations,,,,,,
SWISH,,⭐WAVES,Rework of SWISH material with new production that incorporates the leaks and provides alternative takes on its TLOP counterpart where applicable. Contains an amazing Forever edit.,Solidus Jack,Review - TMNG,MEGA,"Yedits.net
[untitled]"
SWISH,,"SWISH
(poofartpoo Edition)",Classic SWISH rework with added synths and production to give some TLOP songs a more electronic feel. Home to the strange Africa 30 Hours edit.,poofartpoo,,MEGA,[untitled]
SWISH,,SWISH,Early SWISH rework with edits of leaks and non-album releases. Not exactly an accurate envisioning of the era but a good alt TLOP experience.,Rose,,"MEGA
Google Drive",
,Vanilla-style,,,,,,
SWISH,,SWISH,"Polished take of 14 SWISH tracks with new drums, elements from various leaks, changed structures and improvements on mixing.",Akimbo,Review - Days Dissolve,"MEGA
Google Drive",Yedits.net
SWISH,,"✨YEFFERY
(with Young Thug)","Simple LP7 comp imagining the era as a collab between Kanye and Thug, featuring official songs between them and other songs with added verses.","HEAT DEATH
(a.k.a. The Biggest Stepper & ezpz)",,,[untitled]
,Honorable Mentions,,,,,,
SWISH,,"SWISH
(Fern's Version)",7 track SWISH comp including the more trap-influenced songs from the era.,FernTheHuman,,"MEGA
Google Drive",
SWISH,,"✨THE OVERGROUND HELL ROAD
(with Kendrick Lamar)",Ye x Kendrick tape circa 2016. Has a mix of the warm sampley vibe on the latter half of TLOP with the jazzy free instrumentation of untitled unmastered.,themusicnerdguy,"Review - lord_eyad_egg
Review - Argonaut",MEGA,"YouTube
Yedits.net"
"1 Renovation
3 Vanilla-style
1 Alt",,"808s & Heartbreak
Live At The Hollywood Bowl",,"Highlights:
⭐808s & Heartbreak: Live At The Hollywood Bowl - SimpleJosh",,,
,Renovations,,,,,,
808s & Heartbreak: Live At The Hollywood Bowl,,808s & Orchestration,"Maximalist take of 808s using and expanding on the Hollywood Bowl orchestra, further clashing against the original 808s' electric aesthetic. Outdated due to being made before the CDQ leak but is still enjoyable.","TakaTyphoon
(a.k.a. takiblue)",,"MEGA
Pillowcase","Yedits.net
[untitled]"
,Vanilla-style,,,,,,
808s & Heartbreak: Live At The Hollywood Bowl,,"⭐808s & Heartbreak
Live At The Hollywood Bowl","SimpleJosh's take on the CDQ Hollywood Bowl 808s material. Uses the stems to seamlessly include QoL changes across the songs, as well as adding the scrapped Caroline Shaw interludes replacing the performance's interludes and the SWISH versions of Wolves and WISI as bonuses.","SimpleJosh
(a.k.a. Close Salami)",,MEGA,
808s & Heartbreak: Live At The Hollywood Bowl,,"808s & Heartbreak
Live At The Hollywood Bowl",Akimbo's CDQ Hollywod Bowl 808s mix. Includes the scrapped Caroline Shaw interludes as well as replacing Pinocchio Story with the edit from his original 808s comp due to it being closer to the performance's version.,Akimbo,,MEGA,
808s & Heartbreak: Live At The Hollywood Bowl,,"808s & Heartbreak
Live At The Hollywood Bowl","Fully mixed version of the Hollywood Bowl peformance of 808s & Heartbreak, containing various small QoL changes and improved mixing along with it.",Akimbo,,MEGA,[untitled]
808s & Heartbreak: Live At The Hollywood Bowl,↳ Alt:,"808s & Heartbreak
At The Hollywood Bowl",Minimal crowd noises remaster of the Hollywood Bowl 808s performance. Uses Akimbo's Hollywood Bowl 808s remaster as a base for the main tracks.,Orpheus,,MEGA,[untitled]
"2 Renovations
4 Extensions
3 HMs",,"The Life Of Pablo
(So Help Me God, SWISH, WAVES)",,"Highlights:
⭐My God Is Awesome - windybro
🌟The Life Of Pablo (Radikal Redux) - Jak Radikal",,,
,Renovations,,,,,,
The Life Of Pablo,,⭐My God Is Awesome,"TLOP rework containing added tracks, production and features all coming together to merge the released sound with material from the SWISH era. Great way to experience the LP7 macro-era as a whole.",windybro,,MEGA,[untitled]
The Life Of Pablo,,Ultralight Beam,"First real attempt at transforming the TLOP era, with an all-new tracklist with LP7 leaks and a select few from released. Has added production on almost all the tracks to create a unique, guitar-influenced hip-hop experience.",JonJeffJonJon,,"MEGA
Google Drive",[untitled]
,Extensions,,,,,,
The Life Of Pablo,,"🌟The Life Of Pablo
(Radikal Redux)",TLOP comp that selects changes made by BlockaShotya and Dorian Ye and combine them with the creator's own personal edits to create the most optimal TLOP experience as possible. Good balance between the 2 projects.,Jak Radical,,MEGA,"Bandcamp
[untitled]"
The Life Of Pablo,,"The Life Of Pablo
(Extended Edition)","Early extended comp that expands on released songs with sample intros/outros, added features and other new instrumental segments. Contains moments such as a Pt. 2 cypher and an extended piano outro on FML.",BlockaShotya,,"MEGA
Google Drive
Pillowcase",
The Life Of Pablo,,The Life Of Paul,"Early TLOP rework from 2017 that provides alternative versions of each released TLOP songs, albeit with only slight changes like restructure of segments or new intros/outros. One of the most popular classic comps.",Dorian Ye,,MEGA,[untitled]
The Life Of Pablo,,Album Of The Life,"Collection of TLOP songs, non-album singles and LP7 leaks with minimal changes and extensions to create a complete picture of the time period.",Matsu,,"MEGA
Google Drive",
,Honorable Mentions,,,,,,
The Life Of Pablo,,"The Life Of Pablo
Remastered",Remastered version of release The Life of Pablo.,u/fosterlynch,,MEGA,
The Life Of Pablo,,Saint Pablo,"High quality BSB Dante extension, with sample showcases, added non-album tracks and any extra official elements available around the era.
Somewhat redundant due to the other extension TLOP comps.",BSB Dante,,MEGA,[untitled]
The Life Of Pablo,,"✨The Death Of Pablo
+ The Legacy Of Pablo","Fan album taking snippets of TLOP to distort and transform them beyond recognition into a noisy, haunting reimagining of the album inspired by a 4chan user's nightmare. Gained notoriety from being reviewed by various music publications. Received a sequel called The Legacy Of Pablo.",The Pablo Collective,,,"YouTube (TDOP)
YouTube (TLeOP)
Bandcamp (TDOP)
Bandcamp (TLeOP)"
"1 Renovation
1 Vanilla-style
1 HM",,"Cruel Winter [V2]
(Collaboration with G.O.O.D. Music)",,"Highlights:
⭐Cruel Winter - ahmed2.0_ & Co.",,,
,Renovations,,,,,,
Cruel Winter [V2],,⭐Cruel Winter,"Comp envisioning short but finished versions of both the 2013/2014 and 2016/2017 iterations of Cruel Winter, expanding on their respective sounds and including tracks from other closely related eras.",ahmed2.0_ & Co.,Review - Taco,MEGA,"Yedits.net
[untitled]"
,Vanilla-style,,,,,,
Cruel Winter [V2],,"Cruel Winter
(2017)",Collection of polished edits surrounding the CW era and its G.O.O.D. Music signees. Released alongside a Blobama comp.,SimpleJosh,,MEGA,
,Honorable Mentions,,,,,,
Cruel Winter [V2],,Cruel Winter,"Early CW comp featuring known tracks from the era and other songs by or with G.O.O.D. Music signees of the time period, adding some features throughout to make it feel more crowded, like a true label compilation album.",Batby,,"MEGA
Google Drive",
"1 Overhauls
4 Renovations
2 HMs",,TurboGrafx16,,"Highlights:
⭐ULTRA! - Minerva",,,
,Overhauls,,,,,,
TurboGrafx16,,"TurboGrafx16
(poofartpoo Edition)","Overhaul of TG16 songs and other LP7 tracks with a heavy emphasis on futuristic synths and electronic-trap noises, with various video game samples sprinkled throughout to make for a fun experience.",poofartpoo,Review - chrispo,MEGA,"Yedits.net
[untitled]"
,Renovations,,,,,,
TurboGrafx16,,⭐ULTRA!,"Modern TG16 compilation expanding on the ideas presented by both SimpleJosh's TG16: Indigo Sound and Minerva's own PC Engine comps. Contains new reproductions, drums, synth usage and vocal features. Currently the best, most consistent TG16 rework.",Minerva,Review - chrispo,"MEGA
MEGA (PCEV2)
Google Drive (PCEV1)","Yedits.net
Yedits.net (PCEV2: TG16)
Yedits.net (PCEV2: SG)"
TurboGrafx16,,TurboGrafx16: Indigo Sound,"The first fully fleshed out TG16 rework, compiling together rumored tracks with amazing-flowing tracklist and fulfilling album experience that preserves the core sound of the original tracks. The definitive TG16 experience.","SimpleJosh
(a.k.a. Close Salami)",,"MEGA
MEGA
Google Drive",Yedits.net
TurboGrafx16,,TurboGrafx16: Zulu,"TG16 comp heavily inspired by Keyon Christ's production and Indigo Sound, seamlessly incorporating synths, drums, bass, and other elements to create a distinct mix of analog and organic sounds unique to this comp.",lilac,,MEGA,[untitled]
TurboGrafx16,,Turbo Grafx 16,Synth-heavy rework of various TG16 and other closely tied LP7 tracks.,windybro,,"MEGA
Pilowcase",Yedits.net
,Honorable Mentions,,,,,,
TurboGrafx16,,✨Graveyard,Short rework of songs from the Graveyard rumor with TG16-style production.,YeezyJointz,,"MEGA
Google Drive",
TurboGrafx16,,✨3A-TG16,"Comp of TG16 songs and rumored tracks with completely new futuristic original instrumentals, resembling little to none of its original variants.",trip3a,,MEGA,[untitled]
"1 Overhaul
1 Remix",,"Wolves
(Collaboration with Drake)",,"Highlights:
⭐Wolves - bobert & Co.",,,
,Overhauls,,,,,,
Wolves,,⭐Wolves,"Imagining of a collab album by Kanye West and Drake dropped in 2018. Includes the leaked Wolves beats as well as miscellaneous material from the Wyoming sessions, merging the sampley beats with an electronic sound.",bobert & Co.,Review - chrispo,MEGA,Yedits.net
,Remixes,,,,,,
Wolves,,✨For All The Wolves,"Mashup comp with new production aiming to make a fully fledged Kanye / Drake album. Not fully era accurate, although amazingly well made. Said to have broken the ""Wolves Curse"".",Adn80,,Dropbox,YouTube
"1 Overhaul
1 Renovation
4 Vanilla-style
1 HM",,LOVE EVERYONE,,"Highlights:
⭐Love Everyone: Spirits - Default_Miserable",,,
,Overhauls,,,,,,
LOVE EVERYONE,,"✨Metta World Peace
(with Bon Iver)","Imagining of a short collab between Kanye and Bon Iver made during the 2017-2018 Wyoming sessions, using scraps from ye and LOVE EVERYONE as well as released iMi songs and other Bon Iver material from 2018. Contains added verses from Kanye and other features where necessary.",creeptheme,,MEGA,
,Renovations,,,,,,
LOVE EVERYONE,,"Yedits Presents:
Love Everyone","4th installment of the YP series. Has several beat overhauls, song recreations and new verses/features spread across 20+ tracks by several top editors at the time. Contains an amazing SimBap rework but otherwise can be a bit bloated and questionable at times.",Yedits Presents Team,,"MEGA
Google Drive
Pillowcase",Yedits.net
,Vanilla-style,,,,,,
LOVE EVERYONE,,⭐Love Everyone: Spirits,"Classic rework of LE with a mixture of slight tweaks and total song overhauls, containing stripped down and reordered elements to make a seamless experience that leans on the barebones, slight horrorcore aspect of the era.",Default_Miserable,,"MEGA
Google Drive",Yedits.net
LOVE EVERYONE,,Love Everyone,LE comp focusing on the spiritual songs along with the empathetic songs that actually fit the title LE but also the most psychedelic sounding songs. Very cohesive sounding and has no mumble other than 1 song.,"SimpleJosh
(a.k.a. Close Salami)",,MEGA,
LOVE EVERYONE,,Love Everyone,Personal LE comp designed to be minimalistic to drive home the messages and thoughts Kanye had brewed up during this era. Contains a brilliant stripped back Violent Crimes edit that gives more weight to Chance's verse.,caroline,,MEGA,[untitled]
LOVE EVERYONE,,Love Everyone,"7-track comp imagining what a version of Love Everyone from before the TMZ rant. Contains QoL improvements as well as minimal additions resulting in recreations of well-known, yet usually untouched ideas of the era.",louiebag,,MEGA,Yedits.net
,Honorable Mentions,,,,,,
LOVE EVERYONE,,Peace & Love,"LE comp based on making a sample-rich, warm, and ornate environment, reworking tracks from the era and the other Wyoming albums. ",themusicnerdguy,,MEGA,YouTube
"1 Overhaul
4 Renovations
2 Extension
1 Alt
3 HMs",,ye,,"Highlights:
⭐Omari (Deluxe) - Lionel Scott
🌟Graveyard (1st Anniversary Edition) - themusicnerdguy",,,
,Overhauls,,,,,,
ye,,"🌟Graveyard
(1st Anniversary Edition)","Wyoming era comp centered around a merge dark vibes with fun sampley elements like its LE counterpart, Peace & Love. Very cinematic and unique experience that best mimics the sampley trait of the Wyoming eras.",themusicnerdguy,,"MEGA
MEGA (V1)","YouTube
YouTube (V1)
Yedits.net"
,Renovations,,,,,,
ye,,"⭐Omari
(Deluxe)","Incredible Wyoming era comp containing outstanding edits with production overhauls, added features and more. A full expression of what ye could have been if it went in a much more maximallist route. Despite being updated with new bonuses and different mixing, some people might prefer V1.",Lionel Scott,,"MEGA
MEGA (V1)","Yedits.net
[untitled] (V1)"
ye,↳ Alt:,Love.,Personal LP8 cut that serves as an alt Omari experience by including several edits directly or derived from the above comp with audio tweaks throughout.,Akimbo,,MEGA,
ye,,Thirty Mile Zone,"Comp using the 21/05/2018 ye tracklist with every song on it being reworked with added production and verses, creating a fun alternative ye LP.",chang0099,,"MEGA
Pillowcase",[untitled]
ye,,ye,"Classic ye comp infamous for the ""Ghost Town/Violent Crimes but it will make you ascend to the 4th dimension"" edits on YouTube with heavy usage of synths, samples, live performances and a complete overhaul in vibe for the 2 last songs of the album. Might, just might, be a product of its time.",JonJeffJonJon,,MEGA,"Yedits.net
[untitled]"
ye,,"ye
(Mike Dean Inspired Edit)","Complete rework of ye that adds Mike Dean-like synths to each song, giving the usually short album a much more atmospheric and fulfilling feel.",Harley Banks,,MEGA,[untitled]
,Extensions,,,,,,
ye,,All That Matters,Megamix of LP8 material with edits that don't break out of the original sound. Very good way to know the macro-era at ground level.,Matsu,,"MEGA
Google Drive",[untitled]
ye,,In The Sunken Place,"High quality BSB Dante extension, with sample showcases, added non-album tracks and any extra official elements available around the era. Contains both ye and KSG material.",BSB Dante,,"MEGA
MEGA",[untitled]
,Honorable Mentions,,,,,,
ye,,"ye
Remastered",Remastered version of release ye.,u/fosterlynch,,MEGA,
ye,,"Wyoming
Remastered","Collection of remastered songs which had Kanye's involvement in, either as Kanye's own songs, feature or production credits.",u/fosterlynch,,MEGA,
ye,,Wyoming Love,Extensive overhaul of Wyoming material with new beats as well as added production to existing song. Inconsistent at times but otherwise a great effort.,LuCas,,MEGA,[untitled]
"1 Extension
1 Remix
1 HM",,"KIDS SEE GHOSTS
(Collaboration with Kid Cudi) (Everybody Wins)",,"Highlights:
⭐Kids See Ghosts 2 - razacosmica",,,
,Extensions,,,,,,
KIDS SEE GHOSTS,,In The Sunken Place,"High quality BSB Dante extension, with sample showcases, added non-album tracks and any extra official elements available around the era. Contains both ye and KSG material.",BSB Dante,,"MEGA
MEGA",[untitled]
,Remixes,,,,,,
KIDS SEE GHOSTS,,⭐Kids See Ghosts 2,Fantastic comp imagining a second Kids See Ghosts album. Backed up by amazing instrumentals though verse selection maybe off in some places.,razacosmica,,"MEGA
Pillowcase",
,Honorable Mentions,,,,,,
KIDS SEE GHOSTS,,"Kids See Ghosts
Remastered",Remastered version of release Kids See Ghosts.,u/fosterlynch,,MEGA,
"1 Renovation
3 HMs",,"Good Ass Job (2018)
(Collaboration with Chance the Rapper) (Job Well Done)",,"Highlights:
⭐Job Well Done - Acid Collective",,,
,Renovations,,,,,,
Good Ass Job (2018),,⭐Job Well Done,"The first fully fledged out rework of this often ignored era, recreating and expanding on the material we have from it and other early Yandhi songs, adding production, verses and restructures where needed.",Acid Collective,,MEGA,"Yedits.net
[untitled]"
,Honorable Mentions,,,,,,
Good Ass Job (2018),,Good Ass Job,"Old and short 8 track rework of GAJ18 songs or Chance-related 2018 songs. Simple, but neat and very high-quality.",neon.abom,,"MEGA
Pillowcase",
Good Ass Job (2018),,Job Well Done,Comp editing recent GAJ18 leaks to build onto the Kanye & Chance album from the Wyoming sessions concept.,x3mili,,MEGA,[untitled]
Good Ass Job (2018),,Job Well Done,Short 7-track GAJ18 comp featuring the well-known songs from the era with new added Ye verses and 2 additional Chance songs.,cool_gamez,,MEGA,
"2 Overhauls
4 Renovations
1 Vanilla-style
2 Alts
1 OG
3 HMs",,Yandhi [V1],,"Highlights:
⭐Grandhi V2 - ahmed2.0_
🌟Yandhi: Revised Edition - CentralDogma",,,
,Overhauls,,,,,,
Yandhi [V1],,"⭐Grandhi
V2","Grand envisioning of Yandhi with new production, added verses and complete overhauls to make every track maximalist and packed to the fullest.",ahmed2.0_,Review - Akimbo,"MEGA
MEGA (V1 Deluxe)","Yedits.net
[untitled]
[untitled] (V1 Deluxe)"
Yandhi [V1],,✨SpaceX,"Space-themed Yandhi comp by JonJeffJonJon. Filled with luscious synths, rearrangements and other reworked elements.",JonJeffJonJon,,"MEGA
Google Drive",Yedits.net
,Renovations,,,,,,
Yandhi [V1],,"Yandhi
(Minerva's Edition)","Yandhi rework that attempts to experiment more with the era as a whole, maximizing Kanye's presence on the songs, varying up the structure to not feel repetitive and adding snappier sounding production.","Minerva
(a.k.a. isabtoddler)",,MEGA,Yedits.net
Yandhi [V1],,Yandhi,"Yandhi rework aiming to create a polished finished project out of the known Yandhi material, making QoL and production changes where necessary. One of the best, most focused Yandhi comps in recent time.",The NARCISSIST Team,"Review - TMNG
Review - luwi",MEGA,"Yedits.net
[untitled]"
Yandhi [V1],↳ Alt:,Yandhi,Lionel's personal Yandhi comp. Heavily influenced by the NARCISSIST Team's comp while incorporating his style to the edits he made or changed.,Lionel Scott,,MEGA,
Yandhi [V1],,Yandhi,"Rework of Yandhi tracks with added new samples, production and features. Can be a bit wild and overproduced sometimes but makes for a fun listening.",LuCas,,"MEGA
Google Drive",
Yandhi [V1],,"Yandhi
Harley Banks Rework (Radikal Redux)","Jak Radikal's redux of Harley Banks' classic Yandhi rework. Polished and updated with structure changes, added features, audio remasters and more. Very complete experience that covers all the aspects of the LP9 eras.",Jak Radical,,MEGA,"Bandcamp
[untitled]"
Yandhi [V1],↳ OG:,"Yandhi
Harley Banks Rework",Comp that served as the base for the above. Has many added instruments and standardized what a rework is. Has become somewhat outdated though.,Harley Banks,,MEGA,
,Vanilla-style,,,,,,
Yandhi [V1],,"🌟Yandhi
Revised Edition",Comp containing a balance of complete and purist edits of each song. Has transitions and a clear consistent theme. One of the most downloaded comps ever and and a good way to listen to a finished and accurate Yandhi.,CentralDogma,,"MEGA
MEGA",Yedits.net
Yandhi [V1],↳ Alt:,"Yandhi
CentralDogma Rework",Yandhi rework aiming to capture the vibe of the leaks and have the cleanest mixing possible. Some of the edits are based on Revised Edition's.,CentralDogma,,MEGA,[untitled]
,Honorable Mentions,,,,,,
Yandhi [V1],,Black Friday,"High quality BSB Dante extension, with sample showcases, added non-album tracks and any extra official elements available around the era.",BSB Dante,,"MEGA
MEGA",
Yandhi [V1],,"Yandhi
Definitive Deluxe Edition","Partially outdated 2020-2021 Yandhi comp. Contains a selection of edits from that time, with some reused or derived from BSB Dante's Black Friday comp.",slothinthebroth,,MEGA,
Yandhi [V1],,YandhAI,Yandhi comp with re-recorded and finished lyrics performed by djkvoop and ran through an AI filter based on various Kanye acapellas of the era.,djkcoop,,MEGA,[untitled]
"1 Overhaul
1 Renovation
1 Vanilla-style
1 HM",,Yandhi [V2],,"Highlights:
⭐Voyager2 - Aurora Team",,,
,Overhauls,,,,,,
Yandhi [V2],,⭐Voyager2,"YaV2-based comp, using nearly none of the typical YaV1 tracks. Has many wild additions in production, structures and features. Doesn't necessarily represent the LP9 eras accurately but it's still a very fun project.",Aurora Team,,"MEGA
Google Drive",
,Renovations,,,,,,
Yandhi [V2],,"Yandhi
ReSpin","Comp aiming to rework a variety of tracks made in 2018-2019, conveying a different experience to the usual Yandhi comps. Great balance between the well-known Yandhi songs and some more obscure YaV2 ones.","ChloeBlossom
(a.k.a. branchless & vynyllia)",,MEGA,
,Vanilla-style,,,,,,
Yandhi [V2],,Timbyeland,Very early JonJeffJonJon comp that attempts to reconstruct the Timbaland-produced material. There's no huge reworks (specially no Jon synths...) but there's still some applaudable attempts on here though.,JonJeffJonJon,,"MEGA
MEGA",
,Honorable Mentions,,,,,,
Yandhi [V2],,✨Yandhi Is King,Yandhi comp combining the best of both Yandhi and JIK. Kind of did not age well due to the resources at the time but still a very commendable effort.,u/msszero159,,"MEGA
Google Drive",[untitled]
"2 Renovations
2 Vanilla-style
1 Extension
4 HMs",,"JESUS IS KING
(Christ Jesus)",,"Highlights:
⭐Yedits Presents: Jesus Is King - Yedits Presents Team
🌟Jesus Is King (Rework) - Akimbo",,,
,Renovations,,,,,,
JESUS IS KING,,"⭐Yedits Presents:
Jesus Is King","3rd installment in the YP series. Contains much grander and cinematic production, topped off with new features. Despite some aspects showing their age, it still holds up greatly and is considered the definitive JIK rework.",Yedits Presents Team,Review - Akimbo,MEGA,"YouTube
Yedits.net
[untitled]"
JESUS IS KING,,"Jesus Is King
EP","EP-length JIK comp based on the work made for a cancelled, much bigger community comp. Contains a few edits expanding on songs of the era while maintaining the minimal, organic sound of the released project.","bianca.wav & Minerva
(a.k.a. isabtoddler) ^",,MEGA,[untitled]
,Vanilla-style,,,,,,
JESUS IS KING,,"🌟Jesus Is King
(Rework)","Edits of songs from the JIK era to touch up leaks and released songs to make them fuller and more complete, creating a more cohesive album experience while keeping it realistic to what Kanye could have made.",Akimbo,,MEGA,Yedits.net
JESUS IS KING,,✨worship,Minimalist JIK rework inspired by Pi'erre Bourne's style of production. Contains some fitting Yandhi and Donda material as well as restructures.,herqi,,MEGA,Yedits.net
,Extensions,,,,,,
JESUS IS KING,,Jesus Is Lord,"High quality BSB Dante extension, with sample showcases, added non-album tracks and extra official instrumentation available around the era. Home to the infamous Dua Lipa On God edit that still holds up to this day.",BSB Dante,,"MEGA
Pillowcase",
,Honorable Mentions,,,,,,
JESUS IS KING,,SAVED,"Classic JIK rework with added tracks, instruments and many other elements. A truly standout comp, though a bit worn out throughout time.",Harley Banks,,MEGA,[untitled]
JESUS IS KING,,Jesus Is Born!,"JIK comp aiming to create a proper rework of the era with added production, verses and mixing tweaks to turn the project into a great album.",themusicnerdguy & caroline,,"MEGA
MEGA (V1)","Yedits.net
[untitled]"
JESUS IS KING,,Our King Jesus,"JIK comp leaning towards a grander feel, mostly by including elements from alt versions of the songs and SSC performances interwoven into the tracks.",Matsu,,"MEGA
Google Drive",
JESUS IS KING,,✨Jesu Is King,"Scratched up JIK remix vinyl that includes album tracks, leaks from the era and some songs that just fit the vibe. ""Era inaccurate, glory immaculate.""",jœ,,MEGA,"YouTube
[untitled]"
"1 Vanilla-style
1 HM",,"JESUS IS KING: The Dr. Dre Version
(Collaboration with Dr. Dre) (JESUS IS KING II, JESUS IS LORD)",,"Highlights:
⭐Jesus Is King: The Dr. Dre Version - ._burner",,,
,Vanilla-style,,,,,,
JESUS IS KING: The Dr. Dre Version,,⭐Jesus Is King: The Dr. Dre Version,"All JIIK stuff in either highest available quality or upsampled. No production edits, just upsamples. Made with a new upsampling model that works much better than the past ones. Upsamples were done by ._burner.",._burner,,MEGA,
,Honorable Mentions,,,,,,
JESUS IS KING: The Dr. Dre Version,,Jesus Is King PII,14 track JIK 2 comp full of conceptual Dr. Dre-inspired remixes to bring JIK 2 closer to a final product. Probably not better than the leaked album though.,CentralDogma,,MEGA,
"3 Renovations
1 Vanilla-style
1 Alt
4 HMs",,"God's Country
(JESUS IS LORD, Our Beautiful Amazing Reality, Our Beautiful Light Clear Reality, Palm Springs)",,"Highlights:
⭐God's Country (v2.0) - Lionel Scott
🌟God's Country - SimpleJosh",,,
,Renovations,,,,,,
God's Country,,"⭐God's Country
(v2.0)","Aims to create what a finished GC album would have sounded like if it was released in 2020, albeit with some of Lionel's unique touches. Every song has been reworked from their original versions. Released with stems.",Lionel Scott,,MEGA,"Yedits.net
[untitled]"
God's Country,↳ Alt:,God's Country,"GC community comp with production, structure and general vibe changes across every track, forming a well-rounded experience for this unfinished era. Based on Lionel's work as it was originally envisioned as his third GC comp.",The NARCISSIST Team,"Review - TMNG
Review - chanoguide",MEGA,"Yedits.net
[untitled]"
God's Country,,God's Country  ,"GC comp with a choir-heavy soundscape with a lot of dark sonics. Made to be listened from start to finish, due to containing lead ups and transitions to each other. One of the most slept on and underrated GC comps ever.",Daystar,,MEGA,"Yedits.net
[untitled]"
God's Country,,"God's Country
(Jeen's Edition)",Short God's Country comp that aims to overhaul or recreate tracks to create an optimal listening experience. Outdated but still good.,"Jeen
(a.k.a. augurio)",,"MEGA
Pillowcase",
,Vanilla-style,,,,,,
God's Country,,"🌟God's Country
V3","GC comp centered upon QoL changes, minor production improvements several mixing and mastering tweaks to create the most complete yet realistic and release-ready GC album as possible.","SimpleJosh
(a.k.a. Close Salami)",Review - TMNG,MEGA,
,Honorable Mentions,,,,,,
God's Country,,Welcome To God's Kingdom,Extensive GC rework led by LuCas with collaborations from editors in the community. Contains very expansive and complete reworks for each song.,LuCas,,"MEGA
Pillowcase",
God's Country,,"✨Wash Us In The Blood
(with Travis Scott)","Imagining of an early 2021 Ye & Trav project. Aims to capture the dark and psychedelic sounds of both Utopia and GC, using tracks from both artists.",Dom,,MEGA,
God's Country,,R God's Country,Classic recreation of God's Country. One of the first GC reworks ever made.,Ringbert,,MEGA,
God's Country,,God's Country: Follow Me,16 track GC comp attempting to be a complete rework combining styles from each of the editors while still being true to the vision for the scrapped album. Creative but has lots of misses.,"Pekka, Sticky, Fshadow, EndriBaku, and herqi",,"MEGA
Pillowcase",
"4 Renovations
1 Vanilla-style
3 HMs",,"DONDA [V1]
(DONDA: WITH CHILD, DND: WTH CHLD, DND)",,"Highlights:
⭐Donda: With Child - ChloeBlossom
🌟Donda: With Child (Rework) - Akimbo",,,
,Renovations,,,,,,
DONDA [V1],,⭐Donda: With Child,DWC rework focused a lot more on adding new production and samples that further elevate the songs with fully up-to-date edits and a track selection based on the New Years Day tracklist.,"ChloeBlossom
(a.k.a. branchless & vynyllia)",,MEGA,
DONDA [V1],,"Donda: With Child
CentralDogma Rework","Classic rework of DWC using leaks assembled into one cohesive experience. Features edits from members of the community and many original edits. Despite having some outdated edits, it still holds up extremely well.",CentralDogma,,"MEGA
Google Drive",
DONDA [V1],,Donda: With Child,"Aleks' maximalist vision for DWC that reworks almost all the era's main material, heavily weighing on the positive and religious vibes of the era.","KS ♱
(a.k.a. Aleks ♱)",,MEGA,[untitled]
DONDA [V1],,Future Sounds,DWC comp with a theme of personal rapping and soulful singing on futuristic beats with snappy drums. Contains a beautiful Run It Up edit.,djtech42,,MEGA,[untitled]
,Vanilla-style,,,,,,
DONDA [V1],,"🌟Donda: With Child
(Rework)","Cohesive DWC comp that envisions release ready versions of songs in the form of many amazing edits with restructures and remasters without huge reworking nor original production, forming a great and focused compilation.",Akimbo,Review - TMNG,MEGA,"Yedits.net
[untitled]"
,Honorable Mentions,,,,,,
DONDA [V1],,Donda: With Child,"Envisioning of a finished DWC with expanded instrumentals, restructures and added verses to make the atmosphere more lush and colorful.",themusicnerdguy,Review - Akimbo,MEGA,"YouTube
Yedits.net"
DONDA [V1],,Donda: With Child,"Short and polished DWC comp with minimal edits, based on Kanye's psychotic bipolar vibe from the era.","SimpleJosh
(a.k.a. Close Salami)",,MEGA,
DONDA [V1],,Donda: With Child,"Personal DWC comp filled with original edits, leaks and other people's edits. Very extensive and reflects the era accurately without huge reworks.",NotJarrett,,MEGA,
"3 Renovations
3 Vanilla-style
2 HMs",,Donda [V2],,"Highlights:
⭐Spirits Over The Horizon - TommyWiseau
🌟Orphan V2 - Akimbo",,,
,Renovations,,,,,,
Donda [V2],,⭐Spirits Over The Horizon,"Extensive rework of the SOTH ""era"". Notably done in a 3 week time period and being outstanding production wise. Created based around the vibe of the piano freestyles and the sound of the Donda album track demos.",TommyWiseau,,MEGA,[untitled]
Donda [V2],,Donda: Flipside,Classic Dv2 rework envisioning what the era what was thought to be before the newer leaks. Merges the more upbeat instruments found in demos of the era with release's finished elements. Contains a great HIII WYD edit.,luwi,,MEGA,
Donda [V2],,"Dear Donda
V2",Dv2 comp with a mix of the material exclusive to the era or that would go on to be included in the released album. Probably the most balanced listen if you want to hear both the older and newly leaked stuff.,windybro,,"MEGA
Pillowcase",Yedits.net
,Vanilla-style,,,,,,
Donda [V2],,"🌟Orphan
V2","Dv2 comp focusing on improving rough freestyles with demumbling, restructuring production expanding on the piano-infused demos and more. The most up-to-date Dv2 comp with all the latest material.",Akimbo,"Review - ahmed
Review - TMNG (V1)","MEGA
MEGA (V1)","Yedits.net
[untitled] (V1)"
Donda [V2],,The Seraphim,Comp polishing leaks from the Dv2 era without too much reworking. Made in under 7 days as a challenge. Contains an amazing LOTP edit that's been used a base for many other edits of the song.,"Ivory
(a.k.a. Ivy & casual)",,"MEGA
Pillowcase",
Donda [V2],,Spirits Over The Horizon,Akimbo's previous Dv2 comp. Contains a tracklist based on the Burrito Lovers folder and edits focusing more on Dem Jointz's production. Also has a focus on demumbles and restructures but to a lesser degree than Orphan.,Akimbo,,MEGA,
,Honorable Mentions,,,,,,
Donda [V2],,"Donda: Sing You Heart Out
(EP)","Very short comp of only the singing tracks from the era, mostly centered around the piano insts and finished with no mumble or AI.",Nacio,,MEGA,[untitled]
Donda [V2],,✨Spirits Over The Horizon,Complete rework of song instrumentals similar to 3A-TG16. Kinda inconsistent in quality but very commendable effort nonetheless.,TheDude & trip3a,,MEGA,
"2 Overhauls
4 Renovations
2 Vanilla-style
1 Alt
4 HMs",,Donda [V3],,"Highlights:
⭐Spirit Of Donda - ahmed2.0_
🌟Donda Ojivolta - SimpleJosh",,,
,Overhauls,,,,,,
Donda [V3],,⭐Spirit Of Donda,"Donda comp with some DWC songs sprinkled in, filled with amazing reworks (mostly trap-inspired) to create a fresh and sharper version of what we have, opposite of the usual soulful, slow-simmering atmosphere of the era. Much more scattered compared to the usual Donda comps.",ahmed2.0_,,MEGA,Yedits.net
Donda [V3],,"Donda
(Arcxne Edition)",Donda overhaul with a plethora of new production based on alt versions of songs and a lot of added samples from Kanye's past discography to flesh out the album and give it the climatic soul we expected from the released album.,Arcxne,,MEGA,
,Renovations,,,,,,
Donda [V3],,"Donda
(uhhjulian Edition)",uhhjulian's Donda rework that adds new production and features that don't stray away too far from the released project's material. Contains an iconic Heaven and Hell edit with the Future Sounds beatswitch.,uhhjulian,,MEGA,"Yedits.net
[untitled]"
Donda [V3],,"Donda
(Allison Fleischer Edit)","Donda comp featuring reworked beats with added electronic-influenced production, verses and a shuffled tracklist. Very condensed and focused.",Allison Fleischer,,MEGA,[untitled]
Donda [V3],,Donda: Miracles,"One of the first successful community comps aside from YP. Contains edits from many members of the community to improve the state of Donda by adding, changing and removing various tracks and elements.",Magik & Co.,,MEGA,"Yedits.net
[untitled]"
Donda [V3],,Donda: Spirits Won't Die,Classic Jon comp that contains different instrumental reworks of Donda songs. Notably contains a great Where Do We Go edit.,JonJeffJonJon,,MEGA,[untitled]
,Vanilla-style,,,,,,
Donda [V3],,"🌟Donda
Ojivolta","Donda comp based on soulful singing, the sound of the Dv2 era and Ojivolta's stark, warped production. An interesting take on the era that is simple (haha get it) but very effective as an alternative Donda experience.","SimpleJosh
(a.k.a. Close Salami)",,MEGA,
Donda [V3],,Donda,"Comp based on the released version of Donda that (almost) exclusively uses elements officially made for the songs at some point for an focused and improved, yet realistic envisioning to what Kanye could have made.",Akimbo,,"MEGA
MEGA (V1)",
Donda [V3],↳ Alt:,"Donda
(Uncensored)","Comp that uncensors the released album using better, up-to-date resources. Served as the base for Akimbo's personal Donda comp above.",Akimbo,,"MEGA (MP3 + FLAC)
MEGA (M4A)",
,Honorable Mentions,,,,,,
Donda [V3],,"Donda
Endless Edition","Donda material selected and merged to create a lengthy, cinematic experience. Heavily inspired by the work of BSB Dante.",u/tekujuan,,"MEGA
Google Drive",
Donda [V3],,✨Good Ass Job - Donda,Very creative rework of Donda using completely new beats heavily based on the production from Kanye's acclaimed College Trilogy albums.,EndriBaku,,"MEGA
Pillowcase",Yedits.net
Donda [V3],,"✨blonda
(with Frank Ocean)","Mashup album of Donda and blonde. Made by the same creator as ""2049"".",Toasty Digital,,MEGA,"YouTube
Yedits.net"
Donda [V3],,✨The Spirit Of Donda,"Completely originally produced comp that turns a few Donda songs into sharper and colder versions of themselves. Contains a standout, absolutely gorgeous HaH edit called ""No More"" with a guitar running wild.",braydo,,Google Drive,YouTube
"1 Overhaul
5 Renovations
1 Vanilla-style
4 HMs",,"Donda 2
(For The Children, Donda 2: 4 Da Kidz)",,"Highlights:
⭐Chicago - ahmed2.0_ & Co.
🌟Donda 2 (Beach House Edition / Deluxe) - louiebag",,,
,Overhauls,,,,,,
Donda 2,,"🌟Donda 2
(Beach House Edition / Deluxe)","D2 comp where BH-inspired production takes center stage, accompanied by warm vintage keyboards, guitars, and the iconic Linn drum machine.",louiebag,Review - TMNG,MEGA,"Yedits.net
[untitled] (V1)"
,Renovations,,,,,,
Donda 2,,⭐Chicago,"Community comp focused on bringing a finished, updated and expanded look into a variety of released and unreleased material from the Donda 2 era. Contains a great edit reconstructing and finishing Symphonic Blues Suite.",ahmed2.0_ & Co.,,MEGA,Yedits.net
Donda 2,,Donda 2,"Personal envisioning of Donda 2 that has been in development since 2022, making an enjoyable listen of the album without overhauls or AI usage.",yigit!,,MEGA,Yedits.net
Donda 2,,WAR,"Features extensive usage of AI to create a cohesive, reworked version of what an officially released D2 in late 2022 could have sounded like. Aims to flesh out the era and finish the album, while keeping the original vision.",jambajuice,Review - TMNG,MEGA,"Yedits.net
[untitled]"
Donda 2,,Donda II: Love Is War,"Extensive and maximalist rework of Donda 2 by LuCas and other well-known editors in the community, revamping and completing the material of this era.",LuCas,,"MEGA
Pillowcase",
Donda 2,,"Donda 2
(uhhjulian Edition)","uhhjulian's Donda 2 rework with vast production additions to each song. Home to an amazing Security rework. Outdated, unfortunately.",uhhjulian,,MEGA,[untitled]
,Vanilla-style,,,,,,
Donda 2,,Donda 2,"SimpleJosh's take on Donda 2, including several QoL edits that restructure the vocals to ensure the least mumble across the whole project and several production changes to improve the listening experience as a whole.","SimpleJosh
(a.k.a. Close Salami)",,MEGA,
,Honorable Mentions,,,,,,
Donda 2,,"Donda 2
(Rework)",Comp touching up D2 material to sound better and fuller while not having massive reworks. Sonically based heavily on the will.i.am produced tracks.,Akimbo,,MEGA,[untitled]
Donda 2,,"How Long Until Black Future Month
(with Future)","Reworked and revamped Donda 2 era Kanye & Future tracks with new samples, beats and structures, fully mixed and mastered.",louiebag,,"MEGA
Pillowcase",Yedits.net
Donda 2,,"✨Let Her Go
(with Don Toliver)",EP-length comp combining tracks from the Donda 2 and LoveSick eras to create a cohesive collab project between Kanye and Don Toliver.,Soup,"Review - .cometolife777
Review - Onyx",MEGA,"Yedits.net
[untitled]"
Donda 2,,✨Donda 3.11 For Workgroups,Stylistic D2 remix that adds new original instrumentals while staying authentic (haha get it? im so unfunny send help) to the era and the creator's own style.,"xav_authentique
(a.k.a. xav)",,"MEGA
Dropbox","Website
YouTube"
Donda 2,,✨8 AM // Donda 3,Donda 2 inspired comp with original production and verses taken from various sources or AI'd. Very inconsistent and was received fairly negatively.,LuCas & tyson,,MEGA,
"1 Renovation
2 OGs
1 HM",,"WAR
(Collaboration with James Blake & No I.D.)",,"Highlights:
⭐WAR - Days Dissolve & Co.",,,
,Renovations,,,,,,
WAR,,⭐WAR,"Finished version of both Days Dissolve's IT'S WAR and louiebag's WAR, polishing and expanding upon material from both comps. Contains spectacular overhauls of several WAR leaks and entirely new song selections that still retain a sound that's close to that of the source material.",Days Dissolve & Co.,Review - zdum187,"MEGA
Google Drive",Yedits.net
WAR,↳ OG:,IT'S WAR,"Short but neat WAR imagining with songs from the WAR and Donda 2 eras, fully reworked to fit the spacious and tranquile vibe of this era.",Days Dissolve,"Review - Akimbo
Review - TMNG","MEGA
Google Drive",
WAR,↳ OG:,WAR,Scrapped community comp that was repurposed into Days & Co.'s WAR. Focuses on recreations and even original songs within its short length.,louiebag & Co.,,MEGA,
,Honorable Mentions,,,,,,
WAR,,✨Echoes Talking,"Comp aiming to create a finished album inspired by the WAR era, using and expanding upon material from or related to Ye and Blake from 2021 to 2023.",themusicnerdguy,Review - akis,MEGA,"YouTube
Yedits.net"
"1 Overhaul
4 Renovations
3 HMs",,"YEBU
(Ye 3)",,"Highlights:
⭐Exiled. - Soup & Co.",,,
,Overhauls,,,,,,
YEBU,,✨YESUKE,"Overhaul of YEBU and VULTURES material in the style of JPEGMAFIA, borrowing influences from ILDMLFY to flesh out Ye's unfinished ideas via new samples, production and features and make it feel like a real album.",themusicnerdguy,"Review - akis
Review - WR
Review - andrewfella
Review - Taco",MEGA,Yedits.net
,Renovations,,,,,,
YEBU,,⭐Exiled.,Comp envisioning a cohesive solo Ye album set after V1 that is sonically more sample based and chill with change in vibes of each song edited.,Soup & Co.,"Review - cometolife777
Review - vertie
Review - chrispo",MEGA,"Yedits.net (Disc 1)
[untitled] (Disc 1)
[untitled] (Disc 2)"
YEBU,,¥,"Realistic rework of the YEBU era material with creative, polished and touched up edits that don't stray away too much from the original sound.",louiebag & Co.,,MEGA,"YouTube
Yedits.net"
YEBU,,Y3,Comp that expands on the original sample-leaning sound of the era while adding verses and production to make the project as complete as possible. Has insanely good edits but also a few weird choices.,andrewfella,Review - akis,MEGA,"YouTube
Yedits.net
[untitled]"
YEBU,,GENESIS,"Direct follow-up to Days Dissolve's WAR comp. Has its focus set on the sample-heavy, chill vibes from the era, using tracks from it alongside other Donda 2 and VULTURES songs that fit the scope of the comp.",Days Dissolve & Co.,Review - thai,"MEGA
Google Drive",Yedits.net
,Honorable Mentions,,,,,,
YEBU,,Y3,"Lionel's personal take on a LP11 solo Ye album, polishing and fleshing out YEBU and VULTURES material to create a concise experience of the era.",Lionel Scott,,MEGA,
YEBU,,Y3,"Sample based reimagining of the YEBU era material. Changes range from QoL touchups, demumbles, new verses, added samples and reproductions.",angelo,,MEGA,"YouTube
[untitled]"
YEBU,,YEBU,YEBU-inspired comp expanding on obscure VULTURES scraps with new verses and a spacious vibe. Not very accurate but still an interesting listen.,rd48,,MEGA,"YouTube
[untitled]"
"2 Renovation
2 Vanilla-style
1 HM",,"Bad Bitch Playbook
(Collaboration with Ty Dolla $ign) (Bad Bitch Playbook Vol. 1)",,"Highlights:
⭐Bad Bitch Playbook - m3lt",,,
,Renovations,,,,,,
Bad Bitch Playbook,,⭐Bad Bitch Playbook,Comp merging many aspects present in the ¥$ collabs' development phases in a cohesive way that makes for a complete experience full of bangers.,m3lt,,MEGA,Yedits.net
Bad Bitch Playbook,,LIFESTYLE,"Personal VULTURES take that attempts to make it actually good, with a focus on the pop-leaning songs of this era, turning it into a warm, concise and more lighthearted project inspired by the BBPB/early VULTURES sound.",themusicnerdguy,Review - zdum187,MEGA,"YouTube
Yedits.net"
,Vanilla-style,,,,,,
Bad Bitch Playbook,,Bad Bitch Playbook Vol. 1,Remake of the December 2023 Vultures TL. Contains a mixture of reworks and leak remasters to put together a finished and cohesive LP.,Akimbo & louiebag,,MEGA,[untitled]
Bad Bitch Playbook,,¥$,"Complete transformation of the VULTURES 2 tracklist adding released and leaked V1 songs to make a ""best of"" album/compilation. Uses mixes from SimpleJosh's V2 Fix comp (check V2 era below) and new ones for V1 tracks.","SimpleJosh
(a.k.a. Close Salami)",,MEGA,
,Honorable Mentions,,,,,,
Bad Bitch Playbook,,✨Bad Bitch Playbook,VULTURES material re-envisioned with Memphis-styled production (along with other additions) to mimic the early barebones sound of BBPB era songs.,vertie,Review - noahthakid9,MEGA,[untitled]
"1 Overhaul
1 Renovation
2 Vanilla-style
4 HMs",,"VULTURES 1
(Collaboration with Ty Dolla $ign) (Vultures)",,"Highlights:
⭐VULTURES - bloo",,,
,Overhauls,,,,,,
VULTURES 1,,"✨HEATHENS
(with Metro Boomin)","Reimagining of VULTURES material but prodded in the style of Metro Boomin prod (specifically WDTY/WSDTY), leaning heavily into the hard trap vibes of the era while still keeping the core of every song intact.",DYL🅰N,,MEGA,Yedits.net
,Renovations,,,,,,
VULTURES 1,,⭐VULTURES,"VULTURES comp utilizing various V1 and V2 tracks, reworking and fleshing them out with production and structure changes for a more finished sound. The most concise and refined way to experience the VULTURES material.",bloo,"Review - thai
Review - Argonaut",MEGA,"Yedits.net
[untitled]"
,Vanilla-style,,,,,,
VULTURES 1,,THE VULTURES PROJECT,"Massive 41 track comp divided into 3 acts that encompasses most of the VULTURES material so far, with better mixing and other production choices.","bobert, bryg, DASH, dev, noa & paci",,Pixeldrain,
VULTURES 1,,"VULTURES 1
Akimbo's Cut",Akimbo's cut of songs from VULTURES 1 with a variety of QoL changes both in audio mixing/mastering and the songs' elements.,Akimbo,,"MEGA
Pillowcase",
,Honorable Mentions,,,,,,
VULTURES 1,,"VULTURES 1
MJ REWORK","Heavily reworked V1 comp with new production, verses, overhauls and more.","MJTHEWAVEGOD
(a.k.a. MJ)",,MEGA,[untitled]
VULTURES 1,,VULTURES,VULTURES comp comprising of everything from leaks and release songs (including bits and pieces of V2) creating a well rounded version of the album. Has plenty of QoL and production changes across the runtime.,Lionel Scott,,"MEGA
MEGA (Bonuses)",Yedits.net
VULTURES 1,,"✨VULTURES 1
Dropout Edition","Remix of the VULTURES 1 album, replicating the sampley chipmunk soul beats found on Ye's debut solo album, The College Dropout.",TommyWiseau & Co.,,MEGA,"Yedits.net
[untitled]"
VULTURES 1,,✨VULTURES,VULTURES comp reworking tracks into house and club banger remixes.,NormalWorld,,MEGA,Yedits.net
"1 Overhaul
3 Renovations
2 Vanilla-style
5 HMs",,"VULTURES 2
(Collaboration with Ty Dolla $ign)",,"Highlights:
⭐REPENT - SimpleJosh
🌟VULTURES 2 (hc's Version) - hc",,,
,Overhauls,,,,,,
VULTURES 2,,⭐REPENT,"Insane envisioning of a ¥$ remix album produced by JPEGMAFIA that was released in place of VULTURES 2, incorporating album tracks, features and leaks in very unique ways. Manages to capture JPEG's sound perfectly.","SimpleJosh
(a.k.a. Close Salami)","Review - TMNG
Review - Akimbo
Review - ASMODEUS",MEGA,"YouTube
Yedits.net"
,Renovations,,,,,,
VULTURES 2,,"🌟VULTURES 2
(hc's Version)","Personal take on V2, containing reworks of its released songs, scraps and leaks from the BBPB era. Deviates off the style the released VULTURES albums had to deliver a more concise and enjoyable experience.",hc,,MEGA,"Yedits.net (Site Exclusive)
[untitled]"
VULTURES 2,,"VULTURES 2
DELUXE (Rework)","Rework of the released dumpster fire of an album with a variety of reproductions, restructures, audio polishes and straight up overhauls and remakes of some of the project's tracks.",ahmed2.0_ & Co.,Review - chrispo (V1),"MEGA
MEGA (V1)","YouTube
YouTube (V1)
Yedits.net
[untitled]
[untitled] (V1)"
VULTURES 2,,"VULTURES 2
V2","Full V2 rework imagining a more cohesive album that focused on spreading awareness about Ty Dolla $ign's brother Big TC and his wrongful life sentence. Adds tracks, production and skits reflecting this new tone.",windybro,,MEGA,Yedits.net
,Vanilla-style,,,,,,
VULTURES 2,,"VULTURES 2
March/April Version","louiebag's updated V2 comp, now focusing on making a realistic envisioning of the material made between March and April 2024 would sound like. Features various leaks and edits, all mixed and mastered by Akimbo.",louiebag,,"MEGA
MEGA (V1)",Yedits.net
VULTURES 2,,"VULTURES 2
jambajuice's Version","jambajuice's personal cut of V2 with a variety of QoL changes in audio, structures, production and more.",jambajuice,,MEGA,"YouTube
[untitled]"
,Honorable Mentions,,,,,,
VULTURES 2,,"VULTURES 2
Akimbo's Cut",Akimbo's cut of songs from VULTURES 2 with a variety of QoL changes both in audio mixing/mastering and the songs' elements.,Akimbo,,MEGA,
VULTURES 2,,"VULTURES 2
FIX","Various QoL fixes and changes that don't stray too far from the release's TL. Some mixes from this were used for the ""¥$"" comp in the BBPB era above.","SimpleJosh
(a.k.a. Close Salami)",,MEGA,
VULTURES 2,,BACK OUTSIDE,EP-length comp dedicated to fleshing out the more obscure and underappreciated songs from the VULTURES sessions.,Berais,,MEGA,"YouTube
Yedits.net"
VULTURES 2,,"VULTURES 2
MJ REWORK","Heavily reworked V2 comp with new production, verses, overhauls and more.","MJTHEWAVEGOD
(a.k.a. MJ)",,MEGA,[untitled]
VULTURES 2,,"✨VULTURES 2
Registration Edition","Remix of the VULTURES 2 album, replacating the orchestral sound of Late Registration. Features completely new, rearranged and reproduced beats.",TommyWiseau & Co.,,MEGA,"YouTube
Yedits.net
[untitled]"
1 Renovation,,VULTURES 3,,,,,
,Renovations,,,,,,
VULTURES 3,,,,,,,
"3 Renovations
1 Vanilla-style
1 HM",,BULLY,,"Highlights:
N/A",,,
,Renovations,,,,,,
BULLY,,BULLY,"Sequel to rd's YEBU comp. Reworks and recreates various songs confirmed or previously rumored to be for the album, leaning towards the sample-heavy and melodic vibes of the previews with as little AI as possible.",rd48,,MEGA,"YouTube
[untitled]"
BULLY,,BULLY,"Short BULLY comp meant to improve the songs and tracklist without huge overhauls. Has no added AI on any edits, instead only acapellas from the BULLY V1 leaks and other songs from close eras by Ye.",flashnardo,,MEGA,"Yedits.net
[untitled]"
BULLY,,BULLY,"Rework of BULLY filled with various additions and reproductions to known songs from the copy of the album with more songs added from around the era, all with entirely new custom written and recorded Ye-I vocals.",martine,,,"YouTube
[untitled]"
,Vanilla-style,,,,,,
BULLY,,"BULLY
BEAT TAPE","Pre-release comp going through every BULLY preview and rumor to not only recreate, but further flesh out and expand on the project's instrumentals.",UnoriginallyMad,,MEGA,"YouTube
Yedits.net
[untitled]"
,Honorable Mentions,,,,,,
BULLY,,"BULLY!
v2","Reworked of the ""released"" BULLY V1, featuring new drums, restructures and added verses. Very inconsistent but has its highlights.","[kanye wheat.]
(a.k.a. cartistt)",,,[untitled]
"5 Renovations
3 Vanilla-style
1 HM",,"Live
(Tours, Concerts, etc.)",,(Note: Comps here are ordered by eras),,,
,Renovations,,,,,,
Live,,Glow In The Dark Tour,"GITD Tour comp that while not exactly a 1:1 replica of the tour, has additions based on the tour versions. Essentially more like an extended Graduation.",Orpheus,,MEGA,[untitled]
Live,,Live At Coachella,CDQ recreation of the 2011 Coachella performance.,"BSB Dante, Kuci & Matthias",,MEGA,
Live,,"Watch The Throne Tour
(with JAY-Z)",CDQ recreation of the WTT tour material.,Orpheus,,MEGA,[untitled]
Live,,"Yeezus Tour
From Fighting To Finding",CDQ recreation of the Yeezus tour.,"BSB Dante, Kuci & Matthias",,MEGA,
Live,,"Saint Pablo Tour
(Redux)",A recreation of the Saint Pablo Tour while also having creative liberties to make it greater. Bases off the main setlist for the tour.,Orpheus,,MEGA,
,Vanilla-style,,,,,,
Live,,"Watch The Throne Tour
In North Carolina",Up-to-date split and properly fixed audio of the listenable (lol) recordings.,Orpheus,,MEGA,[untitled]
Live,,"Yeezus Tour
In Boston",Up-to-date split and properly fixed audio of the leaked Yeezus tour file.,Orpheus,,MEGA,[untitled]
Live,,"Free Larry Hoover Benefit Concert
(Remastered)",Remastered version of the Free Larry Hoover Benefit concert. Only contains Kanye's section and has no crowd removal to preserve the live aspect of the concert.,Akimbo,,MEGA,
,Honorable Mentions,,,,,,
Live,,"Yeezus Tour Movie
(Remastered)","Remaster of The Kanye Archive's Yeezus Tour fan movie, ran through different AI stabilizers to get good results.",GHOSTWLKAR,,YouTube,
"7 Mashups
4 Reproductions
2 HMs",,Other,,(Note: Comps here are ordered alphabetically),,,
,Mashups,,,,,,
Other,,✨2049,Mashup album made to be sort of an alt universe Kanye project. The songs put together come from all different eras of Kanye's discography. Version linked is the deluxe update released in 2021 that fixes some melodic issues.,Toasty Digital,,Google Drive,"Yedits.net
[untitled]"
Other,,ClamYe,Mashup comp adding Kanye West over various Clams Casino instrumentals. Not era accurate.,Zanthin,,MEGA,"YouTube
[untitled]"
Other,,KANYE MADE TPAB,"Kendrick Lamar's To Pimp A Butterfly, but all the vocals are from Kanye West songs.","Spectre, Qo, & underdawg.",,YouTube,
Other,,✨Maybe We Can Make It To Christmas,Christmas-themed mega-mashup EP. Link includes the Patreon-exclusive intro while the link below it takes you to the recently released deluxe that adds multiple bonus tracks.,Toasty Digital,,Google Drive,[untitled] (V1)
Other,,"What's A Black Beetle
(with The Beatles)",Comp mashing up Kanye and The Beatles songs. Was featured in the Kanye Iceberg part 3. Was super popular at the time and had many interesting people working on it. Kanye may or may not have listened to it himself.,DJ Troublesome & Uvemaster,,MixtapeMonkey,"YouTube
[untitled]"
Other,,"Yeezer
(with Weezer)",Mashup album combining songs from the discographies of Kanye West and the band Weezer. Received a lot of traction back when it was released.,Alex Hodowanec,,Google Drive,YouTube
,Reproductions,,,,,,
Other,,"✨Dope & Dreams
(with Pusha T)","Comp set in an alternate timeline where Ye and Pusha T made an album together. Most of the production is sample-based, combining Pusha's gritty feel with Kanye's soulful elements. Contains original beats as well as reworks of already existing ones. Multi-era, with main focus on Wyoming.",Pupo Milan,,MEGA,"YouTube
[untitled]"
Other,,✨Donda TV,"Collection of songs from Kanye's discography, now reworked with new sample-based instrumentals.",pxblo,,"MEGA (Vol. 1)
MEGA (Vol. 2)",[untitled]
Other,,GriseldYe,"Comp that reworks many Donda and Donda 2 songs to create a completely new tape in the same style as the Griselda Records, with new original beats. Spectacular talent on here.","Edan, 00B36B & Kaan",,MEGA,
Other,,✨Polo Ye,Fanmade mixtape adding completely original lofi beats to Kanye freestyles. Notably made by a non-community creator.,Cookin' Soul,,,YouTube
,Honorable Mentions,,,,,,
Other,,"Skeletons
(with Travis Scott)",7 track comp envisioning a collab EP between Kanye West and Travis Scott.,Rose,,"MEGA
MEGA",
Other,,"What Do We Want
(with Future)",10 track Kanye and Future mashup EP. Was lost for some time.,MochiAndBroccoli,,MEGA,
,,,,,,,
"
Overhauls: Comps taking apart everything we know about the era and overtake it in a new direction that still relates to the nature of the source material but given its own unique personality.

Renovations: Comps completing or building on top of the original vision of the era, massively changing the source material but still retaining a lot of resemblance in vibe or style.

Vanilla-style: Comps aiming to be a ""standardized"" version of the source material, mostly offering a variety of QoL edits and/or changes that adhere to the base songs without steering away much from their visions.
Note: This doesn't mean less effort or worse quality. It's only a sound difference.

Extensions: Comps focusing on lengthening the runtime, usually through adding and merging official or remix material like sample intros/outros or new features, with little to none custom production.

Remixes: Comps creating an entirely new and different version of its original counterpart with little to no resemblance to the source material, usually done in its editors' own unique style.

Honorable Mentions: Comps worth mentioning when talking about the era as a whole but have a quality that isn't on par with the best of the best anymore. Typically present for archival or trivia purposes.
",,,,,,,
,,,,,,,
"
⭐ = Definitive (a.k.a. Must-listens!): The best comp embodying the best of what the era has to offer, delivering unique and high quality edits. It may or may not be entirely accurate the source material, but deserves its title regardless.

🌟 = Co-Definitive: Secondary option to definitive, typically in a different comp category such that both comps merge to represent all of the era at the same time.
",,,,,,,
,,,,,,,
Editors,,,,,,,Past Contributors
Sophie/Vivienne,,,,,,,slothsavedearth
Marin,,,,,,,themusicnerdguy
gv,,,,,,,dayamy
m3lt,,,,,,,jimboiscool
DJ GOTHFUKKER,,,,,,,ahmed2.0_
,,,,,,,Berais
,,,,,,,hcaor