Era,"Name
(Check out the Tracker website!)","Notes
(Join the Discord for updates and suggestions!)","Media 
Length","Release
Date",Type,Streaming,Link(s)
Under Construction!!!,,,,,,,
"3 Released
0 Unreleased
0 On Streaming
3 Not On Streaming",C4,"(11/13/2007) (Kendrick releases his third mixtape, No Sleep 'Til NYC, with Jay Rock)
(01/30/2009) (Kendrick releases his fourth mixtape, C4)",,"C4 is the fourth mixtape by American rapper Kendrick Lamar, then known as ""K.Dot"". It was released on January 30, 2009 through Top Dawg Entertainment (TDE). The mixtape contains 17 tracks and includes guest appearances from Lamar's TDE label-mates Ab-Soul, Punch, Jay Rock, ScHoolboy Q, and BO. The mixtape was heavily inspired by fellow American rapper Lil Wayne’s 2008 critically acclaimed album, Tha Carter III (C3), being mostly composed of freestyles over instrumentals from Wayne’s album in addition to a couple of original tracks.",,,
C4,"Jay Rock - What's Up 
(feat. Grafh & K.Dot) (dir. Dave Free)
(Wassup Hah)","Official music Video for Jay Rock's song ""What's Up"", featuring Grafh & K.Dot, later tItled ""Wassup Hah"" upon release. K.Dot's first appearance in a Music Video as a featured artist.
Directed by Dave Free.",3:27,"Feb 11, 2009",Released,No,https://www.youtube.com/watch?v=FMYqRoFXQB4?si=qiYfqP2S7pn4SmMn
C4,"Jay Rock - We Run This 
(feat. Ab Soul, Bo & K.Dot) (dir. Dave Free)
(TopDawg, TopDawg ENT)","Official music Video for Jay Rock's song ""We Run This"", featuring Ab Soul, Bo & K.Dot.
Directed by Dave Free.",5:40,"Feb 11, 2009",Released,No,https://www.youtube.com/watch?v=61GpQ2XaN2w?si=mzb0jJ1Xtya8GsIP
C4,"Bitch I'm In The Club
(dir. Dave Free)","Official music video for ""Bitch I'm In The Club"".
Directed by Dave Free.",2:08,"Feb 25, 2009",Released,No,https://www.youtube.com/watch?v=1dqGwp1-BLU?si=nRjWnWXl_j85Hz39
"5 Released
3 Unreleased
2 On Streaming
8 Not On Streaming","The Kendrick Lamar EP
(The Kendrick Lamar LP, Kendrick Lamar)","(01/30/2009) (Kendrick releases C4 mixtape)
(Mid 2009) (Kendrick scraps the Before I Commit Suicide mixtape and the original version of good kid, m.A.A.d city)
(12/31/2009) (Kendrick releases ""The Kendrick Lamar EP"", a street album)",,"Kendrick Lamar is an EP by American rapper Kendrick Lamar that was released as a free digital download on December 31, 2009 by Top Dawg Entertainment. It is his first project to be released under his birth name, previously releasing music under the moniker K.Dot, from 2006 to mid 2009. Executive produced by DudeDawg, dee:jay:dave and Sounwave.",,,
The Kendrick Lamar EP,"Jay Rock - Mandatory  
(feat. K.Dot & Ab Soul) (dir. James Curtis)","Official music video for Jay Rock's song ""Mandatory"", featuring K.Dot & Ab Soul. has a very weird wave effect in some parts of the video. 
Directed by James Curtis.",4:25,"Aug 6, 2009",Released,No,https://www.youtube.com/watch?v=3-d7Olsdw5Y
The Kendrick Lamar EP,"Compton State Of Mind
(dir. Dave Free)","Official music video for ""Compton State Of Mind"". 
Directed by Dave Free.",4:33,"Nov 18, 2009",Released,No,https://www.youtube.com/watch?v=hHNmgefPaLg
The Kendrick Lamar EP,"Interview / A Little Appalled
(dir. Dave Free)","1st part being a interview with Kendrick about his name change & upcoming EP. With the 2nd part being a official music video for ""A Little Appalled"".
Directed by Dave Free.",6:26,"Dec 18, 2009",Released,No,https://www.youtube.com/watch?v=56GO5PkBrMI?si=2Hk_V9rr01Ow4IjY
The Kendrick Lamar EP,"Uncle Bobby & Jason Keaton
(feat. JaVonté) (dir. Brandon Dimit) ","Official music video (+ Interview) for ""Uncle Bobby & Jason Keaton"", featuring JaVonté.
Directed by Brandon Dimit. 
fun fact, this video shoot is when the ep cover was taken!",5:29,"Jan 7, 2010",Released,No,https://www.youtube.com/watch?v=Nl6_thy5bHM?si=XMQQ8HLN00Mewibt
The Kendrick Lamar EP,She Needs Me [Behind The Scenes],"Behind the scenes for the official music video of ""She Needs Me"".",5:20,"Jan 26, 2010",Other,Yes,https://www.youtube.com/watch?v=b-gZA3kQWOc&t=86s
The Kendrick Lamar EP,"She Needs Me
(dir. Jerome D. Hurd)","Official music video for ""She Needs Me"". 
Directed by Jerome D. Hurd.",3:32,"Mar 21, 2011",Released,Yes,https://www.youtube.com/watch?v=LuIUqIkDMY8
The Kendrick Lamar EP,"Fuck A Hook / Today 
(dir. Fredo Tovar & Scott Fleishman)","Double music video for ""Fuck A Hook"" & ""Today"". features Kendrick talking about his cancelled mixtape ""Before I Commit Suicide"" (which the two songs feature on) before and after the music videos.
Directed by Fredo Tovar & Scot Fleishman.",9:25,"Jul 25, 2011",Unreleased,No,https://www.youtube.com/watch?v=pq7rX9l8mZI
The Kendrick Lamar EP,"Kendrick Lamar 
(dir. Jem Cretes)
(My Name Is Kendrick)","Unreleased music video for ""Kendrick Lamar"", behind the scenes footage is also linked.
Directed by Jim Cretes.",3:14,"Jan 27, 2013",Unreleased,No,https://www.dailymotion.com/video/x123wx5
The Kendrick Lamar EP,"P&P 
(feat. Ab-Soul) (dir. ???)","Unreleased music video for ""P&P"", featuring Ab-Soul. Unknown who the director is and the Vimeo link in the video's description has since been deleted.",5:17,N/A,Unreleased,No,https://www.youtube.com/watch?v=UW61FHfXYCI
The Kendrick Lamar EP,"P&P [Behind The Scenes]
(feat. Ab-Soul)","Behind the scenes for the unreleased music video of ""P&P"", featuring Ab-Soul.",2:47,N/A,Other,No,https://www.youtube.com/watch?v=PzqlTbjw6s4?si=ouBF6TgO1MjI8nQT
"10 Released
0 Unreleased
7 On Streaming
3 Not On Streaming","Overly Dedicated
(The Kendrick Lamar O.D)","(12/31/2009) (Kendrick releases self-titled EP)
(Early 2010) (Kendrick scraps The Songs That Didn't Make The Kendrick Lamar EP)
(09/04/2010) (Kendrick releases Overly Dedicated mixtape)",,"Overly Dedicated—sometimes stylized O(verly) D(edicated)—is Kendrick Lamar’s fifth solo mixtape, released on September 14, 2010 via Top Dawg Entertainment. The cover art features different artists and musicians that have passed away, most of them from drug overdoses. These artists include: Michael Jackson, Pimp C, Ol' Dirty Bastard, Jimi Hendrix, Jim Morrison, Kurt Cobain, Sacer, Eric Snow, Dashiell “Dash” Snow, Robert Johnson and Bruce Lee.",,,
Overly Dedicated,"The Heart Part 1
(dir. Dave Free)","Official music video for ""The Heart Part 1"".
Directed by Dave Free.",4:25,"Apr 14, 2010",Released,No,https://www.youtube.com/watch?v=FjSfelCds6g?si=jB-u_6twy2iNdf4c
Overly Dedicated,"Ab-Soul - Turn Me Up
(feat. Kendrick Lamar) (dir. Calmatic)","Official music video for ""Turn Me Up"", featuring Kendrick Lamar.
Directed by Calmatic.",4:39,"Aug 10, 2010",Released,No,https://www.youtube.com/watch?v=gNaZ-uFHjRk?si=yuc88ga9_dLs3aWP
Overly Dedicated,"Black Hippy - Zip That Chop That
(dir. Joseph Donaldson)","Official music video for ""Zip That Chop That"".
Directed by Joseph Donaldson.",4:21,"Aug 11, 2010",Released,Yes,https://www.youtube.com/watch?v=oRY1k6aSE0g
Overly Dedicated,"Ignorance Is Bliss
(dir. Dave Free & Michael Mihail)","Official music video for ""Ignorance Is Bliss"".
Directed by Dave Free & Micheal Milhail.",1:52,"Aug 23, 2010",Released,Yes,https://www.youtube.com/watch?v=xiU8xDMOXfo
Overly Dedicated,"Monster Freestyle
(dir. Calmatic)","Official music video for ""Monster Freestyle"".
Directed by Calmatic.",3:30,"Sep 3, 2010",Released,No,https://youtube.com/watch?v=cHlnLn7aBlo
Overly Dedicated,"H.O.C
(dir. JeromeD)","Official music video for ""H.O.C"".
Directed by JeromeD.",1:16,"Sep 9, 2010",Released,Yes,https://www.youtube.com/watch?v=srXoMO59smM
Overly Dedicated,"P&P 1.5
(feat. Ab-Soul) (dir. JeromeD)","Official music video for ""P&P 1.5"", featuring Ab-Soul.
Directed by JeromeD.",4:37,"Sep 13, 2010",Released,Yes,https://www.youtube.com/watch?v=OKxcybGRbkQ?si=OjBHVDtHH4_vIknL
Overly Dedicated,"Jay Rock - Diary Of A Broke Nigga
(feat. Kendrick Lamar & Giddy) (dir. Fredo Tovar & Scott Fleishman)","Official music video for ""Diary Of A Broke Nigga"", 
featuring Kendrick Lamar & Giddy.
Directed by Fredo Tovar & Scott Fleishman.",3:43,"Dec 7, 2010",Released,Yes,https://www.youtube.com/watch?v=x8UwUCOyiyo?si=W21DlnSSRCSqjJay
Overly Dedicated,"Cut You Off 
(dir. Calmatic)","Official music video for ""Cut You Off (To Grow Closer)"".
Directed by Calmatic.",5:04,"Mar 11, 2011",Released,Yes,https://www.youtube.com/watch?v=ZJzr2Dsputk
Overly Dedicated,"Michael Jordan
(feat. ScHoolboy Q) (dir. Fredo Tovar)","Official music video for ""Michael Jordan"", featuring ScHoolboy Q.
Directed by Fredo Tovar.",6:20,"Mar 11, 2011",Released,Yes,https://www.youtube.com/watch?v=B_gt1etlEoI?si=LwvPoZoZO2XYzK6e
"10 Released
0 Unreleased
11 On Streaming
1 Not On Streaming","Section.80
(Good Kid in a Mad City)","(09/04/2010) (Overly Dedicated is released)
(07/02/2011) (Section.80 is released)",,"Section.80 is Kendrick Lamar’s first full-length project, released on July 2, 2011, via Top Dawg Entertainment; although the project was marketed and distributed like a studio album, Lamar has consistently referred to it as a mixtape. The title, Section.80, is a combination of Section 8 Housing and the decade that Kendrick was born in—the 1980s. The subject matter ranges from Black people’s strife due to the missteps of the Reagan Administration, women’s issues, drug abuse, and conspiracy theories about the government; all of this without sacrificing precise, agile lyricism. “The Spiteful Chant” was notably removed from streaming services in August 2019. (While the issue was never discovered, it’s presumed to be because of sample clearance issues.)",,,
Section.80,"Look Out For Detox
(dir. Fredo Tovar)","Offical music video for ""Look Out For Detox"".
Directed by Fredo Tovar.",3:10,"Dec 9, 2010",Released,No,https://www.youtube.com/watch?v=B5eT6TaEtPI?si=J5ycu7xSg_8ygmK0
Section.80,"ScHoolboy Q - Live Again
(feat. CurT@!n$ & Kendrick Lamar) (dir. Fredo Tovar & Scott Fleishman)","Official music video for ""Live Again"", featuring CurT@!n$ & Kendrick Lamar. Directed by Fredo Tovar & Scott Fleishman.",5:25,"Dec 24, 2010",Released,Yes,https://www.youtube.com/watch?v=0vcievHnzRw?si=hNI7jDakqpGo0OHz
Section.80,"HiiiPoWeR
(feat. Alori Joh) (dir. Fredo Tovar & Scott Fleishman)","Official music video for ""HiiiPoWeR"", featuring Alori Joh.
Directed by Fredo Tovar & Scott Fleishman.",5:09,"May 28, 2011",Released,Yes,https://www.youtube.com/watch?v=-PXIbVNfj3s?si=j3E9UXZLHgmeqngz
Section.80,"Jay Rock - Hood Gone Love It [Behind The Scenes]
(feat. Kendrick Lamar)","Behinds the scenes for the official music video of ""Hood Gone Love It"", featuring Kendrick Lamar.",4:21,"Jun 22, 2011",BTS,Yes,https://www.youtube.com/watch?v=ZyKd_rGltaY?si=EldhTiPIRvzXONhv
Section.80,"Jay Rock - Hood Gone Love It
(feat. Kendrick Lamar) (dir. Dan Gedman)","Offical music video for ""Hood Gone Love It"", featuring Kendrick Lamar.
Directed by Dan Gedman.",3:54,"Jun 24, 2011",Released,Yes,https://www.youtube.com/watch?v=j-uwCubSTQs?si=6W-vym9Key4ByuMf
Section.80,"Tammy's Song (Her Evils)
(dir. JeromeD)","Official music video for ""Tammy's Song (Her Evils)"".
Directed by JeromeD.",2:39,"Jun 29, 2011",Released,Yes,https://www.youtube.com/watch?v=C7LzgKaou4U?si=KnDysHc4xnx6x81L
Section.80,"Jay Rock - Say Wassup
(feat. ScHoolboy Q, Ab-Soul & Kendrick Lamar) (dir. Fredo Tovar)","Official music video for ""Say Wassup"",
featuring ScHoolboy Q, Ab-Soul & Kendrick Lamar.
Directed by Fredo Tovar.",8:24,"Jul 22, 2011",Released,Yes,https://www.youtube.com/watch?v=UziocaSimyc
Section.80,Rigamortis [Behind The Scenes],"Behind the scenes for the official music video of ""Rigamortis"".",2:16,"Jul 29, 2011",BTS,Yes,https://www.youtube.com/watch?v=jHBZmOQgJzg
Section.80,"A.D.H.D
(dir. Vashtie)","Official music video for ""A.D.H.D"".
Directed by Vashtie.",3:46,"Aug 24, 2011",Released,Yes,https://www.youtube.com/watch?v=QjlFqgRbICY?si=zBQn4FTF2RARInqb
Section.80,"Rigamortis
(dir. The ICU)","Official music video for ""Rigamortis"".
Directed by The ICU.",3:19,"Oct 23, 2011",Released,Yes,https://www.youtube.com/watch?v=yh6QxtRpSH8
Section.80,"Terrace Martin - Do it Again
(feat. Wiz Khalifa & Kendrick Lamar) (dir. Fredo Tovar & Scott Fleishman)","Official music video for ""Do it Again"", featuring Wiz Khalifa & Kendrick Lamar. Directed by Fredo Tovar & Scott Fleishman.",4:00,"Dec 2, 2011",Released,Yes,https://www.youtube.com/watch?v=fmkIziXMSmg?si=nXRnnl0CptfDL8zY
Section.80,"The Game - The City
(feat. Kendrick Lamar) (dir. Matt Alonzo)","Official music video for ""The City"", featuring Kendrick Lamar.
Directed by Matt Alonzo.",5:27,"Mar 22, 2012",Released,Yes,https://www.youtube.com/watch?v=TsMMuXZZUm8?si=B4fzOwb7ku0H3MgB
"9 Released
2 Unreleased
10 On Streaming
2 Not On Streaming","good kid, m.A.A.d city
(good kid, m.A.A.d city: a short film by Kendrick Lamar)","(2009) (Before Dr. Dre contributions there was already a whole finished version of a good kid, m.A.A.d city project that MixedByAli says ""will never see the light of day."")
(07/02/2011) (Section.80 is released)
(06/26/2012) (the album is officially titled 'good kid, m.A.A.d. city)
(10/22/2012) (good kid, m.A.A.d city is released)",,"good kid, m.A.A.d city is Kendrick Lamar’s major label debut, released on October 22, 2012 through Top Dawg Entertainment, Aftermath Entertainment and Interscope Records. Subtitled “A Short Film by Kendrick Lamar,” this concept album depicts a day in the life of a 17-year-old Lamar as he rides around Compton in his mom’s minivan. The first twelve tracks make up the standard edition of the album, and there are a variety of different deluxe editions including various bonus tracks. The album was re-released on March 19, 2013 with a bonus remix of “Bitch, Don’t Kill My Vibe” featuring JAY-Z.",,,
"good kid, m.A.A.d city","DJ Khaled, Birdman & Mack Maine - B-Boyz
(feat. Kendrick Lamar & Ace Hood) (dir. Derick G)","Offical music video for ""B-Boyz"", featuring Kendrick Lamar & Ace Hood.
Directed by Derick G.",5:09,"May 18, 2012",Released,Yes,https://www.youtube.com/watch?v=Q_GgXl29HRA&list=RDQ_GgXl29HRA&start_radio=1
"good kid, m.A.A.d city","Trae Tha Truth - I'm On 2.0
(feat. Big K.R.I.T., Jadakiss, J. Cole, Kendrick Lamar, B.o.B, Tyga, Gudda Gudda, Bun B & Mark Morrison) (dir. PhillyFlyBoy)","Offical music video for ""I'm On 2.0"", featuring Big K.R.I.T., Jadakiss, J. Cole, Kendrick Lamar, B.o.B, Tyga, Gudda Gudda, Bun B & Mark Morrison.
Directed by PhillyFlyBoy.",5:57,"Jun 6, 2012",Released,Yes,https://www.youtube.com/watch?v=-kLckbXiecQ?si=6wlgh2_yPqE8cCXX
"good kid, m.A.A.d city","Ab-Soul - Black Lip Bastard (Black Hippy Remix)
(dir. The ICU)","Offical music video for ""Black Lip Bastard (Black Hippy Remix)"".
Directed by The ICU.",5:36,"Aug 9, 2012",Released,Yes,https://www.youtube.com/watch?v=y9kncHM9nFk
"good kid, m.A.A.d city","Bitch, Don't Kill My Vibe
(dir. Will Holman, The Little Homies & Mike Mihail)","Official music video for ""Bitch, Don't Kill My Vibe"".
Directed by Will Holman, The Little Homies & Mike Mihail.",5:12,"May 13, 2013",Released,Yes,https://www.youtube.com/watch?v=GF8aaTu2kg0
"good kid, m.A.A.d city","Swimming Pools (Drank)
(dir. Jerome D. Hurd)","Official music video for ""Swimming Pools (Drank)"".
Directed by Jerome D. Hurd.",3:51,"Aug 3, 2013",Released,Yes,https://www.youtube.com/watch?v=B5YNiCfWC3A
"good kid, m.A.A.d city","Poetic Justice  
(feat. Drake) (dir. Dave Free, Dangeroo Kipawaa & The Little Homies)","Official music video for ""Poetic Justice"", featuring Drake.
Directed by Dave Free, Dangeroo Kipawaa & The Little Homies.",5:28,"Feb 22, 2013",Released,Yes,https://www.youtube.com/watch?v=yyr2gEouEMM
"good kid, m.A.A.d city","Backseat Freestyle
(dir. Dave Free, Jerome Hurd & Kendrick Lamar)","Official music video for ""Backseat Freestyle"".
Directed by Dave Free, Jerome Hurd & Kendrick Lamar.",4:44,"Jan 8, 2013",Released,Yes,https://www.youtube.com/watch?v=EZW7et3tPuQ
"good kid, m.A.A.d city","Ab-Soul - Illuminate
(feat. Kendrick Lamar) (Dir. Fredo Tovar & Scott Fleishman)","Official music video for ""Illuminate"", featuring Kendrick Lamar. Directed by Fredo Tovar & Scott Fleishman.",6:04,"Jan 15, 2013",Released,Yes,https://www.youtube.com/watch?v=DszIoEP8OAo
"good kid, m.A.A.d city","Sing About Me (Part 1)
(perf. Eddie Peake) (dir. Darren Romanelli)","Part 1 of the Offical music video for ""Sing About Me"", featuring Eddie Peake as a Performer. Part 2 was never released for unknown reasons.
Directed by Darren Romanelli. ",3:43,"Dec 20, 2013",Released,Yes,https://www.youtube.com/watch?v=wjmd1nAH3hg
"good kid, m.A.A.d city","good kid, m.A.A.d city (Short Film)
(dir. Kahlil Joseph)
(m.A.A.d, Kahlil Joseph: Double Conscience)","Official short film for ""good kid, m.A.A.d, city""
Directed by Kahili Joseph",14:53,2014,Film,Yes,https://www.youtube.com/watch?v=cGkUpjyL7y8?si=ldu6pHtL8G5Ml1ya
"good kid, m.A.A.d city","Sing About Me (Part 2)
(dir. Darren Romanelli?)","The unreleased Part 2 of the Offical music video for ""Sing About Me"". It was announced on Decemeber 20th, 2013, with a January, 2014 release date. 
But it never released for unknown reasons. 
Most likely Directed by Darren Romanelli, though uncomfirmed.",?:??,N/A,Unreleased,No,N/A
"good kid, m.A.A.d city","The Recipe
(feat. Dr. Dre) (dir. ???)","Unreleased music video for ""The Recipe"", featuring Dr. Dre. it was filmed in May 2012 at a mansion in LA, and was scheduled for a Late June/Early July 2012 release date, but it didn't come out. in early 2013, Kendrick claimed that it was still gonna release, but it didn't for unknown reasons.",?:??,N/A,Unreleased,No,"https://www.rap-up.com/2012/05/30/on-set-of-kendrick-lamar-and-dr-dres-the-recipe-video/
https://kendricklamarera.wordpress.com/2012/06/05/fans-can-expect-the-recipe-music-video-in-2-3-weeks/
https://web.archive.org/web/20120618050232/https://www.mtv.com/news/articles/1687568/kendrick-lamar-the-recipe.jhtml"
"9 Released
0 Unreleased
9 On Streaming
0 Not On Streaming","Tu Pimp A Caterpillar [V1]
(How Much A Dollar Cost, To Pimp A Butterfly, To Pimp A Butterfly: a blank letter by Kendrick Lamar)","(10/22/2012) (good kid, m.A.A.d city is released)
(02/07/2014) (Kendrick vists and performs in South Africa)",,"From 2012 to 2014, Kendrick worked on his next album titled ""Tu Pimp A Caterpillar"" in reference to the rapper Tupac. Work was proceeding like normal until Kendrick took a trip to South Africa in February 2014 to perform. When he visited, it moved him so much to the point where he completely scrapped the songs from this project for a more ambitious project. That project would turn into ""To Pimp A Butterfly"".",,,
Tu Pimp A Caterpillar,"A$AP Rocky - Fuckin' Problems 
(feat. Kendrick Lamar, Drake & 2 Chainz) (dir. Clark Jackson & Samantha Lecca) ","Official music video for ""Fuckin' Problems"", featuring Kendrick Lamar, Drake & 2 Chainz. 
Directed by Clark Jackson & Samantha Lecca.",3:52,"Dec 4, 2012",Released,Yes,https://www.youtube.com/watch?v=liZm1im2erU
Tu Pimp A Caterpillar,"The Lonely Island - YOLO
(feat. Adam Levine & Kendrick Lamar) (dir. Akiva Schaffer & Jorma Taccone)","Official music video for ""YOLO"", featuring Adam Levine & Kendrick Lamar. 
Directed by Akiva Schaffer & Jorma Taccone.",3:13,"Jan 26, 2013",Released,Yes,https://www.youtube.com/watch?v=z5Otla5157c?si=opolM6lgLXbeoFec
Tu Pimp A Caterpillar,"50 Cent - We Up
(feat. Kendrick Lamar) (dir. Elf Rivera)","Official music video for ""We Up"", featuring Kendrick Lamar.
Directed by Elf Rivera.",3:19,"Mar 25, 2013",Released,Yes,https://www.youtube.com/watch?v=-6jhuhsG-7w?si=5fQXR7LG1QPXXANQ
Tu Pimp A Caterpillar,"Miguel - How Many Drinks? (Remix)
(feat. Kendrick Lamar) (dir. Constellation Jones)","Official music video for ""How Many Drinks? (Remix)"", featuring Kendrick Lamar.
Directed by Constellation Jones.",4:29,"Apr 22, 2013",Released,Yes,https://www.youtube.com/watch?v=nY-Xk3sGr6Q?si=sTlB-OJH6BE3TF1w
Tu Pimp A Caterpillar,"T.I. - Memories Back Then
(feat. Kendrick Lamar, Kris Stephens & B.o.B) (dir. PhillyFlyBoy)","Official music video for ""Memories Back Then"", featuring Kendrick Lamar, Kris Stephens & B.o.B. 
Directed by PhillyFlyBoy.",4:56,"Apr 22, 2013",Released,Yes,https://www.youtube.com/watch?v=a2Gh3VdnXQs?si=1RSHf-oSds2NXxBM
Tu Pimp A Caterpillar,"Bridget Kelly - Street Dreamin'
(feat. Kendrick Lamar) (dir. Clifton Bell)","Official music video for ""Street Dreamin"", featuring Kendrick Lamar. 
Directed by Clifton Bell.",3:41,"Jun 25, 2013",Released,Yes,https://www.youtube.com/watch?v=P1iU9gZx_Ho?si=cHpdGp2fnTttuC2E
Tu Pimp A Caterpillar,"ScHoolboy Q - Collard Greens
(feat. Kendrick Lamar) (dir. Jerome D. Hurd)","Official music video for ""Collard Greens"", featuring Kendrick Lamar. 
Directed by Jerome D. Hurd.",4:43,"Aug 7, 2013",Released,Yes,https://www.youtube.com/watch?v=_L2vJEb6lVE?si=uQMtN6fjXK3cUqpa
Tu Pimp A Caterpillar,"Robin Thicke - Give It 2 U (Remix)
(feat. Kendrick Lamar & 2 Chainz) (dir. Diane Martel)","Official music video for ""Give It 2 U (Remix)"", featuring Kendrick Lamar & 2 Chainz. Directed by Diane Martel.",4:30,"Aug 24, 2013",Released,Yes,https://www.youtube.com/watch?v=TH8m6J3gPH0?si=YuBwxK4aEoL3PRWd
Tu Pimp A Caterpillar,"Pusha T - Nosetalgia 
(feat. Kendrick Lamar) (dir. Colin Tilley)","Official music video for ""Nosetalgia"", featuring Kendrick Lamar. 
Directed by Colin Tilley",3:48,"Oct 3, 2013",Released,Yes,https://www.youtube.com/watch?v=UgGZJxI-fFA
"11 Released
0 Unreleased
12 On Streaming
0 Not On Streaming","To Pimp A Butterfly [V2]
(How Much A Dollar Cost, Tu Pimp A Caterpillar, To Pimp A Butterfly: a blank letter by Kendrick Lamar)","(10/22/2012) (good kid, m.A.A.d city is released)
(05/15/2015) (To Pimp A Butterfly is released)",,"To Pimp a Butterfly is Kendrick Lamar’s second major label studio album, and third full-length project. It was released via Top Dawg Entertainment, Aftermath Entertainment, and Interscope Records. It followed his critically-acclaimed 2012 debut, good kid, m.A.A.d city. The album was very well-received upon release, eventually earning 11 Grammy nominations, and it has gone on to be hailed as one of the greatest hip-hop albums of all time. In contrast to Lamar’s previous projects, TPAB took more heavily from jazz, soul, and funk influences, with such contributors as Thundercat, Terrace Martin, Kamasi Washington, and Flying Lotus providing instrumentation and production.",,,
To Pimp A Butterfly,"Alicia Keys - It's On Again
(feat. Kendrick Lamar) (dir. Rich Lee)","Official music video for ""It's On Again"", featuring Kendrick Lamar.
Directed by Rich Lee.",3:49,"Apr 14, 2014",Released,Yes,https://www.youtube.com/watch?v=Okn0WpJqgHE?si=xU17SxuFKU5b1DpC
To Pimp A Butterfly,"Jasmine V - That's Me Right There
(feat. Kendrick Lamar) ","Official music video for ""That's Me Right There"", featuring Kendrick Lamar.
Directed by Gil Green.",4:55,"Aug 22, 2014",Released,Yes,https://www.youtube.com/watch?v=8tEyAAniu5U?si=seBvU-5mMLq40DHw
To Pimp A Butterfly,"Flying Lotus - Never Catch Me 
(feat. Kendrick Lamar) (dir. Hiro Murai)","Official music video for ""Never Catch Me"", featuring Kendrick Lamar.
Directed by Hiro Murai.",4:46,"Oct 1, 2014",Released,Yes,https://www.youtube.com/watch?v=2lXD0vv-ds8?si=E-7szSFC6Sn6O64f
To Pimp A Butterfly,"i
(dir. The Little Homies & Alexandre Moors)","Official music video for ""i"".
Directed by The Little Homies & Alexandre Moors.",4:42,"Nov 4, 2014",Released,Yes,https://www.youtube.com/watch?v=8aShfolR6w8
To Pimp A Butterfly,"Chris Brown - Autumn Leaves
(feat. Kendrick Lamar) (dir. Colin Tilley)","Official music video for ""Autumn Leaves"", featuring Kendrick Lamar.
Directed by Colin Tilley.",4:28,"Jan 22, 2015",Released,Yes,https://www.youtube.com/watch?v=undkbBJLa-Y?si=_fPTchWxEN5MO6tA
To Pimp A Butterfly,"King Kunta 
(dir. The Little Homies & Director X)","Official music video for ""King Kunta"".
Directed by The Little Homies & Director X.",3:57,"Apr 1, 2015",Released,Yes,https://www.youtube.com/watch?v=hRK7PVJFbS8
To Pimp A Butterfly,"King Kunta [Behind The Scenes]
(dir. Christian San Jose)","Behind the scenes for the official music video for ""King Kunta"".
Directed by Christian San Jose",3:06,"Apr 17, 2015",BTS,Yes,https://www.youtube.com/watch?v=C5pXhOOzZcs?si=Ih2poougAb8lAm08
To Pimp A Butterfly,"Alright
(dir. The Little Homies & Colin Tilley)","Official music video for ""Alright"".
Directed by The Little Homies & Colin Tilley",6:54,"Jun 30, 2015",Released,Yes,https://www.youtube.com/watch?v=Z-48u_uWMHY
To Pimp A Butterfly,"For Free?
(dir. The Little Homies & Joe Weil)","Official music video for ""For Free?"".
Directed by The Little Homies & Joe Weil.",2:12,"Jul 31, 2015",Released,Yes,https://www.youtube.com/watch?v=_ZTYgq4EoRo
To Pimp A Butterfly,"Jay Rock - Vice City
(feat. Black Hippy) (dir. Joe Weil)","Official music video for ""Vice City"", featuring Black Hippy.
Directed by Joe Weil.",4:43,"Sep 10, 2015",Released,Yes,https://www.youtube.com/watch?v=Jug2HZ3dkoc
To Pimp A Butterfly,"These Walls
(feat. Anna Wise, Bilal & Thundercat) (dir. The Little Homies & Colin Tilley)","Official music video for ""These Walls"".
Directed by The Little Homies & Colin Tilley.",8:11,"Oct 28, 2015",Released,Yes,https://www.youtube.com/watch?v=drV0QatqbRU
To Pimp A Butterfly,"God Is Gangsta
(dir. Jack Begert, Quentin Curtat & The Little Homies)","Official music video for the songs ""u"" & ""For Sale?"".
Directed by Jack Begert, Quentin Curtat & The Little Homies.",7:20,"Jan 13, 2016",Released,Yes,https://www.youtube.com/watch?v=4wZytWFm7x0
"10 Released
1 Unreleased
10 On Streaming
1 Not On Streaming","DAMN.
(What Happens On Earth, Stays On Earth., ain't nobody praying for me, GOD DAMN)","(03/04/2016) (untitled unmastered. is released)
(04/14/2017) (DAMN. is released)",,"DAMN., Kendrick Lamar’s fourth studio album, was expected to be released on April 7, 2017, after he rapped these lines on “The Heart Part 4”: ""Y'all got ‘til April the 7th to get y'all shit together"". However, when the pre-order was released, it was announced that it would appear on Good Friday—April 14, 2017. This is Kendrick’s first full-length project since 2015’s To Pimp A Butterfly. In between the albums, Kendrick released the 8-track EP untitled unmastered. On February 27, 2016, Mike WiLL Made-It teased that he was in the studio with Kendrick on Instagram. A collaboration was reinforced when a HipHopDX staff member stated that a song titled “DNA” produced by Mike WiLL Made-It would appear on the album.",,,
DAMN.,"Taylor Swift - Bad Blood
(feat. Kendrick Lamar) (perf. Selena Gomez, Lena Dunham, Hailee Steinfeld, Serayah, Gigi Hadid, Ellie Goulding, Martha Hunt, Cara Delevingne, Zendaya, Hayley Williams, Lily Aldridge, Karlie Kloss, Jessica Alba, Mariska Hargitay, Ellen Pompeo & Cindy Crawford) (dir. Joseph Kahn)","Official music video for ""Bad Blood"", featuring Kendrick Lamar. features performances by Selena Gomez, Lena Dunham, Hailee Steinfeld, Serayah, Gigi Hadid, Ellie Goulding, Martha Hunt, Cara Delevingne, Zendaya, Hayley Williams, Lily Aldridge, Karlie Kloss, Jessica Alba, Mariska Hargitay, Ellen Pompeo & Cindy Crawford.
Directed by Joseph Kahn.",4:04,"May 17, 2015",Released,Yes,https://www.youtube.com/watch?v=QcIy9NiNbmo?si=i6UQCKvcVZvXBKgC
DAMN.,"Funkadelic - Ain't That Funkin' Kinda Hard on You? (We Ain't Neva Gonna Stop Remix)
(feat. Kendrick Lamar & Ice Cube) (dir. Video God)","Official music video for ""Ain't That Funkin' Kinda Hard on You? (We Ain't Neva Gonna Stop Remix)"", featuring Kendrick Lamar & Ice Cube.
Directed by Video God.",6:24,"Mar 24, 2016",Released,Yes,https://www.youtube.com/watch?v=NxKBVfPlGgE?si=UebMT-lUuNBG9fpK
DAMN.,"HUMBLE.
(dir. The Little Homies & Dave Meyers)","Official music video for ""HUMBLE."".
Directed by The Little Homies & Dave Meyers.",3:03,"Mar 31, 2017",Released,Yes,https://www.youtube.com/watch?v=tvTRZJ-4EyI?si=1_y5X_zJKMApoN9e
DAMN.,"Travis Scott - goosebumps
(feat. Kendrick Lamar) (dir. BRTHR)","Official music video for ""goosebumps"", featuring Kendrick Lamar.
Directed by BRTHR.",4:10,"Apr 14, 2017",Released,Yes,https://www.youtube.com/watch?v=Dst9gZkq1a8?si=r2rlxF924PX1q9yq
DAMN.,"DNA.
(dir. Nabil Elderkin & The Little Homies)","Official music video for ""DNA."".
Directed by Nabil Elderkin & The Little Homies.",4:45,"Apr 18, 2017",Released,Yes,https://www.youtube.com/watch?v=NLZRYQMLDW4?si=enYy1rPnSIbt-_zT
DAMN.,"ELEMENT.
(dir. Dave Free, Kendrick Lamar & Jonas Lindstroem)","Official music video for ""ELEMENT."". Linked is the highest quality version of the music video.
Directed by Dave Free, Kendrick Lamar & Jonas Lindstroem.",3:34,"Jun 27, 2017",Released,Yes,https://imgur.gg/f/hvMoejd
DAMN.,"LOYALTY. 
(feat. Rihanna) (dir. The Little Homies & Dave Meyers)","Official music video for ""LOYALTY."".
Directed by The Little Homies & Dave Meyers.",4:00,"Jul 28, 2017",Released,Yes,https://www.youtube.com/watch?v=Dlh-dzB2U4Y?si=JafZeFNn8PpynB2b
DAMN.,"Rich The Kid - New Freezer
(feat. Kendrick Lamar) (dir. Jack Begert & Dave Free)","Official music video for ""New Freezer"", featuring Kendrick Lamar.
Directed by Jack Begert & Dave Free.",3:11,"Oct 30, 2017",Released,Yes,https://www.youtube.com/watch?v=6YqSS_b_X1U?si=I1itz2p2TXlzhJhm
DAMN.,"LOVE. 
(feat. Zacari) (dir. The Little Homies & Dave Meyers)","Official music video for ""LOVE."". 
Directed by The Little Homies & Dave Meyers.",3:42,"Dec 22, 2017",Released,Yes,https://www.youtube.com/watch?v=ox7RsX1Ee34
DAMN.,"SZA - Doves In The Wind
(feat. Kendrick Lamar) (dir. Nabil)","Official music video for ""Doves In The Wind"", featuring Kendrick Lamar. 
Directed by Nabil.",4:29,"Apr 27, 2018",Released,Yes,https://www.youtube.com/watch?v=Zg165-mZ7x8?si=jqDwZBFqj4WqqDyk
DAMN.,"FEEL.
(dir. The Little Homies & William Kennedy)","Scrapped music video for ""FEEL."" discovered on a random YouTube channel in 360p, pretty much nothing else is known about this, no one knew it existed until it was found on YouTube. 
Directed by The Little Homies & William Kennedy.",3:48,"Mar 11, 2023",Unreleased,No,https://www.youtube.com/watch?v=NXcDomT1gvI?si=mUefIBlZ_vFEbXKS
"3 Released
1 Unreleased
3 On Streaming
1 Not On Streaming","Black Panther: The Album
(Collaboration with Various Artists)","(04/14/2017) (DAMN. is released.)
(02/09/2018) (Black Panther: The Album is released)",,"Black Panther: The Album is a compilation of music from and inspired by the 2018 Marvel film Black Panther. The compilation was released on February 9, 2018 (one week before the release of the film) through Top Dawg Entertainment, Aftermath Entertainment and Interscope Records. “All The Stars”, “Opps” and “Pray For Me” all make appearances in the film itself, while the rest are inspired by the movie. The soundtrack is executive produced by Kendrick Lamar and TDE CEO Anthony “Top Dawg” Tiffith.",,,
Black Panther: The Album,"All The Stars 
(with SZA) (dir. The Little Homies & Dave Meyersr)","Official music video for ""All The Stars"" duet with SZA for the Black Panther 2018 film. 
Directed by The Little Homies & Dave Meyers.",3:55,"Feb 6, 2018",Released,Yes,https://www.youtube.com/watch?v=JQbjS0_ZfJ0?si=enhp5SAmbPXL0sny
Black Panther: The Album,"Jay Rock - King's Dead 
(with Kendrick Lamar, James Blake, Future) (dir. Jack Begert The Little Homies)","Official music video for ""King's Dead"" by Jay Rock, Kendrick Lamar, Future and James Blake. 
Directed by Jack Begert & The Little Homies.",4:24,"Feb 15, 2018",Released,Yes,https://www.youtube.com/watch?v=VwAnsAUYnw4&feature=youtu.be
Black Panther: The Album,"U2 - American Soul
(feat. Kendrick Lamar) (dir. Broken Fingaz)","Official music video for ""American Soul"", featuring Kendrick Lamar. 
Directed by Broken Fingaz.",4:46,"Mar 22, 2018",Released,Yes,https://www.youtube.com/watch?v=oxppcWeZ5-I?si=CjubvzP_ooC58q7H
Black Panther: The Album,SOB X RBE - Paramedic!,"A music video for ""Paramedic!"" was supposed to come out at the time the Black Panther soundtrack was released. SOB x RBE would shoot their part of the clip without Kendrick, but then he most likely didn't shoot anything for it.",?:??,N/A,Unreleased,No,https://drive.google.com/file/d/1Dqi_EJCNDYhDG4KS-HEiiCItq9hHHLPh/view
"12 Released
0 Unreleased
14 On Streaming
0 Not On Streaming","Mr. Morale & The Big Steppers
(Mr. Morale, Everybody Sensitive)","(08/02/2021) (Kendrick works on the final version of Mr. Morale)
(05/13/2022) (Mr. Morale & The Big Steppers is released)",,"Mr. Morale & The Big Steppers is the fifth studio album by American rapper Kendrick Lamar, released on May 13, 2022, by PGLang, Top Dawg Entertainment (TDE), Aftermath Entertainment, and Interscope Records. The double album is Lamar's first studio album release since DAMN. (2017), his first album release under his creative collective PGLang, and his final project with TDE (under which he released four albums and was one of their flagship artists).",,,
Mr. Morale & The Big Steppers,"Jay Rock - WIN
(add. Kendrick Lamar) (dir. Dave Free & Dave Meyers)","Official music video for ""WIN"", with adlibs and a guest appearance from Kendrick Lamar. Directed by Dave Free & Dave Meyers.",3:36,"May 30, 2018",Released,Yes,https://www.youtube.com/watch?v=JrO46CJd9ns
Mr. Morale & The Big Steppers,"Jay Roc - Wow Freestyle
(feat. Kendrick Lamar) (dir. Jack Begert)","Official music video for ""Wow Freestyle"", featuring Kendrick Lamar. 
Directed by Jack Begert.",2:56,"Oct 25, 2018",Released,Yes,https://www.youtube.com/watch?v=GTe57jQX5Eg?si=HM6La5XdGJ98HSfL
Mr. Morale & The Big Steppers,"Anderson .Paak - Tints
(feat. Kendrick Lamar) (dir. Colin Tilley)","Official music video for ""Tints"", featuring Kendrick Lamar. 
Directed by Colin Tilley.",5:22,"Oct 28, 2018",Released,Yes,https://www.youtube.com/watch?v=u749Hi0gDVM?si=MGj41XCUCQKX59GU
Mr. Morale & The Big Steppers,"Anderson .Paak - Tints (Vertical Video)
(feat. Kendrick Lamar) (dir. Michael Watson II & Israel Ramos)","Official vertical video for ""Tints (Clean)"", featuring Kendrick Lamar. 
Directed by Michael Watson II & Israel Ramos.",4:26,"Dec 16, 2018",Released,Yes,https://www.youtube.com/watch?v=gGs_MmATLms?si=FpDPKOG1CqAEMctF
Mr. Morale & The Big Steppers,"SiR - Hair Down
(feat. Kendrick Lamar) (dir. Jack Begert)","Official music video for ""Hair Down"", featuring Kendrick Lamar. 
Directed by Jack Begert.",3:40,"Aug 8, 2019",Released,Yes,https://www.youtube.com/watch?v=BQqEMLOOMCo?si=TF659Mip8BhF6tt8
Mr. Morale & The Big Steppers,"Dreamvillie - Under The Sun
(feat. DaBaby & Kendrick Lamar) (dir. Aisultan Seitov, David Peters & Chad Tennies)","Official music video for ""Under The Sun"", featuring J. Cole, Lute & DaBaby. Uncredited hook by Kendrick Lamar, although Kendrick does not appear physically. Directed by Aisultan Seitov, David Peters & Chad Tennies.",3:19,"Sep 16, 2019",Released,Yes,https://www.youtube.com/watch?v=eUUuI--jAlM?si=s9QInoVAziYX-efA
Mr. Morale & The Big Steppers,"Baby Keem - family ties
(with Kendrick Lamar) (dir. Dave Free)","Official music video for ""family ties"" by Baby Keem & Kendrick Lamar. 
Directed by Dave Free.",4:16,"Aug 27, 2021",Released,Yes,https://www.youtube.com/watch?v=v6HBZC9pZHQ?si=ijNrl1ZKu-UG_GZb
Mr. Morale & The Big Steppers,"Lil Wayne - Mona Lisa
(feat. Kendrick Lamar) (dir. Tim Fox)","Official music video for ""Mona Lisa"", featuring Kendrick Lamar. 
Directed by Tim Fox.",5:30,"Mar 11, 2022",Released,Yes,https://www.youtube.com/watch?v=ybfgomoY8Xs?si=wYoKQ4Q4zoSuKkK7
Mr. Morale & The Big Steppers,"The Heart Part 5
(dir. Dave Free & Kendrick Lamar)","Official music video for ""The Heart Part 5"". Deepfakes on the video are used to transform Kendrick's into the faces of various famous black men: O.J. Simpson, Will Smith, Jussie Smollett, Kobe Bryant, Kanye West, and Nipsey Hussle. 
Directed by Dave Free & Kendrick Lamar.",5:43,"May 9, 2022",Released,Yes,https://www.youtube.com/watch?v=uAPUkgeiFVY?si=EgffTLepcq__ucG9
Mr. Morale & The Big Steppers,"N95
(dir. Dave Free & Kendrick Lamar)","Official music video for ""N95"". Baby Keem is featured on the music video. 
Directed by Dave Free & Kendrick Lamar.",3:27,"May 14, 2022",Released,Yes,https://www.youtube.com/watch?v=zI383uEwA6Q?si=UFOqrCKq1C7rHM1r
Mr. Morale & The Big Steppers,"We Cry Together (Short Film)
(feat. Taylour Paige) (dir. Jake Schreier, Dave Free & Kendrick Lamar)","Official short film & live performance for ""We Cry Together"", featuring Taylour Paige. Directed by Jake Schreier, Dave Free & Kendrick Lamar.",5:42,"Sep 1, 2022",Film,Yes,https://www.youtube.com/watch?v=wUGyZM9rcnY?si=kjZimeHFO1L_hPXY
Mr. Morale & The Big Steppers,"We Cry Together (Short Film) [Uncensored]
(feat. Taylour Paige) (dir. Jake Schreier, Dave Free & Kendrick Lamar)","Official short film & live performance for ""We Cry Together"", featuring Taylour Paige. Directed by Jake Schreier, Dave Free & Kendrick Lamar.
This version is uncensored.",5:42,"Sep 1, 2022",Film,Yes,https://archive.org/details/we-cry-together-a-short-film-uncensored
Mr. Morale & The Big Steppers,"Rich Spirit
(dir. Calmatic)","Official music video for ""Rich Spirit"". 
Directed by Calmatic.",3:20,"Nov 16, 2022",Released,Yes,https://www.youtube.com/watch?v=toBTPGfurLc?si=zRXhIv1mEdVKjGhy
Mr. Morale & The Big Steppers,"Count Me Out
(dir. Dave Free & Kendrick Lamar)","Official music video for ""Count Me Out"". Helen Mirren is the therapist and Ant Henderson is the man in white carrying Kendrick. 
Directed by Dave Free & Kendrick Lamar.",3:27,"Dec 16, 2022",Released,Yes,https://www.youtube.com/watch?v=5GhhVHpPR_M?si=nEMHGtoApWOqMU2P
"2 Released
0 Unreleased
2 On Streaming
0 Not On Streaming",GNX,"(05/13/2022) (Mr. Morale & The Big Steppers is released)
(11/22/2024) (GNX is released)
(Ongoing)",,"GNX is the rumored non-conceptual album that was planned to drop April - May, told by a trustworthy insider. GNX is the sixth studio album by American rapper Kendrick Lamar. It was released as a surprise album through PGLang and Interscope Records on November 22, 2024. Titled after the Buick Regal model, and a follow-up to Mr. Morale & the Big Steppers (2022) and his feud with Canadian rapper Drake, GNX is Lamar's first album after his departure from longtime labels Top Dawg Entertainment and Aftermath Entertainment.",,,
,Drake vs. Kendrick Lamar,"(05/30/2023) (Baby Keem & Kendrick Lamar Surprise-Releases ""The Hillbillies"")
(04/06/2024) (Metro Boomin, Future & Kendrick Lamar releases ""Like That"")
(05/05/2024) (Drake releases the trash ass ""The Heart Part 6"" and ends the battle losing)
(09/11/2024) (Kendrick releases ""_"", meant to be the final statements about the beef)",,,,,
Drake vs. Kendrick Lamar,"The Hillbillies
(with Baby Keem) (dir. Neal Farmer)
(Sticky Dub)","Official music video for ""The Hillbillies"". Surprise-released on the pgLang YouTube channel on May 30th, 2023. Features Tyler, The Creator. 
Directed by Neal Farmer.",3:34,"May 30, 2023",Released,Yes,https://www.youtube.com/watch?v=Yhivl6fln3s
Drake vs. Kendrick Lamar,"Not Like Us 
(dir. Dave Free & Kendrick Lamar)","Official music video for ""Not Like Us"" with a snippet of an early version of ""squabble up"". Features Ab-Soul & Whitney Alfrod, Kendrick's partner. 
Directed by Dave Free & Kendrick Lamar.",5:55,"Jul 5, 2024",Released,Yes,https://www.youtube.com/watch?v=H58vbez_m4E?si=nGhGcdTvzAHidK7t
Drake vs. Kendrick Lamar,Not Like Us (Behind The Scenes),Behind The Scenes video for the Music Video 'Not Like Us'.,4:18,"Jul 19, 2024",BTS,Music Video,https://youtu.be/yiHHDH391-I?si=zkoE2KvZWz5raoDz
,GNX,"(05/13/2022) (Mr. Morale & The Big Steppers is released)
(11/22/2024) (GNX is released)",,,,,
GNX,"squabble up
(dir. Calmatic)","Music video version of ""squabble up"" with a different mix, as the addition of unused production elements and the lacking of others from the release version. Also contains a mumble bridge that was later finished for release. Started filming on August 29, 2024. 
Directed by Calmatic.",2:46,"Nov 25, 2024",Released,Yes,https://www.youtube.com/watch?v=fuV4yQWdn_4
GNX,"luther
(with SZA) (dir. Karens Evans)","Official music video by Kendrick Lamar and SZA performing ""luther"". Has extended segments from the sample of the song ""If This World Were Mine"" by Luther Vandross. 
Directed by Karen Evans.",5:12,"Apr 11, 2025",Released,Yes,https://www.youtube.com/watch?v=sNY_2TEmzho
GNX,"Clipse - Chains & Whips
(feat. Kendrick Lamar) (dir. Gabriel Moses)","Official music video for ""Chains & Whips"", featuring Kendrick Lamar, although Kendrick does not appear physically, due to being on tour/being a fucking bum. Directed by Gabriel Moses.",4:41,"Jul 14, 2025",Released,Yes,https://www.youtube.com/watch?v=ecIH-4RbbOk&list=RDecIH-4RbbOk&start_radio=1
GNX,"Baby Keem - Good Flirts
(feat. Momo Boyd & Keendrick Lamar) (dir. Renell Medrano)","Official music video for ""Good Flirts"" featuring Momo Boyd & Kendrick Lamar.
Directed by Renell Medrano.",4:13,"Mar 5, 2026",Released,Yes,https://www.youtube.com/watch?v=N8bI6FYLqgc&list=RDN8bI6FYLqgc&start_radio=1
GNX,"tv off
(feat. Lefty Gunplay) (dir. ???)","Unreleased music video for ""tv off"" was made and finished but never released. The Lefty Gunplay visuals that were played during the GNX tour could have potentially been from the scrapped video.",?:??,N/A,Unreleased,Yes,N/A
Links,,,Type,,,,
"🔗 103 Total Links
❌ 0 Missing Links
📚 0 Sources Needed
🚫 2 Not Available",,,"🔊 0 On Streaming
📴 0 Not On Streaming
✅ 0 Released
❌ 0 Unreleased",,,,