Era,Name,Notes,Length,Date Made,Leak Date,Type,Available Length,Link(s)
,"Want to contribute? Join our non-profit Tracker Server to help us out, suggest edits, update dead links, or ask questions",,,,,,,
Skip to Video Appearances,,,,,,,,
,Music Videos,,,"- Official videos made for the track. 
- Alternative cuts linked in the notes. 
- Dates correspond to the video shoot, not the song's recording",,,,
Drill,"Hustle Hard
(by S.dot feat. Edai) (prod. Lex Luger)",Recorded 2011. Released to Sosa's channel. Remix of Ace Hood - Hustle Hard. First music video featuring Chief Keef. Directed & Edited By Prince Films,4:16,3-8-11,4-24-11,Feature,Full Video,https://youtu.be/Ii6z7mjUG7A
Drill,"Do It For My Town
(prod. DJ Kenn)",Recorded 2011 for The Glory Road tape. First music video only for chief keef. Directed by DJ Kenn,3:16,4-27-11,4-27-11,Released,Full Video,https://youtu.be/YbVrxaJlMB8
Drill,"Let's Get Money
(by LeekeLeek ft. SD) (prod. DJ Kenn & LeekeLeek)",Recorded 2011. Directed by DJ Kenn,4:16,6-10-11,6-17-11,Feature,Full Video,https://www.youtube.com/watch?v=h2q_wO1FpWU
Drill,"In This Bitch Remix
(feat. Lil Reese) (prod. DJ Kenn)",Date. Directed by DJ Kenn. Trailer posted on July 2nd and then the full video released on the 4th,3:22,6-28-11,7-4-11,Released,Full Video,https://www.youtube.com/watch?v=MSnTzpMOoh4
Drill,"Bang
(prod. DJ Kenn)",Recorded 2011 for Bang mixtape. Sosa's first big hit. Shot by DGainz. Facebook,3:35,8-2-11,8-6-11,Released,Full Video,https://youtu.be/bEoDSTBY_Y4
Drill,"On That
(by Fredo Santana) (prod. DJ Kenn)",Recorded 2011. Directed by DJ Kenn,3:13,9-11-11,9-15-11,Feature,Full Video,https://youtu.be/FJYpSRsyUU4
Drill,"Itz Crackin'
(prod. DJ Kenn)",Recorded 2011 for Bang mixtape.,3:13,9-7-11,9-7-11,Released,Full Video,https://youtu.be/Tqnnz_xZqBM
Drill,"John Madden
(prod. DJ Kenn)",Recorded 2011,3:37,10-30-11,10-30-11,Released,Full Video,https://youtu.be/Jg9mJEE5PeQ
Drill,"Everydays Halloween
(prod. Lex Luger)",Recorded 2011. Bang leftover,2:27,11-7-11,1-9-12,Released,Full Video,https://youtu.be/eS8OMv8VF70
Drill,"Aimed At You
(prod. DJ Kenn)",Recorded 2011,3:38,11-19-11,11-28-11,Released,Full Video,https://youtu.be/NBinh6AaSao
Drill,"Boulevard
(by King Beece) (prod. YE Beatz)",Recorded 2012 BTS,3:38,11-21-11,3-17-12,Feature,Full Video,https://youtu.be/5_nW-D5u4iE
Finally Rich,"3Hunna
(prod. Young Chop)",Recorded 2012. Twitter. Dropped to Back From The Dead,3:27,1-15-12,1-17-12,Released,Full Video,https://youtu.be/QFEhJfUcD1Q
Finally Rich,"I Don't Know Dem
(prod. Young Chop)",Recorded 2012. Shoot date,3:38,1-23-12,1-25-12,Released,Full Video,https://youtu.be/qLo-Lw6idVU
Finally Rich,"Taking Breathes
(by Duwop) (prod. Young Chop)",Recorded 2012. Announced to Blogspot by CTC Crazy. BTS,4:39,3-4-12,3-18-12,Released,Full Video,https://youtu.be/H94DhPIZGgY
Finally Rich,"I Don't Like
(feat. Lil Reese) (prod. Young Chop)",Recorded 2012.  Dropped to Back From The Dead,4:54,3-6-12,3-12-12,Released,Full Video,https://youtu.be/2WcRXJ4piHg
Finally Rich,"Everyday
(prod. Young Chop)",Recorded 2012.  Dropped to Back From The Dead,3:32,3-12-12,4-6-12,Released,Full Video,https://youtu.be/tD3xowIXjAA
Finally Rich,"On Me
(by Kill Bill) (prod. Young Chop)","Recorded 2012. Music Video was uploaded on May 18 2012 but has since been taken down, it was reuploaded on Reddit.",4:13,3-31-12,5-18-12,Feature,Full Video,https://www.reddit.com/r/ChiefKeef/comments/12zb6ak/kill_bill_ft_chief_keef_on_me_music_video/
Finally Rich,"Foreign Cars
(by Soulja Boy) (prod. Young Chop)",Recorded 2012. BTS,3:43,3-31-12,3-31-12,Feature,Full Video,https://youtu.be/KfZBQh-510c
Finally Rich,"Cash Only
(by Munnie feat. Prince Eazy) (prod. Munnie)",BTS,4:26,4-12-12,4-15-12,Feature,Full Video,https://www.youtube.com/watch?v=IXBIVn9grJ4
Finally Rich,"Global Now
(by SD) (prod. 12Hunna)",Recorded 2012,3:32,4-15-12,4-15-12,Feature,Full Video,https://youtu.be/R4BoVEpYF94
Finally Rich,"Cuz My Gear
(feat. RiFF RAFF) (prod. 308beatZ)",Recorded 2012,3:42,4-29-12,4-28-12,Released,Full Video,https://youtu.be/nB9au3UBSqI
Finally Rich,"Murda
(by Bo Deal feat. Waka Flocka) (prod. Southside)",Recorded 2012. Twitter,3:35,5-6-12,5-9-12,Feature,Full Video,https://youtu.be/auKKmY08AwY
Finally Rich,"Tatted Like Amigos
(by Kap G) (prod. Kid Cray)",Recorded 2012. Date,4:47,5-6-12,5-20-12,Feature,Full Video,https://youtu.be/YMAO2N88IpU
Finally Rich,"Turn Up
(by AON Hence) (prod. Young Chop)",BTS,3:48,5-8-12,6-26-12,Feature,Full Video,https://youtu.be/5avPvNbF92w
Finally Rich,"3Hunna Remix
(by 3DMimi) (prod. Young Chop)",Recorded 2012. Twitter,3:34,5-9-12,6-29-12,Feature,Full Video,https://youtu.be/u80UznI3Isg
Finally Rich,"Choppa Go Bang
(by KP) (prod. Chase Davis)",Recorded 2012. BTS. BTS,3:58,5-11-12,6-18-12,Feature,Full Video,https://youtu.be/yDfrEYHn-zM
Finally Rich,"Monster
(prod. Young Chop)",Recorded 2012. BTS,3:32,5-13-12,8-13-12,Released,Full Video,https://youtu.be/qIvlb4CToGw
Finally Rich,"Fuck Around
(by Pha'tal) (prod. Young Chop)",BTS,4:45,5-14-12,5-29-12,Feature,Full Video,https://www.youtube.com/watch?v=PBrSga27axY
Finally Rich,"Fucked Up (Remix)
(by Saint Pat) (prod. Ok It's Nick)",BTS posted on 5/17/2012. Music video never released.,3:56,5-17-12,,Feature,LQ Snippet,https://www.youtube.com/watch?v=aaTSFo_P22M
Finally Rich,"My Lil Niggas
(by Fredo Santana feat. Lil Reese) (prod. 12Hunna)",Recorded 2012,4:40,5-31-12,7-10-12,Feature,Full Video,https://youtu.be/5T5F8DPsejs
Finally Rich,"Traffic
(by Lil Reese) (prod. Young Chop)",BTS,3:56,6-4-12,7-27-12,Feature,Full Video,"https://www.youtube.com/watch?v=y34iXfB3L9sk
https://www.youtube.com/watch?v=lfrzfG3aBu4"
Finally Rich,"The Only Thing I Know
(by Fedy) (prod. J-Nice Beatz)",Shot by @WhoisHiDef,4:02,6-25-12,6-25-12,Feature,Full Video,https://youtu.be/YIoCfVLVpeI
Finally Rich,"Russian Roulette
(feat. Fat Trel) (prod. Lex Luger)",Recorded 2012. BTS,3:20,7-1-12,7-5-12,Feature,Full Video,https://youtu.be/XGMVd4kRacQ
Finally Rich,"Bout Dat Life
(by Big Boy Slime Balla) (prod. The Chemist Music Group)",Recorded 2012. Twitter,3:49,8-7-12,10-2-12,Feature,Full Video,https://youtu.be/BZ9qawhbePY
Finally Rich,"Ugly
(feat. Soulja Boy & D.Flores) (prod. Metro Boomin)",Recorded 2012,4:26,8-27-12,8-27-12,Released,Full Video,https://youtu.be/C8hWtLa545c
Finally Rich,"We Eatin'
(by Boss Brick) (prod. Pete Stylez)",Recorded 2012. BTS,3:36,8-28-12,9-20-12,Feature,Full Video,https://www.youtube.com/watch?v=luwaGJK-VPY
Finally Rich,"Menace II Society
(by Philthy Rich) (prod. AK-47)",Recorded 2012. Twitter,4:23,10-15-12,10-30-12,Feature,Full Video,https://youtu.be/Knc2loa6lq0
Finally Rich,"Kobe [V1]
(prod. Young Chop)",Recorded 2012. Original version of the music video had these scenes. Interscope decided to have the scenes with Lil Reese removed from the official release due to a controversial video of Reese which was circulating at the time,0:56,10-17-12,10-26-12,Unreleased,Video Snippet,https://www.youtube.com/watch?v=jSEtsd2PSG8
Finally Rich,"Kobe [V2]
(prod. Young Chop)",Recorded 2012,3:31,10-17-12,11-10-12,Released,Full Video,https://youtu.be/ossSWj17Jnk
Finally Rich,"Love Sosa
(prod. Young Chop)",Recorded 2012. Sosa's most popular song/video,4:06,10-18-12,10-18-12,Released,Full Video,https://youtu.be/YWyHZNBz6FE
Finally Rich,"Go
(feat. FTR Drama) (prod. Iceman)",Recorded 2012. Studio session on youtube.,3:05,11-11-12,12-10-12,Released,Full Video,https://youtu.be/0jm2MgFflhI
Finally Rich,"My Lifestyle
(by Big Lean) (prod. Metcalfe)",Recorded 2012. Trailer. Stems leaked 2022,4:40,11-16-12,12-27-12,Feature,Full Video,https://youtu.be/E4jAa5Za-nQ
Finally Rich,"They Know
(prod. 12Hunna)",Recorded 2012. Snippet of rougher mix was posted to his channel the day before he dropped it,2:10,11-16-12,11-17-12,Released,Full Video,https://youtu.be/4jUFDrfTYMc
Finally Rich,"Gucci Everything
(by Red Cafe feat. French Montana & Fabolous) (prod. Shutdownbeatz)",Recorded 2012. Twitter,4:37,11-24-12,12-14-12,Feature,Full Video,https://youtu.be/Sf26gr3TRcw
Lean,"Now It's Over
(prod. Izze The Producer)",Shot on 1/12/13. Trailer posted on 3/11/13. Dropped on 3/14/13. Directed by Ben Hughes.,2:24,1-12-13,3-14-13,Released,Full Video,https://youtu.be/n05PfGyuibc
Lean,"First Day Out
(prod. Frencizzle)",Recorded 2013. Directed by Ben Hughes. Twitter,1:52,3-19-13,3-26-13,Released,Full Video,https://youtu.be/E-cSQfkuRKw
Lean,"April Fools
(prod. Frencizzle)",Recorded 2013. Shotby Morningside Films. Instagram Instagram,2:33,3-28-13,7-12-13,Released,Full Video,https://youtu.be/ho7n_u25Rls
Lean,"Been Ballin
(by Ballout) (prod. TM88 & Tarentino)",Recorded 2013 for Ballin’ No NBA. Twitter,2:04,4-2-13,4-11-13,Feature,Full Video,https://youtu.be/r_320fKZk9E
Lean,"Gunja
(by Boss Top) (prod. Tarentino & 12Hunna)","Recorded 2013. Twitter. Unreleased music video snippet here, director said they never finished shooting",0:58,4-2-13,7-30-13,Throwaway,Video Snippet,https://youtu.be/ORzCQc36goc
Lean,"Where He Get It
(prod. TM88, Metro Boomin, Southside & Sonny Digital)",Recorded 2013. Instagram. shoot date,2:39,4-4-13,4-12-13,Released,Full Video,https://youtu.be/Ym4NzmkGdz8
Lean,"Hate Me
(by Capo) (prod. Leer Beats)",Recorded 2013. Shot By @AZaeProduction. shoot date,4:06,5-14-13,5-20-13,Feature,Full Video,https://youtu.be/rDn_YIRtUnE
Lean,"Macaroni Time
(prod. Vince Carter & Dirty Vans)",Recorded 2013. Shot By @AZaeProduction. shoot date,2:18,5-15-13,5-21-13,Released,Full Video,https://youtu.be/XFZVBO940wQ
Lean,"Darker
(by Gucci Mane) (prod. TM88 & Southside)",Recorded 2013. Shot by SpiffTV. Twitter,4:36,5-19-13,8-15-13,Feature,Full Video,https://www.youtube.com/watch?v=UPx-IsIMZLU
Lean,"No Reason
(prod. Zaytoven)",Recorded 2013. Shot by Ben Hughes,1:59,6-14-13,6-14-13,Released,Full Video,https://youtu.be/zJB2-vZYSCs
Lean,"Round Da Rosey
(prod. Zaytoven)",Recorded 2013. Shot by Blind Folks Vision. pic. BTS,1:59,6-13-13,6-16-13,Released,Full Video,https://youtu.be/RuH3vPHtbVw
Lean,"Hobby
(prod. Zaytoven)",Recorded 2013. Shot by Ben Hughes,3:13,6-24-13,6-24-13,Released,Full Video,https://youtu.be/xYicNdGZbAk
Lean,"Morgan Tracy
(prod. Zaytoven)",shoot date,1:52,7-1-13,8-6-13,Released,Full Video,https://www.youtube.com/watch?v=ZOcMX-6rFqo
Lean,"Love No Thotties
(prod. DotMidorii & Trapblancobeatz)",Recorded 2013,3:19,7-11-13,9-19-13,Released,Full Video,https://youtu.be/DdL_e7CtNJA
Lean,"Ain't Done Turnin Up
(prod. Abe & Domeno)",Recorded 2013. shoot date,2:05,7-24-13,7-30-13,Released,Full Video,https://youtu.be/D-ss9QOSHsA
Finally Rich,"Citgo
(prod. Young Ravisu)",Recorded 2012. shoot date. Shot by @willhoopes,3:13,8-6-13,8-15-13,Released,Full Video,https://youtu.be/FE5rpTDoUx0
Lean,"Chiefin Keef
(feat. Tray Savage & Tadoe) (prod. Trae Dash)",Recorded 2013,3:41,8-15-13,10-12-13,Released,Full Video,https://youtu.be/Ae_o5kIhFHo
Lean,"Let It Blow
(by D.Flores) (prod. Young Chop)",Recorded 2013. Recycled verse from Don't Feel Shit. recording date. date,3:19,9-3-13,11-1-13,Feature,Full Video,https://youtu.be/ET2LJzl5lxU
Lean,"All Time
(prod. Zaytoven)",Recorded 2013. BTS. recording date,3:19,9-12-13,11-17-13,Released,Full Video,https://youtu.be/CX7C0CqxAEY
Lean,"Ight Doe
(prod. Oh!Zone & ISOBeats)",date,3:40,9-20-13,9-26-13,Released,Full Video,https://youtu.be/PLWDM2uZr60
Lean,"Diamonds For Everyone
(by Ballout) (prod. BassKids)",Shoot date,2:47,9-25-13,5-19-13,Feature,Full Video,https://youtu.be/6HlRsO5W2_o
Lean,"She Noticed Me
(by Randyn Julius feat. Jay Burna & Sen City) (prod. Superstaar Beats)",Recorded 2013. Unavailable online due to copyright.Article. Twitter,4:54,9-30-13,1-15-14,Feature,Full Video,https://pixeldrain.com/d/j6hMuhgy
Lean,"Thought He Was
(by Blood Money) (prod. Luca Vialli)",First snippet surfaced September 2013. Dropped with music video in October. Original version featured Capo & Ballout.,5:42,10-1-13,10-11-13,Feature,Full Video,https://youtu.be/PbT2sTmMhcg
Lean,"That's It
(prod. YearBeatz)",Recorded 2013. unused/extra footage. shoot date,1:48,10-26-13,10-30-13,Released,Full Video,https://youtu.be/zLZtcfFObso
Rehab,"Make It Count
(prod. 12Hunna)",song recorded 2013 video recorded 2014. Snippet,4:16,1-31-14,3-16-14,Released,Full Video,https://youtu.be/5aYdVVijhi8
Rehab,"F*ck Rehab
(feat. Blood Money) (prod. Bezz Luciano)",Recorded 2014. BTS. IG snippets,5:10,2-10-14,3-29-14,Released,Full Video,https://youtu.be/T9ul305h1HY
Xanax,"How It Go
(prod. BassKids)",Recorded 2014. BTS,3:34,3-24-14,5-4-14,Released,Full Video,https://youtu.be/jFTI7VOz-gI
Xanax,"Close That Door
(prod. Izze The Producer)",Recorded 2014. BTS,3:34,3-25-14,4-8-14,Released,Full Video,https://youtu.be/6L_8xE-yAKU
Xanax,"Gucci Gang
(feat. Justo & Tadoe) (prod. The Brain)",First snippet surfaced May 2014. Song released with music video June 26th.,3:16,5-31-14,6-26-14,Released,Full Video,https://youtu.be/bU6LIljeeME
Xanax,"Tec
(feat. Tadoe) (prod. DP Beats)",Recorded 2014. Directed by Northstar. Twitter. BTS,3:22,6-4-14,7-30-14,Released,Full Video,https://youtu.be/abBMnQP8c7c
Xanax,"Rounds
(prod. DP Beats)",Recorded 2014. Shot By @HagoPeliculas. BTS,2:37,6-5-14,10-9-18,Released,Full Video,https://youtu.be/SB_sZEPEKBI
Rehab,"Superheroes
(feat. A$AP Rocky) (prod. Slam)",Recorded 2014. Twitter,4:01,8-5-14,2-29-16,Released,Full Video,https://youtu.be/TDzwRIw-ihc
Xanax,"My Set
(by Major Effect Da Click) (prod. Kydd Nap)",Recorded 2014. Twitter,4:44,8-9-14,10-2-14,Feature,Full Video,https://youtu.be/96fB7aISlWY
Xanax,"Fool Ya
(prod. DP Beats)",Recorded 2014. shoot date. Alt cut,3:35,8-10-14,8-15-14,Released,Full Video,https://youtu.be/hrhjhsGqvwk
Xanax,"Shawdy
(by 100 Grandz) (prod. DP Beats)",Recorded 2014.,3:32,8-30-14,8-30-14,Feature,Full Video,https://youtu.be/nINp10Mfe5c
Xanax,"Earned It
(prod. Young Chop, CBMIX & Johnny Maycash)",Recorded 2014,5:25,10-4-14,3-2-15,Released,Full Video,https://youtu.be/wLpCkuftmJM
Xanax,"Wayne
(prod. Chief Keef)",Recorded 2014,3:49,10-8-14,10-8-14,Released,Full Video,https://youtu.be/CRnMMrJex9w
Xanax,"Blurry
(feat. Tadoe) (prod. Chief Keef)",Recorded 2014. Twitter,3:53,12-12-14,12-12-14,Throwaway,BTS Recording,https://archive.org/details/blurry-music-video
Xanax,"We Don't Fuck With You
(by J'lynn) (prod. Dashius Clay)",Recorded 2014,3:19,12-14-14,12-14-14,Feature,Full Video,https://youtu.be/kmNcKkW9bB4
Cappin,"Get Money
(prod. Chopsquad DJ)","Recorded 2014 for Sorry 4 the Weight. Music video was shot during the same shoot for ""Earned It"".",0:53,12-21-14,6-22-21,Throwaway,Video Snippet,https://youtu.be/hFrvvYxNdgI
Cappin,"G L O G A N G
(feat. Andy Milonakis) (prod. DP Beats)",Recorded 2015. BTS,3:27,2-15-15,2-15-15,Released,Full Video,https://youtu.be/R5LM5I98lZg
Cappin,"Sosa Chamberlain
(prod. DP Beats)",Recorded 2015. Directed by Northstar. BTS. alt cut,3:20,2-19-15,4-27-15,Released,Full Video,https://youtu.be/0gGmY2fVwf4
Cappin,"Vet Lungs
(prod. DP Beats & Chief Keef)",BTS. 30 seconds snippeted on 3/1/15. Full video dropped on 2/13/19.,3:51,2-28-15,2-13-19,Released,Full Video,https://www.youtube.com/watch?v=V91lm0Mt6R4
Cappin,"My House
(feat. Andy Milonakis) (prod. DP Beats)",Recorded 2015. Longer version with a second sosa verse seems to have leaked a few months after it dropped,4:27,3-23-15,3-23-15,Released,Full Video,https://youtu.be/-eh7gi6tnVA
Cappin,"Ain't Missing You
(feat. Jenn Em) (prod. Brandon Howard & Alki David)",Recorded 2015,3:17,7-3-15,7-3-15,Released,Full Video,https://youtu.be/ckONNN_RO6U
Cappin,"Where Ya At Freestyle
(prod. Metro Boomin)",Recorded 2015. Directed by Northstar. BTS,2:37,12-14-15,1-2-16,Released,Full Video,https://youtu.be/c8nVAO-ZdJo
Xanax,"Faneto
(prod. Chief Keef)",Recorded 2014. BTS,3:26,12-23-15,3-25-16,Released,Full Video,https://youtu.be/XuEx6lNHZjM
Cappin,"Thiyow
(by Suav Corleone) (prod. Antt Beatz)",Recorded 2016. Preview,3:36,5-14-16,5-29-16,Feature,Full Video,https://youtu.be/fzRrdb-twsE
Turbo,"Young Man
(by Machine Gun Kelly) (prod. SlimXX)",Recorded 2016,3:39,7-22-16,7-22-16,Feature,Full Video,https://youtu.be/owrsf_1JgmE
Turbo,"Made It Out
(prod. Chief Keef)",Recorded 2016. BTS pic,0:35,8-1-16,8-1-16,Throwaway,BTS Recording,https://www.youtube.com/watch?v=igBZIZ0BfbY
Xanax,"Out Da Hood
(by Marty Mard) (prod. Chief Keef)",Shot 2016 for a 2014 song. Twitter,5:06,8-2-16,2-9-17,Feature,Full Video,https://youtu.be/PnSDaFOWdqw
Turbo,"No Sleep
(by Earz) (prod. J-Bo & Mike WiLL Made-It)",Recorded 2016,5:06,9-16-16,9-16-16,Feature,Full Video,https://youtu.be/I-0vyPHoOdA
Turbo,"Get Sleep
(prod. D. Rich)",Recorded 2017,2:55,1-24-17,12-6-17,Released,Full Video,https://youtu.be/6PqGWGNJ6SI
Turbo,"Reload
(feat. Tadoe & Ballout) (prod. Chief Keef)",Recorded 2017. BTS,3:20,2-4-17,2-9-17,Released,Full Video,https://youtu.be/IbOeQjPcAb8
Turbo,"Champagne
(by NERVO) (prod. NERVO)",Recorded 2017. Previewed in March 2017.,3:04,3-25-17,9-12-17,Feature,Full Video,https://youtu.be/kHQNEfegi24
Turbo,"Text
(feat. C. Mula) (prod. Stuntman Beatz)",Recorded 2017. Snippet. phone snippet,3:48,4-1-17,12-2-17,Released,Full Video,https://youtu.be/qc59nYZDbXs
Turbo,"Kills
(prod. D. Rich)",Recorded 2017,2:49,4-8-17,4-8-17,Released,Full Video,https://youtu.be/1rr0TtBVPGA
Turbo,"Minute
(prod. K.E. On The Track)",Recorded 2017. Snippet,3:16,4-9-17,4-15-17,Released,Full Video,https://youtu.be/B7efqxKSeO0
Turbo,"Mailbox
(prod. D. Rich)",Recorded 2017. Directed by J R Saint. BTS,3:15,8-26-17,9-19-17,Released,Full Video,https://youtu.be/pxrdHZ2PZWA
Turbo,"Part Ways
(prod. CBMIX)",Recorded 2017,3:13,9-23-17,6-21-18,Released,Full Video,https://youtu.be/fjbHmnu7BnM
Turbo,"Whitney
(by Lil Pump) (prod. Bighead & captaincrunch)",Recorded 2017 for Lil Pump. Shot by @NICKYFILMS. Phone snippet,0:59,9-28-17,10-6-17,Throwaway,Video Snippet,https://youtu.be/Ec9JCGOdwzA
Turbo,"Bust
(feat. Paul Wall & C. Stone) (prod. RamyOnTheBeat & June The Genius)",Recorded 2017,4:46,12-24-17,12-24-17,Released,Full Video,https://youtu.be/WZEFya56qPw
Xanax,"Rawlings
(prod. DP Beats)","Song recorded 2014, video shot 2018. Directed by J.R. Saint Films",3:10,7-13-18,8-28-18,Released,Full Video,https://youtu.be/XdsyJaxszwg
Glory University,"TV On (Big Boss)
(prod. CBMIX & Chase Davis)",Recorded 2018. Directed by J.R. Saint Films,2:57,7-13-18,8-28-18,Released,Full Video,https://youtu.be/XdsyJaxszwg?t=160
Glory University,"Roxanne
(by CMDWN feat. Ca$tro Guapo) (prod. 1K & Dnny Phntm)",Recorded 2018,2:40,8-11-18,8-11-18,Feature,Full Video,https://youtu.be/G64dVaBqYuE
Glory University,"Chiraq
(feat Jenn Em) (prod. Alki David)","Recorded 2018, references hologram concert lol",4:10,9-10-18,9-10-18,Released,Full Video,https://youtu.be/L_Xrce7yR8g
Glory University,"Pitbulls
(by 410 feat. AM & Skengdo) (prod. Pnoonz & JB Made It)",Recorded 2018. BTS,3:47,9-15-18,9-28-18,Feature,Full Video,https://youtu.be/GsXJ1td4lOE
Glory University,"Jetlag
(by Matt Ox) (prod. Oogie Mane & Brandon Finessin)",Recorded 2018,3:00,10-26-18,10-26-18,Feature,Full Video,https://youtu.be/lMQK7uSMhhI
Underwater,"Sadity
(by Cdot Honcho) (prod. DP Beats)",Recorded 2018. snippet from september,3:37,9-12-18,1-9-19,Feature,Full Video,https://youtu.be/1gX3ACpsMNw
Underwater,"Awesome
(prod. Chief Keef)",Recorded 2018. Shot by @Bennyflashh. Snippet,2:48,11-14-18,12-5-18,Released,Full Video,https://youtu.be/7w6X_B9nVPg
Underwater,"Spy Kid
(prod. Zaytoven)",BTS.,3:02,3-26-19,4-6-19,Released,Full Video,https://youtu.be/hvMA-kXj8o8
Almighty So 2,"Tampa Bay Bustdown
(by Yung Gravy) (prod. Y2K)",Recorded 2019. BTS. Reddit,2:00,9-12-19,4-23-20,Released,Full Video,https://youtu.be/4cr1jErfu8Y
Almighty So 2,"Hot Ham
(by K$upreme feat. Lil Yachty) (prod. CHASETHEMONEY)",Recorded 2019. 320kbps from soulseek.,2:47,9-13-19,9-13-19,Feature,Full Video,https://youtu.be/KZruZ1aH3YQ
Almighty So 2,"Juug
(by Jeremih) (prod. Ayo & Keyz & Hitmaka)",Recorded 2019. BTS,2:57,9-27-19,10-17-19,Feature,Full Video,https://youtu.be/kjPpe8ZsXIg
Almighty So 2,"Harley Quinn
(prod. Mike WiLL Made-It & Rari)",Recorded 2019. V1 edit posted to Sosa's instagram,2:52,10-15-19,8-24-21,Released,Full Video,https://youtu.be/0wXwDa0ytvw
Almighty So 2,"Greenroom
(by Nimic Revenue) (prod. Frankie Bash)",Recorded 2019. BTS,3:25,11-22-19,11-22-19,Feature,Full Video,https://youtu.be/vtIeIngqR00
Almighty So 2,"Putting In Work
(by Nigerian Coke) (prod. ??)",Recorded 2019. Listen at your own risk,3:17,1-7-20,1-7-20,Feature,Full Video,https://youtu.be/2p41Ttmac0g
Almighty So 2,"Shawty Say She Love Me
(prod. Zaytoven)",Recorded 2020. Remix of Gucci Mane - Luv Me,3:19,2-14-20,2-14-20,Released,Full Video,https://youtu.be/M_L_0Esl8oA
Almighty So 2,"Colors
(prod. Zaytoven)",Recorded 2020. Remix of Gucci Mane - Colors,1:53,2-14-20,2-14-20,Released,Full Video,https://youtu.be/M_L_0Esl8oA?t=201
Almighty So 2,"Woosah
(prod. Zaytoven)",Recorded 2020,3:03,2-18-20,5-1-20,Released,Full Video,https://youtu.be/eYI7D7JOX-c?t=6
Almighty So 2,"Street Cat
(prod. Zaytoven)",Recorded 2020,2:28,2-18-20,5-1-20,Released,Full Video,https://youtu.be/eYI7D7JOX-c?t=190
Almighty So 2,"Love Don't Live Here
(prod. Mike WiLL Made-It & SkitzoDidIt)","Recorded 2021. first previewed 2/18/20 on Chief Keef’s Instagram page, sharing a one-minute snippet of the music video, filmed inside the FUCKTHEPOPULATION warehouse. Shot by @colourfulmula. Snippet",4:53,2-18-20,6-2-21,Released,Full Video,https://youtu.be/UnHSSysXDD0
Almighty So 2,"Hood
(prod. Chief Keef)",Recorded 2020. 320kbps from soulseek. snippets 2,4:02,2-27-20,3-12-20,Released,Full Video,https://youtu.be/bHUVASDB3eA
4EB,"New Bugatti
(by Lil Gnar feat. Ski Mask The Slump God) (prod. Nurі & DJ Scheme)",Recorded 2020. snippet from june,3:44,6-25-20,5-14-21,Feature,Full Video,https://youtu.be/_IJIvVGLois
4EB,"Local Scammer Remix
(by G4 Boyz feat. G4 Choppa) (prod. FNR Beats)",Recorded 2020,3:37,6-26-20,6-26-20,Feature,Full Video,https://youtu.be/Oy75fgU5jgE
4EB,"I Thought I Had One
(prod. SahBeats)",Recorded 2020. Snippet.,2:37,7-7-20,7-20-20,Feature,Full Video,https://youtu.be/lcMMfFX0TS8
4EB,"Bands In Da Basement
(by 03 Greedo) (prod. RONRONTHEPRODUCER)",Recorded 2020,3:17,7-16-20,9-29-20,Feature,Full Video,https://youtu.be/y0cLzfv95oo
4EB,"The Talk
(prod. Akachi)",Recorded 2021 . Dropped as a single before being included on 4NEM. Snippet Snippet,4:40,7-21-20,7-13-21,Released,Full Video,https://youtu.be/aUl99v4I_60
4EB,"Overhead
(prod. Kid Wond3r)
(Bankroll)",Recorded 2020. First previewed over a stream. Shot by Benny flash,6:28,7-26-20,4-2-22,Released,Full Video,https://youtu.be/ZeQqtc0YmwM
4EB,"Lola Bunny
(prod. Akachi & Rari)",Recorded 2020,3:17,8-24-20,9-29-20,Released,Full Video,https://youtu.be/xk7W4QFNvTs
4EB,"CPR
(by Tadoe) (prod. J Money World, DY Krazy & Southside)",Recorded 2020,1:38,8-24-20,8-24-20,Throwaway,Full Video,https://www.youtube.com/watch?v=or-XRG52fe0&pp=ygUOY2hpZWYga2VlZiBjcHI%3D
Cappin,"Bang Bang
(prod. Mike WiLL Made-It)",Song recorded 2016. BTS,4:53,8-26-20,8-26-20,Released,Full Video,https://youtu.be/W9h8PGuFWtE
4EB,"Status
(prod. Mike WiLL Made-It)",Recorded 2020,4:42,11-20-20,11-20-20,Released,Full Video,https://youtu.be/dF-ew73XXWQ
4EB,"All 10
(by Kuttem Reese) (prod. Mae Beats)",Recorded 2021. Snippet,2:52,4-14-21,5-7-21,Feature,Full Video,https://youtu.be/cEQDqY0wEEQ
4EB,"What It Look Like
(prod. Chief Keef)","Song recorded 2020, video shot 2021.",0:22,5-2-21,5-2-21,Throwaway,BTS Recording,https://www.reddit.com/r/ChiefKeef/comments/n3myby/sosa_shooting_a_vid_to_what_it_look_like/?utm_source=share&utm_medium=web2x&context=3
4EB,"Hadouken
(prod. Juicy J & DJ Paul)",Dropped as a single on youtube before being released on 4NEM. Remix of Young Buck - Stomp,0:23,6-17-21,6-17-21,Throwaway,BTS Recording,https://www.reddit.com/r/ChiefKeef/comments/o2d7f1/keef_shooting_a_video_to_hadouken/?utm_source=share&utm_medium=web2x&context=3
4EB,"Gengar
(by Sad Frosty) (prod. Astroboy)","Recorded 2021. Snippet from july 2021. dropped a year later, RIP Frosty",3:24,7-2-21,6-30-22,Feature,Full Video,https://youtu.be/FBMN3FmiluQ
4EB,"Luigi
(by 2KBABY) (prod. Fallwood & Foster)",Recorded 2021. Snippet,3:36,10-1-21,10-22-21,Feature,Full Video,https://youtu.be/8MjMWbjSdSg
4EB,"Almighty Gnar
(by Lil Gnar) (prod. Akachi & Rari)",Recorded 2022. Original snippet from 2019 but was tossed for this trash,3:18,8-1-22,8-26-22,Feature,Full Video,https://youtu.be/UYSTAuVePqg
4EB,"Atlantis
(by Trippie Redd) (prod. SJR Beats & 1p$ilocybin)",Recorded 2023. Snippet,4:27,1-10-23,1-20-23,Feature,Full Video,https://youtu.be/D6uhDK_u-2s
4EB,"FTP Records
(prod. Castillo)",BTS teased on 9/11/23. Dropped on 10/7/23.,2:36,9-11-23,10-7-23,Feature,Full Video,https://www.youtube.com/watch?v=zlDCwM5C4lM
Almighty So 2,"Say Ya Grace [V2]
(feat. Lil Yachty) (prod. Chief Keef)",Dropped on 1/26/24.,2:43,1-26-24,1-26-24,Feature,Full Video,https://www.youtube.com/watch?v=Sh0bCn9Iaik
Almighty So 2,"2 Times
(prod. Mike WiLL Made-It)",Previewed to Caperboy's Instagram on 3/17/24.,1:00,3-17-24,3-17-24,Throwaway,BTS Recording,https://www.reddit.com/r/ChiefKeef/comments/1bhp3k3/2_times_video/
Almighty So 2,"Damn Shorty [V3]
(feat. Sexyy Red) (prod. Shawn Ferrari)",Previewed to Doowop's Instagram on 3/20/24.,3:12,3-20-24,4-16-24,Throwaway,Full Video,https://www.youtube.com/watch?v=dPwGJdZ2Q-o
4EB,"Runner
(prod. Chief Keef, Gene Page & Billy Page)",Dropped on 5/18/24,7:19,5-18-24,5-18-24,Throwaway,Full Video,https://www.youtube.com/watch?v=XIU6T_RwQTo
4EB,"Bow Bow Bow [V1]
(by Sexyy Red) (prod. Tay Keith & DJ Meech)
(Booty Meat, Fuck My Baby Mama. F My Baby Daddy Remix)",Previewed to Tadoe's Instagram on 6/7/24.,7:19,6-7-24,6-28-24,Throwaway,Full Video,https://www.youtube.com/watch?v=KsblGR2_fhI
4EB,"Sh*t Sad
(by Ian) (prod. sxprano)",Dropped on 10/18/24.,3:29,10-18-24,10-18-24,Throwaway,Full Video,https://www.youtube.com/watch?v=OFX2QsDUTpA
,Video Appearances,,,- Music videos by other artists that show Chief Keef present at any point or throughout the whole video.,,,,
Drill,"Wattup
(by Edai) (prod. ??)","Sosa is present throughout the video, notably at 2:18",3:18,4-13-11,4-13-11,Appearance,Full Video,https://youtu.be/GDyXMT43_uY
Drill,"Fuck With Me
(by Alley Boy) (prod. ??)",Sosa appears at 2:35 and 2:45.,3:29,10-21-11,1-10-12,Appearance,Full Video,https://www.youtube.com/watch?v=fYNaX4xRuvc
Drill,"Fuck With Me [Alt]
(by Alley Boy) (prod. ??)",Sosa appears at 1:35 and ,3:29,10-21-11,12-26-11,Appearance,Full Video,https://www.youtube.com/watch?v=n5_cpOB1shk
Drill,"Choppa Down
(by S.dot) (prod. ??)",Sosa is present throughout the video,2:37,1-5-12,1-5-12,Appearance,Full Video,https://youtu.be/OsZZ2-_-MDM
Finally Rich,"JackBoy
(by Lil Durk) (prod. ??)",Sosa appears at 1:23 and 1:49,2:55,3-4-12,3-4-12,Appearance,Full Video,https://www.youtube.com/watch?v=56ow_ZJtLLI
Finally Rich,"I Don't Like [REMIX]
(feat. Shawnna & LStreetz) (prod. Young Chop)",Sosa is present throughout the video,5:14,5-10-12,5-10-12,Appearance,Full Video,https://www.youtube.com/watch?v=6XWWU_F0Uuc
Finally Rich,"Savage
(by Lil Reese) (prod. Young Chop)",Sosa is present throughout the video,3:15,7-6-12,7-6-12,Appearance,Full Video,https://www.youtube.com/watch?v=Yg-N8HWjIng
Finally Rich,"Because Of Me
(by Bezzle Boyz) (prod. SmylezLeagueBoi)",Sosa first appears at 0:48,5:03,7-16-12,7-16-12,Appearance,Full Video,"https://youtu.be/OhlC6YiPJSI
https://web.archive.org/web/20120716233656/https://www.youtube.com/watch?v=Wg9wwwVGkn8"
Finally Rich,"Hoodrich Anthem
(by DJ Scream feat. 2 Chainz, Future, Waka Flocka, Yo Gotti & Gucci Mane) (prod. DJ Spinz)", BTS. Sosa appears at 2:41,3:16,9-10-12,10-8-12,Appearance,Full Video,https://youtu.be/OH5a3CI1zaA
Finally Rich,"Smokin Dope
(by Fredo Santana) (prod. Dj Kenn)",,2:41,10-7-12,10-7-12,Appearance,Full Video,https://www.youtube.com/watch?v=p2uXkrUwp5g&t=1s
Finally Rich,"Come Up
(by LeekeLeek) (prod. Murda Beatz)",Sosa first appears at 1:39,3:38,12-11-12,12-11-12,Appearance,Full Video,https://youtu.be/e5KdrVK5WeM
Finally Rich,"Glory Boyz
(by Capo) (prod. LeekeLeek)",Sosa is present throughout the video,2:35,12-30-12,12-30-12,Appearance,Full Video,https://www.youtube.com/watch?v=g0_oAkaeLow
Lean,"Lean
(by Ballout) (prod. Kwony Cash)",Sosa is present throughout the video. BTS,2:42,4-7-13,4-15-13,Appearance,Full Video,https://youtu.be/PAOA3fFs5kM
Lean,"Bandz
(by SD feat. Ballout) (prod. YGOnDaBeat)",Sosa first appears at 1:08,3:57,5-6-13,5-6-13,Appearance,Full Video,https://youtu.be/ZOcNSVxucm4
Lean,"Numbers On The Boards
(by Pusha T) (prod. Kanye West & Don Cannon)",Sosa appears at 2:36,2:42,5-9-13,5-9-13,Appearance,Full Video,https://youtu.be/DawrlSwHUiM
Lean,"30 Choppaz
(by Bosstop feat. Lil Durk) (prod. 808 Mafia)",Sosa is present throughout the video,3:31,6-10-13,6-10-13,Appearance,Full Video,https://www.youtube.com/watch?v=q81LJoi1ss4
Lean,"What I Do
(by Blood Money) (prod. Federal Beatz)",Sosa appears at 1:36,3:35,7-1-13,7-1-13,Appearance,Full Video,https://www.youtube.com/watch?v=v2Q0cDLyQW8
Lean,"Got Them Works
(by Ballout) (prod. DJ Mack)",Sosa is present throughout the video. date,3:29,7-4-13,7-6-13,Appearance,Full Video,https://youtu.be/vXNN8Gmqxdk
Lean,"Glo Gang
(by Capo feat. Ballout) (prod. DJ Kenn)",Sosa is present throughout the video,3:37,7-20-13,7-23-13,Appearance,Full Video,https://youtu.be/JdmJzf9j5WY
Lean,"Tadoe Tuesday
(by Tadoe) (prod. Pressure)",Sosa is present throughout the video,3:00,9-23-13,10-8-13,Appearance,Full Video,https://youtu.be/GQ371cwRk98
Lean,"Bally
(by Ballout) (prod. ??)",Sosa is present in the tour bus shots.,3:06,10-1-13,10-1-13,Appearance,Full Video,https://www.youtube.com/watch?v=4aGF6NsQPI8
Lean,"Been Around
(by Fredo Santana feat. Gino Marley) (prod. BLVKKROSEMUSIC)",Sosa is present throughout the video,3:51,10-8-13,10-8-13,Appearance,Full Video,https://www.youtube.com/watch?v=tMxmaKuUGLc
Lean,"My Set
(by Ballout feat. Tray Savage) (prod. Dree The Drummer)",Sosa appears at 2:53,3:35,10-14-13,10-14-13,Appearance,Full Video,https://youtu.be/7zdtJ92lzgs?si=PbyJuas7zKO3Rg_9
Cappin,"Believe In Da Glo
(by Blood Money) (prod. ??)","Video was a tribute for the late Blood Money featuring Chief Keef, Capo, Tadoe, Ballout, Fredo Santana, Terintino, Uncle Ro, GBE Antonio, and DP Beats",3:49,6-4-15,6-4-15,Appearance,Full Video,https://www.youtube.com/watch?v=19NJPAja4a4
Cappin,"Child Pack
(by Tadoe feat. Ballout) (prod. Salva)",Sosa is present throughout the video,3:29,7-7-15,7-7-15,Appearance,Full Video,https://www.youtube.com/watch?v=Iue_LlSPMLg
Cappin,"Colossal
(by Future) (prod. Kanye West & Don Cannon)",Sosa appears at 2:52,3:16,11-12-15,11-12-15,Appearance,Full Video,https://youtu.be/sunoA3R1YF8
Cappin,"Rubberbands (Chicken Chicken)
(by Rocaine) (prod. Stuntman Beatz)",Sosa is present throughout the video. BTS,1:37,1-3-16,1-3-16,Appearance,Full Video,https://www.youtube.com/watch?v=x0YDTMrCW3Q
Cappin,"Grim Reaper
(by Terintino) (prod. Chief Keef & DP Beats)",Sosa is present throughout the video.,3:24,3-12-16,3-12-16,Appearance,Full Video,https://youtu.be/zr5qm1PiRy8?si=eZq854H_NYCr8OdV
Turbo,"Affordable
(by Ballout) (prod. DY Krazy)",Sosa is present throughout the video,1:59,1-18-17,1-18-17,Appearance,Full Video,https://youtu.be/KzzgfkWa5B4
Turbo,"DIE YOUNG 
(by CHXPO & Ballout) (prod. ?)",,3:12,7-12-17,7-12-17,Appearance,Full Video,https://www.youtube.com/watch?v=HnG1iTddJPE
4EB,"She Make It Clap
(by Soulja Boy) (prod. Fantom)",Sosa appears at 1:00,2:03,4-30-21,4-30-21,Appearance,Full Video,https://youtu.be/rd1pD72m-2U
4EB,"Gallery Debt
(by Babyface Ray feat. Veeze) (prod. ??)",,2:17,5-14-21,5-14-21,Appearance,Full Video,https://www.youtube.com/watch?v=ly24A19ylpY
4EB,"Trackhawk
(by Soulja Boy feat. Tadoe) (prod. ??)",Sosa is present throughout the video,2:45,7-18-22,7-18-22,Appearance,Full Video,https://www.youtube.com/watch?v=uDyGrRD_ZvQ
4EB,"Connect 4
(by Ballout) (prod. ??)",Sosa is present throughout the video,2:30,1-24-25,1-24-25,Appearance,Full Video,https://www.youtube.com/watch?v=yJQ3WtpPjsg
4EB,"White Tee
(by Lil Flash) (prod. ??)",Sosa is present throughout the video,2:49,5-24-25,5-24-25,Appearance,Full Video,https://www.youtube.com/watch?v=68G2ytQ0NKE
Back To Top?                                                                        ,,,,,,,,
