Era,Name,Notes,Designer,Date,Image,Art Type,Use,Link(s)
,A$AP,,,,,,,
A$AP,"Been Around The World [V1]
(prod. Sunny J Beats)","OG Filename: rockyasap1.jpg
Black and white photo of A$AP Rocky taken by Mikey B Lyke used in the OnSmash.com article by LEGEND about Rocky's then newly released song ""Been Around The World"". The photo comes from a early May 2010 photoshoot, with this same photo being uploaded to Mikey B Lyke's now deleted Tumblr page on May 6th, 2010. Another photo from this photoshoot was used on multiple videos uploaded to A$AP Yams' HarlemzMostHated YouTube channel from May to October 2010.",Mikey B Lyke ,"May 10, 2010",,Other,Used,https://ibb.co/N2fkD07d
,"HarlemzMostHated
(with A$AP Yams)",,,,,,,
Harlemz MostHated,"HarlemzMostHated [YouTube Thumbnails]
(Uptown, Bittersweet Symphony Part 2, Been Around The World (Slow Lane Remix)","Another photo black and white photo of A$AP Rocky taken by Mikey B Lyke in a ~May 2010 photoshoot that was used in multiple thumbnails by A$AP Yams for his HarlemzMostHated YouTube channel where he uploaded some 'unreleased' songs by Rocky as a way to get recognition throughout May to October 2010. This photo was used in the uploads for ""Uptown"" on May 2010, ""Been Around The World (Slow Lane Remix)"" on October 20th, 2010 and ""Bittersweet Symphony"" on October 23rd, 2010. It is possible other songs were uploaded to the channel with this photo but it has been wiped from YouTube and the Wayback Machine.",Mikey B Lyke ,May-October 2010,,Other,Used,https://ibb.co/3mSFDMND
,"Purple Swagg
(Purple Swag)",,,,,,,
Purple Swagg,"Houston Old Head [V1]
(prod. DJ Burn One)","Cover art attached to the file for the original version of ""Houston Old Head"" uploaded to A$AP Yams' then famous and now deleted Tumblr page 'realniggatumblr' on November 1st, 2010. The cover features rather poor graphic design with an otherwise unseen 'A$AP ROCKY' logo with the title in 3D text. The background of the cover is a reference to lean as it shows jolly ranchers and cough syrup, which matches the purple vibe of the art.",N/A,"Nov 1, 2010",,Front Cover,Used,https://ibb.co/mVjbPGdS
Purple Swagg,"Been Around The World [V2/Tumblr Release]
(prod. Sunny J Beats)","Cover attached to the file of the reupload/rerelease of the song ""Been Around The World"" that was uploaded to A$AP Yams' then famous and now deleted Tumblr page 'realniggatumblr' on December 8th, 2010. The cover shows a low-quality still from the ""Nuthin' But A ""G"" Thang' music video by Dr. Dre of a man revealing a woman's nude breasts with the text ""ASAP ROCKY"" and ""BEEN AROUND THE WORLD"".",N/A,"Dec 8, 2010",,Front Cover,Used,
,"Me, Myself & A$AP
(Me, Myself And ASAP)",,,,,,,
"Me, Myself & A$AP","Purple Swag [V1/YouTube Thumbnail]
(prod. A$AP Ty Beats)","Selfie taken by A$AP Rocky in what seems to be the backseat of a vehicle that was used as the YouTube thumbnail for the original release of the song ""Purple Swag"" on A$AP Yams' 'HarlemzMostHated' channel on April 14th, 2011.",A$AP Rocky,"Apr 14, 2011",,Other,Used,https://ibb.co/1ftDTmRM
"Me, Myself & A$AP",Deep Purple,"Cover for the unofficial compilation ""Deep Purple"" before Rocky blew up. Because of this Rocky promoted the compilation and even had it as his FaceBook profile picture in 2011, giving it some form of legitimacy.",PureBakingSoda,"Apr 22, 2011",,Front Cover,Unused,
,Mouth Fulla Gold,,,,,,,
Mouth Fulla Gold,Mouth Fulla Gold,"Cover art for the unreleased mixtape ""Mouth Fulla Gold"" that appears on all of the files metadata on the mixtape. The cover features a photo of Rocky with a filter that makes the picture have a slight gold tint. ",N/A,"May 16, 2011",,Front Cover,Unused,https://ibb.co/ctHWG7C
Mouth Fulla Gold,Mouth Fulla Gold [Original Photo],,N/A,May 2011,,Original Photo,,
Mouth Fulla Gold,"A$AP Ferg - Meagan Good
(feat. A$AP Rocky) (prod. Perry Eats)","Single art for the song ""Meagan Good"" was shown by A$AP Ferg on his Tumblr page two days after the song released on June 6th, 2011.",N/A,"Jun 6, 2011",,Front Cover,Used,https://64.media.tumblr.com/tumblr_lmdu47Aizt1qbwinqo1_500.jpg
Mouth Fulla Gold,Mouth Fulla Gold,,N/A,"Jun 17, 2011",,Front Cover,Unused,
Mouth Fulla Gold,Wassup,Cover art used for the original upload of Wassup on Clams Casino's Soundcloud account which would later be deleted. This exact image was also posted onto Rocky's official Facebook on July 7th 2011.,A$AP Rocky,"Jun 28, 2011",,Front Cover,Used,
,"LIVE.LOVE.A$AP
(LiveLoveA$AP, Live. Love. A$AP)",,,,,,,
LIVE.LOVE.A$AP,"Peso
(feat. Kevin Andreas) (prod. A$AP Ty Beats)","The single art for the song ""Peso"" which was released on July 21st, 2011 using an image taken during Brock Fetch's 2011 photoshoots with the A$AP Mob. This cover is very similar to the back cover to ""LIVE.LOVE.A$AP"", but this version of the photo edits out the people surrounding Rocky and the couch he is sitting on, along with the flag being a different color purple.",,"Jul 21, 2011",,Front Cover,Used,https://ibb.co/cyb7H3R
LIVE.LOVE.A$AP,"Smoke DZA - 4 Loko
(feat. A$AP Rocky) (prod. 183rd)","Single art for the song ""4 Loko"" by Smoke DZA featuring Rocky which was released on August 18th, 2011. The cover features a distorted picture of the two artists together with a purple tint on the whole picture.",,"Aug 18, 2011",,Front Cover,Used,https://ibb.co/gzf27bH
LIVE.LOVE.A$AP,"Main Attrakionz - U.G.K.
(feat. A$AP Rocky) (prod. CashFlow)","One of the cover arts for the Main Attrakionz & A$AP Rocky collaboration titled ""U/G.K."". The cover is just simply text that says ""Ballers Eve"" which is where the track was posted.",,"Aug 25, 2011",,Front Cover,Used,https://i1.sndcdn.com/artworks-000010801204-rzl6tw-t3000x3000.jpg
LIVE.LOVE.A$AP,"Main Attrakionz - U.G.K. [Alternate Cover 1]
(feat. A$AP Rocky) (prod. CashFlow)","One of the cover arts for the Main Attrakionz & A$AP Rocky collaboration titled ""U/G.K."". The cover is just simply text that says ""Ballers Eve"" which is where the track was posted but has different aspect ratio compared to the other cover.",,"Aug 25, 2011",,Front Cover,Alternate,https://ibb.co/7YZGQW9
LIVE.LOVE.A$AP,"Main Attrakionz - U.G.K. [Alternate Cover 2]
(feat. A$AP Rocky) (prod. CashFlow)","One of the cover arts for the Main Attrakionz & A$AP Rocky collaboration titled ""U/G.K."". The cover is just simply text that says ""Ballers Eve"" which is where the track was posted but has different aspect ratio compared to the other cover.",,"Aug 25, 2011",,Front Cover,Alternate,https://ibb.co/kQbxYF4
LIVE.LOVE.A$AP,"Purple Swag Bootleg
(with Jim-E Stack) (prod. A$AP Ty Beats & Jim-E Stack)","Official cover art used for the ""Purple Swag"" bootleg remix created by A$AP Rocky and producer Jim-E Stack.",,"Sep 17, 2011",,Front Cover,Used,https://64.media.tumblr.com/tumblr_lrooarNiAg1qmgop5o1_cover.jpg
LIVE.LOVE.A$AP,"Seth Narley - Grippin' Woodgrain
(feat. A$AP Rocky) (prod. Epik)","The single art for the song ""Grippin' Grainwood"" by Seth Narley featuring Rocky which was released on October 26th, 2011. The cover features a low quality image of a car with text that has a wood texture. The songs title is listed as ""Grippin' Grainwood"" on the official release, but the cover has the name of ""Gripping Grainwood"".",,"Oct 26, 2011",,Front Cover,Used,https://ibb.co/L82L8Qs
LIVE.LOVE.A$AP,"Seth Narley - Grippin' Woodgrain [Alternative Cover 2]
(feat. A$AP Rocky) (prod. Epik)",Second alternative cover art used for the SoundCloud upload of Grippin' Woodgrain featuring Rocky. Is simply just an image of Seth Narley which is very 2011 esque.,Seth Narley,"Jan 23, 2013",,Front Cover,Alternate,https://i1.sndcdn.com/artworks-000039601549-e0tatr-t500x500.jpg
LIVE.LOVE.A$AP,LIVE.LOVE.A$AP,"The original cover for A$AP Rocky's 2011 mixtape ""LIVE.LOVE.A$AP"" that was released on October 31st, 2011. The cover is not a perfect square but features a photo taken by Brock Fetch during him and the A$AP Mob's 2011 photoshoots and is a nod to Outkast's 2000 album ""Stanktonia"" which Rocky revealed in 2012 that it is one of his favorite albums. This cover would later be referenced in his first studio album ""LONG.LIVE.A$AP"" with an American flag being wrapped around Rocky and was also referenced in the cover of his second studio album ""AT.LONG.LAST.A$AP"" with a small American flag.",,"Oct 31, 2011",,Front Cover,Used,https://ibb.co/Cn93v79
LIVE.LOVE.A$AP,LIVE.LOVE.A$AP [Alternative Cover],Alternative cover art for LIVE.LOVE.A$AP posted by Kelvin Krash on his website when the mixtape re-release came out. Features another photo taken by Brock Fetch during him and the A$AP Mob's 2011 photoshoots.,,"Oct 31, 2011",,Front Cover,Alternate,https://freight.cargo.site/w/750/h/750/i/Y1506465611091409820156860157406/Live.Love.Asap.jpeg
LIVE.LOVE.A$AP,LIVE.LOVE.A$AP [Back Cover],"The back cover for Rocky's mixtape ""LIVE.LOVE.A$AP"" that was released on October 31st, 2011. The cover shares similarities to the ""Peso"" single art, except in that cover there is no one surrounding Rocky and the couch and the flag is a different color of purple. Notably the song ""Acid Drip"" is alternatively titled ""Acid Drips"" in the tracklist surrounding the photo for unknown reasons along with the song ""Houston Old Head"" not having it's producer next to it as all of the other songs in the photo do.",,"Oct 31, 2011",,Back Cover,Used,https://ibb.co/d52Bry0
LIVE.LOVE.A$AP,"Purple Swag
(prod. A$AP Ty Beats)","Single art for the song ""Purple Swag"" that was eventually released on December 5th, 2011 although the song was originally released on April 14th, 2011. The cover features a photo taken by Brock Fetch from his 2011 photoshoots with the A$AP Mob with the smoke coming from Rocky's mouth being edited to the color purple.",,"Dec 5, 2011",,Front Cover,Used,https://ibb.co/FWkYf1R
,"Lord$ Never Worry
(Collaboration with A$AP Mob)
(TRILLUMINATI, LONG.LIVE.A$AP)",,,,,,,
Lord$ Never Worry,"Bath Salt
(perf. A$AP Rocky, A$AP Ant & Flatbush Zombies) (prod. A$AP P on the Boards)","The main single art for the song ""Bath Salt"" that was released on July 27th, 2012. The cover features a casket which has the featured artists' names appearing. The name YG Addie refers to A$AP Ant, Pretty Flacko refers to Rocky himself, and the Flatbush Zombies did not go under a nickname as the others did. This version of the cover has a darker shade of black in the background and has the ""assassinate snitches and police"" in the four corners blacked out but slightly still visible.",,"Jul 27, 2012",,Front Cover,Used,https://ibb.co/tpfSBJy
Lord$ Never Worry,"Bath Salt [Alternate Cover]
(perf. A$AP Rocky, A$AP Ant & Flatbush Zombies) (prod. A$AP P on the Boards)","An alternate cover for the song ""Bath Salt"" that was released on July 27th, 2012. This is a more of an original cover as the acronym for A$AP, ""assassinate snitches and police"", in the four corners are not blacked out as the main cover has. Along with this the cover is more zoomed out making the casket and song title smaller. Along with this the cover features a lighter shade of black in the background.",,"Jul 27, 2012",,Front Cover,Alternate,https://ibb.co/FhvKsrx
Lord$ Never Worry,Lord$ Never Worry [Promotional Image],"A promotional imagine for the A$AP Mob's mixtape ""Lord$ Never Worry"" that was shared on asapmob.com on August 11th, 2012. The imagine shows a black and white American flag with the the release date of the mixtape, August 28th, 2012, under the title.",,"Aug 11, 2012",,Promo,Used,https://ibb.co/wQ0Fz7n
Lord$ Never Worry,"Work
(with A$AP Ferg) (prod. Chinza//Fly)","The single art for the song ""Work"" with A$AP Ferg that was released on August 20th, 2012. This cover features a photo from a photoshoot A$AP Ferg had in 2012 at some sort of abandoned warehouse. The photo from the cover was reused in a early cover for his album ""Trap Lord"" with the picture being the background of the text with a white background.",,"Aug 20, 2012",,Front Cover,Used,https://ibb.co/bQBPjSb
Lord$ Never Worry,Lord$ Never Worry,"The main cover art for A$AP Mob's mixtape ""Lord$ Never Worry"" that was released on August 28th, 2012 which pictures the main members of the A$AP Mob at the time all pictured together. The members featured starting from the top row left to right are A$AP Yams, A$AP Rocky, A$AP Nast and A$AP Twelvyy. The last three members seen in the bottom row are A$AP Ty Beats, A$AP Ferg and A$AP Ant. The members seen all have matching jerseys on which on the back have their names or their nicknames with the numbers ""06"" referring to the year the A$AP Mob was created, in 2006.",,"Aug 28, 2012",,Front Cover,Used,https://ibb.co/jyHwV40
Lord$ Never Worry,Lord$ Never Worry [Animated Cover],"An animated version of the ""Lord$ Never Worry"" cover which was released on August 28th, 2012. The only notable difference in this animated cover is the flame animation plastered on the whole cover.",,"Aug 28, 2012",,Other,Alternate,https://ibb.co/Yb3FPNs
Lord$ Never Worry,Lord$ Never Worry [Back Cover],"A very basic back cover for the A$AP Mob's mixtape ""Lord$ Never Worry"" which was released in August 28th, 2012. The cover features the tracklist which features all of the producers of the songs. Along with this, the logo got the website livemixtapes.com can be seen as that is where the mixtape was officially released.",,"Aug 28, 2012",,Back Cover,Used,https://ibb.co/XW7SNv2
,Pre-LONG.LIVE.A$AP,,,,,,,
Pre-LONG.  LIVE.A$AP,"Smoke DZA - 4 Loko (Remix)
(feat. A$AP Rocky, A$AP Twelvyy, Killa Kyleon, Danny Brown & Freeway) (prod. 183rd)","The cover art for the remix of Smoke DZA's song ""4 Loko"" which was released on December 24th, 2011. The cover simply features photos of each of the artists. From left to right starting at the top there is Smoke DZA, Rocky, A$AP Twelvyy, Danny Brown, Killa Kyleon and then Freeway. All of the photos were edited to be black and white as well.",,"Dec 24, 2011",,Front Cover,Used,https://ibb.co/Qrc22Zc
Pre-LONG.  LIVE.A$AP,"Pretty Flacko
(prod. SpaceGhostPurrp)","The single art for the song titled ""Pretty Flacko"" which was released on January 1st, 2012. The cover very simplify takes a photo of Rocky that was originally black and white and gave it a green and purple tint. The cover also has the producer of the song at the bottom along with a square that has Rocky's name and the title of the song that covers his eyes.",,"Jan 1, 2012",,Front Cover,Used,https://ibb.co/98FwRcR
Pre-LONG.  LIVE.A$AP,"ScHoolboy Q - Hands On The Wheel
(feat. A$AP Rocky) (prod. Best Kept Secret)","Single art for ScHoolboy Q's song ""Hands On The Wheel"" which features Rocky that was released on January 14th, 2012. The cover is very simple as it features a gold colored signature of ScHoolboy Q's name. The only detail to note is the ""On The"" in the title is a different font than ""Hands"" and ""Wheel"" with this font being more of a handwritten style.",,"Jan 14, 2012",,Front Cover,Used,https://ibb.co/1swHM0C
Pre-LONG.  LIVE.A$AP,"David Banner - Yao Ming (Remix)
(feat. A$AP Rocky & Chris Brown) (prod. David Banner & Swiff D)","The single art for the remix of David Banner's song ""Yao Ming"" which was was released on February 3rd, 2012. The cover shows a depiction of the NBA player Yao Ming as that is who the song is named after. The cover has the artists names at the bottom along with the Chinese flag in the background.",,"Feb 3, 2012",,Front Cover,Used,https://ibb.co/55yMfQg
Pre-LONG.  LIVE.A$AP,"David Banner - Yao Ming (Remix)
(feat. A$AP Rocky & Chris Brown) (prod. David Banner & Swiff D)","Album art for David Banner's 2012 project Sex, Drugs & Video Games, Art is in the style of the video game Grand Theft Auto and features all of the projects features in the back.",,"Feb 3, 2012",,Front Cover,Used,https://ia800300.us.archive.org/35/items/David_Banner_-_Sex__Drugs__and_Video_Games-2012/Cover.jpg?cnt=0
Pre-LONG.  LIVE.A$AP,Live Love Purple,"Cover art for Live Love Purple which is a chopped and screwed version of the 2011 mixtape hosted by OG Ron C, DJ Candlestick, DJ Mr. Rogers & Chopstars ",,"Mar 23, 2012",,Front Cover,Used,https://livemixtapes.com/_next/image?url=https%3A%2F%2Fimages.livemixtapes.com%2Fartists%2Fogronc%2Fasap_rocky-live_love_purple%2Fcover.jpg%3F1329156945&w=750&q=100
,LONG.LIVE.A$AP,,,,,,,
LONG.LIVE.A$AP,"Swizz Beatz - Street Knock
(feat. A$AP Rocky) (prod. araabMUZIK & Swizz Beatz)","The original single art for Swizz Beatz' song ""Street Knock"" which features Rocky that was released on March 23rd, 2012. The cover shows Swizz Beatz yelling into the microphone with a Reebok hat on.",,"Mar 23, 2012",,Front Cover,Used,https://ibb.co/6brngkg
LONG.LIVE.A$AP,"Theophilus London - Big Spender
(feat. A$AP Rocky) (prod. Gordo)","Single art for Theophilus London's song ""Big Spender"" that features Rocky which was released on April 15th, 2012. This cover is animated and has a glittering effect on the diamonds.",,"Apr 15, 2012",,Front Cover,Used,https://ibb.co/c846cd9
LONG.LIVE.A$AP,"Goldie
(prod. Hit-Boy)","The main single art for the song ""Goldie"" which was released on April 16th, 2012. The cover features a lot more color than the rest of the singles from the ""LONG.LIVE.A$AP"" album. While the photo is black and white the grills Rocky was wearing have their actual gold color to it.",,"Apr 16, 2012",,Front Cover,Used,https://cdn.discordapp.com/attachments/1113173027048411166/1152680588722049054/IMG_3188.png
LONG.LIVE.A$AP,"Goldie [Alternate Cover]
(prod. Hit-Boy)","An alternate black and white single art for the song ""Goldie"" which was released on April 16th, 2012. This cover more correlates with the other single covers for ""LONG.LIVE.A$AP"", but does not completely match the style. The cover states the producer of the track, Hit-Boy.",,"Apr 16, 2012",,Front Cover,Alternate,https://cdn.discordapp.com/attachments/1113173027048411166/1152680588348768276/IMG_3187.jpg
LONG.LIVE.A$AP,"Swizz Beatz - Street Knock [Alternate Streaming Cover] 
(feat. A$AP Rocky) (prod. araabMUZIK & Swizz Beatz)","The cover art for Swizz Beatz' song ""Street Knock"" that appears on streaming services which was related on May 8th, 2012. The cover shows a mouth open wide with grills on the persons teeth with the tracks name and artists inside. The cover does not state the producer of the song as the other cover does.",,"May 8, 2012",,Front Cover,Alternate,https://ibb.co/QCs2rzM
LONG.LIVE.A$AP,"Rihanna - Cockiness (I Love It) [Remix]
(feat. A$AP Rocky) (prod. Kuk Harrell & 
Bangladesh)","Single art for the remix to Rihanna's song ""Cockiness (I Love It)"" which was released on September 5th, 2012. The cover art features a newspaper as the background with Rihanna's ""R"" logo. More specifically this logo similar to the version that was used on the ""Talk That Talk"" album cover but is created by a bunch of seemingly random words all with a blue color.",,"Sep 5, 2012",,Front Cover,Used,https://ibb.co/t4zgd24
LONG.LIVE.A$AP,"Fuckin' Problems
(feat. Drake, Kendrick Lamar & 2 Chainz) (prod. 40 & Drake)","The single art for the song titled ""Fuckin' Problems"" featuring Drake, 2 Chainz and Kendrick Lamar which was released on October 24th, 2012.  The cover features a 2012 photo taken under a bridge in Harlem, New York. The same image here was used in a semi-popular unofficial mixtape ""Forever ASAP"".",,"Oct 24, 2012",,Front Cover,Used,https://ibb.co/tbK8PcF
LONG.LIVE.A$AP,"Fat Joe - Yellow Tape
(feat. A$AP Rocky, Lil Wayne, French Montana & DJ Khaled) (prod. Infared & IllaDaProducer)","Cover art for the Fat Joe's single ""Yellow Tape"" which was released on October 30th, 2012. The cover very simply features yellow tape with the song name and featured artists.",,"Oct 30, 2012",,Front Cover,Used,https://ibb.co/mhFzwys
LONG.LIVE.A$AP,LONG.LIVE.A$AP,"OG Filename: FINAL_STANDARD
The main cover art for the standard edition of Rocky's first studio album titled ""LONG.LIVE.A$AP"" was revealed on December 3rd, 2012, but was released on January 15th, 2013. The cover was designed by Joe Perez with a photo taken by Phil Knott shows Rocky wrapping an American flag around his body which is a call back to Rocky's first mixtape ""LIVE.LOVE.A$AP"" while a flag would appear again on ""AT.LONG.LAST.A$AP"". This version of the cover has Rocky's lower half on top with his upper half on the bottom which is not the case on the deluxe versions of the cover. Similarly to the first version of the the deluxe cover the coloration is different making Rocky's skin noticeably darker than the final deluxe cover. i ",Joe Perez,"Dec 3, 2012",,Front Cover,Used,https://www.joerperez.com/wp-content/uploads/2013/01/FINAL_STANDARD.jpg
LONG.LIVE.A$AP,LONG.LIVE.A$AP (Deluxe) [V1],"Original version of the ""LONG.LIVE.A$AP"" deluxe cover which was shown off for the pre-order of the album on December 11th, 2012. This cover is similar to the standard edition version as the coloration is different making Rocky's skin noticeably darker than in the other deluxe cover. This version shows the complete picture of Rocky rather than him being split. ",Joe Perez,"Dec 11, 2012",,Front Cover,Used,https://ibb.co/n1YgC78
LONG.LIVE.A$AP,"Long Live A$AP
(prod. A$AP Rocky, FNZ, Jim Jonsin, Rico Love & Frank Romano)","The main single art for the song ""Long Live A$AP"", the title track to Rocky's first studio album ""LONG.LIVE.A$AP"", which was released on December 18th, 2012. The cover was designed by Joe Perez features Rocky sitting on a throne with thunder in the background. It shows similarities to the ""Wild for the Night"" single art with the thunder, and one of the ""Fashion Killa"" single covers which also features a throne.",Joe Perez,"Dec 18, 2012",,Front Cover,Used,https://ibb.co/WkK3DtY
LONG.LIVE.A$AP,"Long Live A$AP [Animated Cover]
(prod. A$AP Rocky, FNZ, Jim Jonsin, Rico Love & Frank Romano)","An animated version of the ""Long Live A$AP"" single cover which was released on December 18th, 2012. The cover which was designed by Joe Perez is pretty much identical to the main one other than the obvious featured animated effects.",Joe Perez,"Dec 18, 2012",,Other,Alternate,https://ibb.co/zrGwmLW
LONG.LIVE.A$AP,LONG.LIVE.A$AP (Deluxe) [Back Cover],"Back cover for the deluxe edition of ""LONG.LIVE.A$AP"" that was shown off on December 23rd, 2012. The back cover features the tracklist for the album along with added the bonus tracks, as well as the producers of all of the songs as some of the other back covers do not.",Joe Perez,"Dec 23, 2012",,Back Cover,Used,https://ibb.co/KXy66WM
LONG.LIVE.A$AP,"Wild for the Night
(with Skrillex & Birdy Nam Nam) (prod. Skrillex, A$AP Rocky, Birdy Nam Nam)","The single art for the song titled ""Wild for the Night"" with Skrillex and Birdy Nam Nam which was released with this cover on SoundCloud on January 12th, 2013, but later released as a single on March 26th, 2013. The cover which was designed by Joe Perez shows Rocky standing with three people with skulls as heads. The cover is very similar to the ""Long Live A$AP"" and ""Fashion Killa"" single arts.",Joe Perez,"Jan 12, 2013",,Front Cover,Used,https://ibb.co/py9j3mH
LONG.LIVE.A$AP,"Pretty Flacko (Remix)
(feat. Waka Flocka Flame, Gucci Mane & Pharrell Williams) (prod. SpaceGhostPurrp)","Due to the beef between Rocky and SpaceGhostPurrp the song ""Pretty Flacko (Remix)"", which was originally intended to appear on the album, was instead included with the the purchase of ""LONG.LIVE.A$AP"" on January 15th, 2013. The covers original imagine is a photo of Rocky sipping on a cup of whine while wearing a hat that states ""VSVP"". The cover colors his ring gold as well which makes it stand out amongst other covers.",Joe Perez,"Jan 15, 2013",,Front Cover,Used,https://ibb.co/WFTDP5S
LONG.LIVE.A$AP,LONG.LIVE.A$AP (Deluxe) [V2]," Updated deluxe cover for Rocky's first studio album ""LONG.LIVE.A$AP"" which was released on January 15th, 2013 and overtime has became the 'main' album cover even though this is just for the deluxe. The cover was designed by Joe Perez with a photo taken by Phil Knott shows Rocky wrapping an American flag around his body which is a call back to Rocky's first mixtape ""LIVE.LOVE.A$AP"" while a flag would appear again on ""AT.LONG.LAST.A$AP"". The difference from the original cover is that this is the full image of Rocky rather than him being split, but this cover is different from both versions as the coloration is different making Rocky's skin noticeably brighter.",Joe Perez,"Jan 15, 2013",,Front Cover,Used,
LONG.LIVE.A$AP,LONG.LIVE.A$AP [CD Back Cover],"Back cover for the CD version of the album ""LONG.LIVE.A$AP"" which was released on January 15th, 2013. The cover features the tracklist for the album but does not list the producer for each track as the deluxe pre-order tracklist did. The bottom of the cover features a lot of information along with several of Rocky's social medias and websites.",Joe Perez,"Jan 15, 2013",,Back Cover,Used,
LONG.LIVE.A$AP,LONG.LIVE.A$AP (Deluxe) [Vinyl Back Cover],"Back cover for the vinyl version of the album ""LONG.LIVE.A$AP"" which was released on January 15th, 2013. The cover features the tracklist for the album but does not list the producer for each track as the deluxe pre-order tracklist did. The bottom of the cover features a lot of information along with several of Rocky's social medias and websites. The cover also features sides one through four all featuring four tracks each.",Joe Perez,"Jan 15, 2013",,Back Cover,Used,
LONG.LIVE.A$AP,LONG.LIVE.A$AP [CD Showcase #1],"Frontside of the CD packaging for LONG.LIVE.A$AP, posted on Joe Perez's portfolio.",Joe Perez,"Jan 15, 2013",,Packaging,Used,
LONG.LIVE.A$AP,LONG.LIVE.A$AP [CD Showcase #2],"Backside of the CD packaging for LONG.LIVE.A$AP, posted on Joe Perez's portfolio.",Joe Perez,"Jan 15, 2013",,Packaging,Used,
LONG.LIVE.A$AP,LONG.LIVE.A$AP (Deluxe) [CD Disc Tray],"The CD disc tray for the album ""LONG.LIVE.A$AP"" which was released on January 15th, 2013. The disc that was designed by Joe Perez has the static effect with Rocky and the albums name along with credits at the bottom.",Joe Perez,"Jan 15, 2013",,Packaging,Used,
LONG.LIVE.A$AP,LONG.LIVE.A$AP (Deluxe) [CD Booklet Front & Back Cover],"The cover for the ""LONG.LIVE.A$AP"" CD booklet which was released on January 15th, 2013 and shared by the designer Joe Perez himself. Features the main cover on the front and a continuation of it for the back half. ",Joe Perez,"Jan 15, 2013",,Packaging,Used,
LONG.LIVE.A$AP,LONG.LIVE.A$AP (Deluxe) [CD Booklet Page #1 & #2],"The first two pages to the CD booklet for the ""LONG.LIVE.A$AP"" album which was released on January 15th, 2013 shared by the designer Joe Perez himself. This is the first tracklist page featuring the songs ""Long Live A$AP"", ""Goldie"" and ""PMW (All I Really Need)"" while also stating each tracks credits. The second page also shows the tracklist featuring the songs ""LVL"", ""Hell"" and ""Pain"" also stating the credits for each track. The pages along with the rest of the booklet follow the style of government documents.",Joe Perez,"Jan 15, 2013",,Packaging,Used,
LONG.LIVE.A$AP,LONG.LIVE.A$AP (Deluxe) [CD Booklet Page #3 & #4],"The third and fourth pages to the CD booklet for the ""LONG.LIVE.A$AP"" album which was released on January 15th, 2013 shared by the designer Joe Perez himself. The third page shows an ID of Rocky with his name listed as A$AP Rocky, his preferred name as LONG.LIVE.A$AP, his real birthday as well as the issue date being June 9th, 2012, but it is unknown what significance this date holds as of now. The fourth page in the booklet continues the tracklist featuring the songs ""F***kin' Problems"" and ""Wild for the Night"" while also stating the credits for the songs. The pages along with the rest of the booklet follow the style of government documents.",Joe Perez,"Jan 15, 2013",,Packaging,Used,
LONG.LIVE.A$AP,LONG.LIVE.A$AP (Deluxe) [CD Booklet Page #5 & #6],"The fifth and sixth pages to the CD booklet for the ""LONG.LIVE.A$AP"" album which was released on January 15th, 2013 shared by the designer Joe Perez himself. The fifth page continues the tracklists featuring the songs ""1Train"" and ""Fashion Killa"" while stating the credits for both songs. The sixth page also continues the tracklist featuring ""Phoenix"", ""Suddenly"" and lists the first of the bonus tracks ""Jodye"" while staying the credits for each of those songs. The pages along with the rest of the booklet follow the style of government documents.",Joe Perez,"Jan 15, 2013",,Packaging,Used,
LONG.LIVE.A$AP,LONG.LIVE.A$AP (Deluxe) [CD Booklet Page #7 & #8],"The sixth and seventh pages to the CD booklet for the ""LONG.LIVE.A$AP"" album which was released on January 15th, 2013 shared by the designer Joe Perez himself. The sixth page shows one half of the same photo used in the ""Wild for the Night"" single art with much less editing. In the top left corner of this page, in fashion of government documents, shows a declassified stamp which did not appear in the vinyl version of this photo. The seventh page is a continuation of the photo and shows Rocky leaned against a wall.",Joe Perez,"Jan 15, 2013",,Packaging,Used,
LONG.LIVE.A$AP,LONG.LIVE.A$AP (Deluxe) [CD Booklet Page #9 & #10],"The ninth and tenth pages to the CD booklet for the ""LONG.LIVE.A$AP"" album which was released on January 15th, 2013 shared by the designer Joe Perez himself. The ninth page shows four members of the A$AP Mob with their heads as skeletons. The four members on this page, from right to left, are A$AP Rocky, A$AP Yams, A$AP Bari and A$AP Ferg. The tenth page of the booklet continues this trend and shows A$AP Ty Beats, A$AP Nast, A$AP Twelvyy, who for some reason only has one y listed in his name, and A$AP Ant. These pages as does the rest of the booklet feature a style of government documents as the tenth page even has a declassified stamp.",Joe Perez,"Jan 15, 2013",,Packaging,Used,
LONG.LIVE.A$AP,LONG.LIVE.A$AP (Deluxe) [CD Booklet Page #11 & #12],"The eleventh and twelfth pages to the CD booklet for the ""LONG.LIVE.A$AP"" album which was released on January 15th, 2013 shared by the designer Joe Perez himself.",Joe Perez,"Jan 15, 2013",,Packaging,Used,
LONG.LIVE.A$AP,LONG.LIVE.A$AP (Deluxe) [CD Booklet Page #13 & #14],,Joe Perez,"Jan 15, 2013",,Packaging,Used,
LONG.LIVE.A$AP,LONG.LIVE.A$AP (Deluxe) [Vinyl Showcase #1],,Joe Perez,"Jan 15, 2013",,Packaging,Used,
LONG.LIVE.A$AP,LONG.LIVE.A$AP (Deluxe) [Vinyl Showcase #2],,Joe Perez,"Jan 15, 2013",,Packaging,Used,
LONG.LIVE.A$AP,LONG.LIVE.A$AP (Deluxe) [Vinyl Showcase #3],,Joe Perez,"Jan 15, 2013",,Packaging,Used,
LONG.LIVE.A$AP,LONG.LIVE.A$AP (Deluxe) [Vinyl Resource #1],,Joe Perez,"Jan 15, 2013",,Packaging,Used,
LONG.LIVE.A$AP,LONG.LIVE.A$AP (Deluxe) [Vinyl Resource #2],,Joe Perez,"Jan 15, 2013",,Packaging,Used,
LONG.LIVE.A$AP,LONG.LIVE.A$AP [Animated Promo Cover],Official animated promo cover used for the release of LONG.LIVE.A$AP. Was revealed when the original cover art was also revealed.,Joe Perez,"Jan 15, 2013",,Other,Used,https://64.media.tumblr.com/tumblr_meht6ujPna1qzaqcbo1_400.gif
LONG.LIVE.A$AP,"Fashion Killa
(prod. A$AP Rocky, FRIENDZONE & Héctor Delgado)","The main single cover for the song ""Fashion Killa"" which was originally released on the ""LONG.LIVE.A$AP"" album on January 15th, 2013 , but was released as a single on July 1st, 2013. This is the most basic of the single arts for ""LONG.LIVE.A$AP"" as it features a white background and the song title on a black streak similar to the main album cover.",Joe Perez,"Jul 1, 2013",,Front Cover,Used,
LONG.LIVE.A$AP,"Fashion Killa [Alternate Cover]
(prod. A$AP Rocky, FRIENDZONE & Héctor Delgado)","An alternate single art for the song ""Fashion Killa"" which was originally released on the ""LONG.LIVE.A$AP"" album on January 15th, 2013 , but was released as a single on July 1st, 2013. This single art was created by Joe Perez and resembles other single arts for the album, ""Long Live A$AP"" and ""Wild for the Night"" with similar themes such as the throne Rocky sits in.",Joe Perez,"Jul 1, 2013",,Front Cover,Used,
,"Beauty and the Beast: Slowed Down Sessions, Chapter 1
(as Lord Flacko)
(BEAUTY N THE BEA$T - SDSCH. 1, BEAUTY N DA BEAST: SLOWED DOWN SESSIONS - CHAPTER .1, SDSCH. 1)",,,,,,,
"Beauty and the Beast: Slowed Down Sessions, Chapter 1","Beauty And The Beast: Slowed Down Sessions, Chapter 1","The main mixtape art for ""Beauty And The Beast: Slowed Down Sessions, Chapter 1"". The cover was first shown in the YouTube upload for the song ""Unicorn""  titled """"UNICORN"" (FEB. 14 2013) - LORD FLVCKO - SDSCH. 1"" which was uploaded on March 3rd, 2014. The video zoomed into several parts of the cover while the song played. The designer of the cover Rud Cef posted the original artwork on March 6th, 2014 along with a alternate cover he designed. The cover shows a drawing of Rocky holding some sort of beast-like baby creature with a shadowy figure behind him. In the door frame a woman can be seen fitting the theme of beauty and the beast. Other small details to note is the poster on the wall is a recreation of a very famous picture of Rocky that once blew up on A$AP Yams Tumblr in 2009 or 2010. Along with this a candelabra can be seen likely referring to the Disney movie ""Beauty And The Beast"" itself.",,"Mar 3, 2014",,Front Cover,Unused,
"Beauty and the Beast: Slowed Down Sessions, Chapter 1","Beauty And The Beast: Slowed Down Sessions, Chapter 1 [Alternate Cover]",,,,,Front Cover,Unused,
"Beauty and the Beast: Slowed Down Sessions, Chapter 1","Beauty And The Beast: Slowed Down Sessions, Chapter 1 [Alt Cover 2]",,,,,Front Cover,Unused,
"Beauty and the Beast: Slowed Down Sessions, Chapter 1","Beauty And The Beast: Slowed Down Sessions, Chapter 2",,,,,Front Cover,Unused,
,"L.O.R.D.
(Collaboration with A$AP Mob)
(L.O.R.D.S.)",,,,,,,
L.O.R.D.,"Trillmatic
(with A$AP Nast & Method Man) (prod. A$AP Ty Beats)",Cover art for the A$AP Mob single 'Trillmatic' with A$AP Nast & Method Man.,,,,Front Cover,Used,
L.O.R.D.,"Trillmatic [Alternate Cover]
(with A$AP Nast & Method Man) (prod. A$AP Ty Beats)",Alternative cover art for the A$AP Mob single 'Trillmatic' with A$AP Nast & Method Man.,,"Jan 21, 2014",,Front Cover,Alternate,
L.O.R.D.,"See Me
(with A$AP Ant) (prod. Davon Productions)",Cover art for the A$AP Mob single 'See Me' with A$AP Ant.,,,,Front Cover,Used,
L.O.R.D.,"Xscape
(with A$AP Twelvyy) (prod. Tay Soprano)",Cover art for the A$AP Mob single 'Xscape' with A$AP Twelvyy.,,,,Front Cover,Used,
L.O.R.D.,"Xscape
(with A$AP Twelvyy) (prod. Tay Soprano)",Alternative cover art for the A$AP Mob single 'Xscape' with A$AP Twelvyy.,,,,,,
L.O.R.D.,"Hella Hoes
(feat. A$AP Rocky, A$AP Ferg, A$AP Nast, A$AP Twelvyy) (prod. Nyrell)","Cover art for the A$AP Mob single 'Hella Hoes' featuring A$AP Rocky, A$AP Ferg, A$AP Nast, and A$AP Twelvyy.",,,,Front Cover,Used,
L.O.R.D.,"Hella Hoes [Alternate Cover]
(feat. A$AP Rocky, A$AP Ferg, A$AP Nast, A$AP Twelvyy) (prod. Nyrell)","Alternative cover art for the A$AP Mob single 'Hella Hoes' featuring A$AP Rocky, A$AP Ferg, A$AP Nast, and A$AP Twelvyy.",,,,Front Cover,Alternate,
,AT.LONG.LAST.A$AP,,,,,,,
AT.LONG.    LAST.A$AP,"Danny Brown - Kush Coma
(feat. A$AP Rocky & ZelooperZ) (prod. Skywlkr)","The single art for Danny Brown's song ""Kush Coma"" featuring Rocky and ZelooperZ which was released on March 11th, 2013. The cover pictures a gray background with a skull. This said skull features a full head of hair which resembles Danny Brown's look at that time.",,"Mar 11, 2013",,Front Cover,Used,
AT.LONG.    LAST.A$AP,"Yelawolf - Gangster
(feat. A$AP Rocky & Big Henry) (prod. WLPWR)","Promo art for Yelawolf's then upcoming single ""Gangster"" featuring Rocky and Big Henry. The song itself was released on March 12th, 2013, but the promotional art states the release date for the album, March 14th, 2013.",,"Mar 12, 2013",,Front Cover,Used,
AT.LONG.    LAST.A$AP,"Rocko - U.O.E.N.O. (Remix)
(feat. A$AP Rocky & Future) (prod. Childish Major)","Cover art for the one of the remixes of Rocko's song ""U.O.E.N.O."" with this one featuring Rocky and Future released on April 23rd, 2013. This cover follows the same style as all of the other versions of the song with a brick wall with this one having yellow coloration. ",,"Apr 23, 2013",,Front Cover,Used,
AT.LONG.    LAST.A$AP,"A$AP Ferg - Work REMIX
(feat. A$AP Rocky, ScHoolboy Q, French Montana & Trinidad James) (prod. Chinza//Fly)","Single art for ""Work REMIX"", a remix of A$AP Ferg's song ""Work"" which was originally featured on the A$AP Mob's mixtape ""Lord$ Never Worry"". ",,,,Front Cover,Used,
AT.LONG.    LAST.A$AP,"Joey Fatts - Choppa
(feat. A$AP Rocky & Danny Brown) (prod. 808 Mafia)","Cover art for the Joeey Fatts single 'Choppa' featuring A$AP Rocky, and Danny Brown.",,,,Front Cover,Used,
AT.LONG.    LAST.A$AP,"Preme - We Them Niggas
(feat. A$AP Rocky) (prod. Bass Line & Pro Logic)",Cover art for the Preme single 'We Them Niggas' featuring A$AP Rocky.,,,,Front Cover,Used,
AT.LONG.    LAST.A$AP,"Rocko - U.O.E.N.O. (Extended Remix)
(feat. Future, Rick Ross, A$AP Rocky, Wiz Khalifa & 2 Chainz) (prod. Childish Major)","Cover art for the Rocko single 'U.O.E.N.O. (Extended Remix)' featuring Future, Rick Ross, A$AP Rocky, Wiz Khalifa, and 2 Chainz.",,,,Front Cover,Used,
AT.LONG.    LAST.A$AP,"Mariah Carey - #Beautiful (Remix)
(feat. Miguel & A$AP Rocky) (prod. Miguel, Mariah Carey, Happy Perez & Brook D’Leau)","Cover art for the Mariah Carey single '#Beautiful (Remix)' featuring Miguel, and A$AP Rocky.",,,,Front Cover,Used,
AT.LONG.    LAST.A$AP,"A$AP Ferg - Shabba
(feat. A$AP Rocky) (prod. Snugsworth)",Cover art for the A$AP Ferg single 'Shabba' featuring A$AP Rocky.,,,,Front Cover,Used,
AT.LONG.    LAST.A$AP,"r - Cali
(feat. Joey Fatts & A$ton Matthews) (prod. K. Roosevelt)",Not much is known about the character depicted on the cover of the album except for it being another caricature created by Rockstar. This caricature can also be seen in a cover art Rockstar released later on.,Rockstar Games,"Sep 24, 2013",,Front Cover,Used,https://i.scdn.co/image/ab67616d0000b273eff5e684bd079becefcae931
AT.LONG.    LAST.A$AP,"Peia Alexander - RUNNING
(feat. A$AP Rocky)","Cover art for Peia Alexander and A$AP Rocky's 2013 collaboration titled ""RUNNING"".",,"Oct 19, 2013",,Front Cover,Used,https://i1.sndcdn.com/artworks-000060487370-78hfyc-original.jpg
AT.LONG.    LAST.A$AP,"Justin Timberlake - TKO (Black Friday Remix)
(feat. J. Cole, A$AP Rocky & Pusha T ) (prod. Timbaland)","Cover art for the Justin Timberlake single 'TKO (Black Friday Remix)' featuring J. Cole, A$AP Rocky, and Pusha T.",,,,Front Cover,Used,
AT.LONG.    LAST.A$AP,"In Distress
(feat. Gesaffelstein) (prod. A$AP Rocky & Gesaffelstein)",Cover art for the single 'In Distress' featuring Gesaffelstein.,,,,Front Cover,Used,
AT.LONG.    LAST.A$AP,"Peewee Longway - Servin’ Lean (Remix)
(feat. A$AP Rocky) (prod. Honorable C.N.O.T.E.)",Cover art for the Peewee Longway single 'Servin' Lean (Remix)' featuring A$AP Rocky.,,,,Front Cover,Used,
AT.LONG.    LAST.A$AP,"Lykke Li - No Rest for the Wicked (Remix)
(feat. A$AP Rocky) (prod. Björn Yttling & Lykke Li)",Cover art for the Lykke Li single 'No Rest for the Wicked (Remix)' featuring A$AP Rocky.,,,,Front Cover,Used,
AT.LONG.    LAST.A$AP,"Tinashe - Pretend
(feat. A$AP Rocky) (prod. The Order & Detail)",Cover art for the Tinashe single 'Pretend' featuring A$AP Rocky.,,,,Front Cover,Used,
AT.LONG.    LAST.A$AP,"Sam Smith - I’m Not the Only One (Remix)
(feat. A$AP Rocky) (prod. Steve Fitzmaurice & Jimmy Napes) ",Cover art for the Sam Smith remix 'I'm Not the Only One' featuring A$AP Rocky.,,,,Front Cover,Used,
AT.LONG.    LAST.A$AP,"Multiply
(feat. Juicy J) (prod. Curtis Heron)",Cover art for the single 'Multiply' featuring Juicy J. ,,"Oct 2, 2014",,Front Cover,Used,
AT.LONG.    LAST.A$AP,"Multiply [Alternate Cover]
(feat. Juicy J) (prod. Curtis Heron)",Alternative cover art for the single 'Multiply' featuring Juicy J. ,,"Oct 3, 2014",,Front Cover,Alternate,
AT.LONG.    LAST.A$AP,"Shy Glizzy - Awwsome (Remix)
(feat. 2 Chainz & A$AP Rocky) (prod. EA Glizzy)",Cover art for the Shy Glizzy remix 'Awwsome' featuring 2 Chainz & A$AP Rocky.,,,,Front Cover,Used,
AT.LONG.    LAST.A$AP,"Lord Pretty Flacko Jodye 2 (LPFJ2)
(prod. Nez & Rio)",Cover art for the single 'LPFJ2'.,,"Dec 31, 2014",,Front Cover,Used,https://cdn.discordapp.com/attachments/1113173027048411166/1152682582799044650/IMG_3195.jpg
AT.LONG.    LAST.A$AP,M'$,"Cover art for the single version of the song ""M'$"". This single version of the song doesn't feature Lil Wayne as the album version of the song does.",,"Apr 8, 2015",,Front Cover,Used,https://media.discordapp.net/attachments/1113173027048411166/1152682584304799964/IMG_3199.jpg
AT.LONG.    LAST.A$AP,Everyday,"Cover art for the single ""Everyday"".",,"May 8, 2015",,Front Cover,Used,https://cdn.discordapp.com/attachments/1113173027048411166/1152682583126188114/IMG_3196.jpg
AT.LONG.    LAST.A$AP,AT.LONG.LAST.A$AP,"Cover art for A$AP Rocky's second studio album ""AT.LONG.LAST.A$AP"". On May 9th, 2015 Rocky reveled this cover along with an additional alternate cover and also stated the release date of the upcoming project. The cover pays homage to the late A$AP Yams, one of the founders of the A$AP Mob, with the birthmark on Rocky's eye. The cover combines two images making it seem as if Rocky has two faces.",,"May 9, 2015",,Front Cover,Used,https://cdn.discordapp.com/attachments/1113173027048411166/1152680590307495987/IMG_3193.jpg
AT.LONG.    LAST.A$AP,AT.LONG.LAST.A$AP [Alternate Cover],"An alternate cover for A$AP Rocky's second studio album ""AT.LONG.LAST.A$AP"". On May 9th, 2015 Rocky showed this secondary cover along with the main cover and release date on his Instagram page.",,"May 9, 2015",,Front Cover,Alternate,
AT.LONG.    LAST.A$AP,L$D,"Cover art for the single ""L$D"".",,"May 9, 2015",,Front Cover,Used,https://cdn.discordapp.com/attachments/1113173027048411166/1152682583495299213/IMG_3197.jpg
AT.LONG.    LAST.A$AP,L$D [Alternate Cover],"Alternative cover art for the single ""L$D"" used in some places with more vibrant colors.",,"May 19, 2015",,Front Cover,Alternate,
AT.LONG.    LAST.A$AP,,,Dexter Navy,,,,,
AT.LONG.    LAST.A$AP,Electric Body,"Single art for ""Electric Body"". Noticably features an edited version of the LONG.LIVE.A$AP cover art without Rocky in the background.",,"May 26, 2015",,Front Cover,Used,https://cdn.discordapp.com/attachments/1113173027048411166/1152682583893749911/IMG_3198.png
AT.LONG.    LAST.A$AP,AT.LONG.LAST.A$AP [CD Back Cover],"Back cover for the CD edition of ""AT.LONG.LAST.A$AP"" featuring the tracklist and Rocky using his hand to form an ""A"" for the acronym ""A.L.L.A."" meaning the albums name.",,"May 26, 2015",,Back Cover,Used,https://cdn.discordapp.com/attachments/1113173027048411166/1152680590630469673/IMG_3194.jpg
AT.LONG.    LAST.A$AP,AT.LONG.LAST.A$AP [Vinyl Cover],"Colorized version of the ""AT.LONG.LAST.A$AP"" cover only used for the vinyl version of the album.",,"May 26, 2015",,Front Cover,Used,
AT.LONG.    LAST.A$AP,AT.LONG.LAST.A$AP [Vinyl Back Cover],"Back cover for the physical vinyl versions of ""AT.LONG.LAST.A$AP"". This is where the inspiration for the ""Cozy Tapes Vol 1: Friends -"" cover came from.",,"May 26, 2015",,Back Cover,Used,
AT.LONG.    LAST.A$AP,AT.LONG.LAST.A$AP [Vinyl Gatefold],,,"May 26, 2015",,Packaging,Used,
AT.LONG.    LAST.A$AP,AT.LONG.LAST.A$AP [Foldable Insert],,,"May 26, 2015",,Packaging,Used,
AT.LONG.    LAST.A$AP,AT.LONG.LAST.A$AP Booklet; Front Cover,,,"May 26, 2015",,Packaging,Used,
AT.LONG.    LAST.A$AP,AT.LONG.LAST.A$AP Booklet; Page 1,,,"May 26, 2015",,Packaging,Used,
AT.LONG.    LAST.A$AP,AT.LONG.LAST.A$AP Booklet; Page 2,,,"May 26, 2015",,Packaging,Used,
AT.LONG.    LAST.A$AP,AT.LONG.LAST.A$AP Booklet; Page 3,,,"May 26, 2015",,Packaging,Used,
AT.LONG.    LAST.A$AP,AT.LONG.LAST.A$AP Booklet; Page 4,,,"May 26, 2015",,Packaging,Used,
AT.LONG.    LAST.A$AP,AT.LONG.LAST.A$AP Booklet; Page 5,,,"May 26, 2015",,Packaging,Used,
AT.LONG.    LAST.A$AP,AT.LONG.LAST.A$AP Booklet; Page 6,,,"May 26, 2015",,Packaging,Used,
AT.LONG.    LAST.A$AP,AT.LONG.LAST.A$AP Booklet; Back Cover,,,"May 26, 2015",,Packaging,Used,
AT.LONG.    LAST.A$AP,AT.LONG.LAST.A$AP [Pixelated],"Pixelated version of the black and white cover for AT.LONG.LAST.A$AP that was changed on May 27th, 2025.",,"May 27, 2025",,Front Cover,Used,https://is1-ssl.mzstatic.com/image/thumb/Music211/v4/99/bf/58/99bf58ab-a644-b2ae-e020-4aca79c3592c/886444594820.jpg/3000x3000bb.jpg
,"Cozy Tapes Vol. 1: Friends -
(Collaboration with A$AP Mob & AWGE)",,,,,,,
Cozy Tapes Vol. 1: Friends -,Cozy Tapes Vol 1: Friends -,"Cover art for ""Cozy Tapes Vol. 1: Friends -"". Features a baby photo of A$AP Yams, one of the founders of the mob, on the cover with his iconic birthmark. The cover took inspiration from the ""AT.LONG.LAST.A$AP"" vinyls back cover, which also featured a baby photo of Yams.",,"Oct 31, 2016",,Front Cover,Used,https://cdn.discordapp.com/attachments/1113173027048411166/1152682584594198598/IMG_2290.jpg
Cozy Tapes Vol. 1: Friends -,Drake - Wu-Tang Forever (Remix),"Single art for ""Wu-Tang Forever (Remix)"".",,"Jan 16, 2016",,Front Cover,Used,
Cozy Tapes Vol. 1: Friends -,Hear Me,"Single art for ""Hear Me"".",,"Jan 27, 2016",,Front Cover,Used,
Cozy Tapes Vol. 1: Friends -,Yamborghini High,"Single art for ""Yamborghini High"".",,"Jan 29, 2016",,Front Cover,Used,https://cdn.discordapp.com/attachments/1113173027048411166/1152682584950710494/IMG_3201.png
Cozy Tapes Vol. 1: Friends -,Lords Never Worry,"Single art for ""Lords Never Worry"".",,"Feb 17, 2016",,Front Cover,Used,
Cozy Tapes Vol. 1: Friends -,Hella Hoes (Remix),"Remix art for ""Hella Hoes"".",,"Feb 24, 2016",,Front Cover,Used,
Cozy Tapes Vol. 1: Friends -,Phantogram Freestyle (Snippet),"Single art for the ""Phantogram Freestyle"" snippet.",,"Mar 2, 2016",,Front Cover,Used,
Cozy Tapes Vol. 1: Friends -,Presidents,"Single art for ""Presidents"".",,"Mar 30, 2016",,Front Cover,Used,
Cozy Tapes Vol. 1: Friends -,Crazy Brazy,"Single art for ""Crazy Brazy"".",,"Sep 30, 2016",,Front Cover,Used,https://cdn.discordapp.com/attachments/1113173027048411166/1152683957272465539/IMG_3207.png
Cozy Tapes Vol. 1: Friends -,Runner,"Single art for ""Runner"".",,"Oct 27, 2016",,Front Cover,Used,
Cozy Tapes Vol. 1: Friends -,Runner,"Alternate single art for ""Runner"". Features baby photos of A$AP Ant, and Lil Uzi Vert.",,"Oct 27, 2016",,Front Cover,Alternate,
Cozy Tapes Vol. 1: Friends -,Telephone Calls,"Single art for ""Telephone Calls"". Features baby photos of Rocky, Playboi Carti and Tyler, The Creator but notably not Yung Gleesh, the other artist on the song. The picture of Tyler is also the base image that he used for the cover for his unreleased personal stash from 2008-2009.",,"Oct 27, 2016",,Front Cover,Used,
Pre-TESTING,"Selena Gomez - Good For You
(feat. A$AP Rocky & Haywood) (prod. Héctor Delgado, A$AP Rocky, Hit-Boy, Nick Monson & Rock Mafia)","Single art for Selena Gomez's ""Good For You"" featuring A$AP Rocky.",,,,Front Cover,Used,
Pre-TESTING,"Chief Keef - Superheroes
(feat. A$AP Rocky) (prod. Slam)","Single art for Chief Keef's ""Superheroes"" featuring A$AP Rocky.",,,,Front Cover,Used,
Pre-TESTING,Selena Gomez - Good For You (Remixes),"Remix art for Selena Gomez's ""Good For You"" featuring A$AP Rocky.",,,,Front Cover,Used,
Pre-TESTING,"Pusha T - M.P.A.
(feat. The-Dream, A$AP Rocky & Kanye West) (prod. J. Cole, Che Pope & Kanye West)","Single art for Pusha T's ""M.P.A."" featuring The-Dream, A$AP Rocky & Kanye West.",,,,Front Cover,Used,https://www.joerperez.com/wp-content/uploads/2015/12/KING_PUSH_DLX.jpg
Pre-TESTING,"French Montana - Off The Rip (Remix)
(feat. Chinx, A$AP Rocky, & N.O.R.E.) (prod. TrakFormaz)","Remix art for French Montana's ""Off The Rip"" featuring Chinx & A$AP Rocky.",,,,Front Cover,Used,
Pre-TESTING,"French Montana - Said N Done
(feat. A$AP Rocky & Busta Rhymes) (prod. Earl & E)","Single art for French Montana's ""Said N Done"" featuring A$AP Rocky.",,,,Front Cover,Used,
Pre-TESTING,"Clams Casino - Be Somebody (Remix)
(feat. A$AP Rocky, Lil B, AJ Tracey, Mikky Ekko & Sterling Fox) (prod. Clams Casino)","Remix art for Clams Casino's ""Be Somebody"" featuring A$AP Rocky, Lil B, AJ Tracey, Mikky Ekko & Sterling Fox.",,,,Front Cover,Used,
Pre-TESTING,"Mura Masa - Lovesick (Remix)
(feat. A$AP Rocky) (prod. Mura Masa)","Remix art for Mura Masa's ""Lovesick"" featuring A$AP Rocky.",,,,Front Cover,Used,
Pre-TESTING,"SpaceGhostPurrp - R.I.P. Yams
(feat. A$AP Rocky) (prod. SpaceGhostPurrp)","Single art for SpaceGhostPurrp's ""R.I.P. Yams"" featuring A$AP Rocky.",,"Oct 4, 2016",,Front Cover,Used,
Pre-TESTING,"Alicia Keys - Blended Family
(feat. A$AP Rocky) (prod. Mark Batson & Alicia Keys)
(What You Do For Love)","Single art for Alicia Keys' ""Blended Family (What You Do For Love)"" featuring A$AP Rocky.",,"Oct 6, 2016",,Front Cover,Used,
Pre-TESTING,"A$AP Ferg - New Level REMIX
(feat. A$AP Rocky, Lil Uzi Vert & Future) (prod. Honorable C.N.O.T.E.)","Remix art for A$AP Ferg's ""New Level"" featuring A$AP Rocky, Lil Uzi Vert & Future.",,"Oct 20, 2016",,Front Cover,Used,
Cozy Tapes Vol. 2: Too Cozy,Wrong,"Single art for ""Wrong"".",,"Apr 27, 2017",,Front Cover,Used,
Cozy Tapes Vol. 2: Too Cozy,RAF,"Single art for ""RAF"". The cover features a white figure and it also states all of the featured artist on the song. Flacko is referring to Rocky, Carti is Playboi Carti, Frank is Frank Ocean, Uzi is Lil Uzi Vert and Quavo.",Bráulio Amado,"May 15, 2017",,Front Cover,Used,https://cdn.discordapp.com/attachments/1113173027048411166/1152683957968711721/IMG_3210.png
Cozy Tapes Vol. 2: Too Cozy,Feels So Good,"Single art for ""Feels So Good"". Has the same cover as the project it is featured on ""Cozy Tapes Vol. 2: Too Cozy"" featuring members of the A$AP Mob.", Bráulio Amado ,"Aug 15, 2017",,Front Cover,Used,https://cdn.discordapp.com/attachments/1113173027048411166/1152683957566054510/IMG_3209.png
Cozy Tapes Vol. 2: Too Cozy,Cozy Tapes Vol. 2: Too Cozy,"Cover art for the A$AP Mob's second studio album ""Cozy Tapes Vol. 2: Too Cozy"", the same cover used for a single on the album ""Feels So Good"". The cover shows members from the mob. The back row features (left to right) A$AP Ant, A$AP Twelvyy, A$AP Nast, A$AP Lou, A$AP Ferg and the front row has A$AP Snacks and A$AP Rocky himself.", Bráulio Amado ,"Aug 25, 2017",,Front Cover,Used,https://cdn.discordapp.com/attachments/1113173027048411166/1152683957566054510/IMG_3209.png
DUMMIE,DUMMY,,N/A,Sep 2017,,Front Cover,Unused,
DUMMIE,DUMMY [Recreation],"In a leaked ""DUMMY"" tracklist an image can be seen of this logo that also appeared in some of the alternate ""TESTING"" covers among many things in the ""TESTING"" era. This image is unofficial and simply a recreation.",N/A,Sep 2017,,Front Cover,Unused,
DUMMIE,DUMMIE,"Cover art for ""DUMMIE"" a mixtape set to release before ""TESTING"". This cover was released with the songs ☆☆☆☆☆ 5IVE $TAR$, Above and Money Bags Freestyle.",,"Jan 23, 2018",,Front Cover,Used,
TESTING,"DRAM - Gilligan
(feat. A$AP Rocky & Juicy J) (prod. DRAM & Juicy J)","Single art for DRAM's ""Gilligan"" featuring A$AP Rocky & Juicy J.",,"Apr 21, 2017",,Front Cover,Used,
TESTING,"Mary J. Blige - Love Yourself REMIX
(feat. A$AP Rocky) (prod. Camper)","Remix art for Mary J. Blige's ""Love Yourself"" featuring A$AP Rocky.",,"May 26, 2017",,Front Cover,Used,
TESTING,"Tyler, The Creator - Who Dat Boy
(feat. A$AP Rocky) (prod. Tyler, The Creator)","Single art for Tyler, The Creator's ""Who Dat Boy"" featuring A$AP Rocky.",,"Jun 29, 2017",,Front Cover,Used,
TESTING,"Tyler, The Creator - Who Dat Boy (Lyric Cover)
(feat. A$AP Rocky) (prod. Tyler, The Creator)","Lyric art for Tyler, The Creator's ""Who Dat Boy"" featuring A$AP Rocky.",,"Jun 29, 2017",,Front Cover,Alternate,
TESTING,"A$AP Twelvyy - Strapped
(feat. A$AP Rocky) (prod. A$AP P on the Boards)","Single art for A$AP Twelvyy's ""Strapped"" featuring A$AP Rocky.",,"Jul 12, 2017",,Front Cover,Used,
TESTING,"Lana Del Rey - Summer Bummer
(feat. A$AP Rocky & Playboi Carti) (prod. Boi-1da & Jahaan Sweet)","Single art for Lana Del Rey's ""Summer Bummer"" featuring A$AP Rocky & Playboi Carti.",,"Jul 12, 2017",,Front Cover,Used,
TESTING,"A$AP Twelvyy - Diamonds
(feat. A$AP Rocky) (prod. FNZ & Jim Jonsin)","Single art for A$AP Twelvyy's ""Diamonds"", featuring A$AP Rocky.",,"Jul 21, 2017",,Front Cover,Used,
TESTING,"The Weeknd - Reminder REMIX
(feat. A$AP Rocky & Young Thug) (prod. Cirkut, Doc McKinney & Mano)","Remix art for The Weeknd's ""Reminder"", featuring A$AP Rocky & Young Thug.",,"Aug 3, 2017",,Front Cover,Used,
TESTING,"A$AP Ferg - East Coast REMIX
(feat. A$AP Rocky, Busta Rhymes, Dave East, French Montana, Rick Ross & Snoop Dogg) (prod. Tariq Beats & DJ Khalil)","Remix art for A$AP Ferg's ""East Coast"", featuring A$AP Rocky, Busta Rhymes, Dave East, French Montana, Rick Ross & Snoop Dogg.",,"Aug 4, 2017",,Front Cover,Used,
TESTING,"Babyfather - BENZO AMORE freestyle
(feat. A$AP Rocky) (prod. Dean Blunt & Timbaland)
(Selfish)","Single art for Babyfathers's ""BENZO AMORE freestyle"" featuring A$AP Rocky.",N/A,"Aug 21, 2017",,Front Cover,Used,
TESTING,"Lana Del Rey - Summer Bummer (Clams Casino Remix)
(feat. A$AP Rocky & Playboi Carti) (prod. Clams Casino)","Remix art for Lana Del Rey's ""Summer Bummer"" remixed by Clams Casino, featuring A$AP Rocky & Playboi Carti.",,"Aug 25, 2017",,,,
TESTING,"Lana Del Rey - Summer Bummer (Snakeships Remix)
(feat. A$AP Rocky & Playboi Carti) (prod. Snakeships)","Remix art for Lana Del Rey's ""Summer Bummer"" remixed by Snakeships, featuring A$AP Rocky & Playboi Carti.",,"Aug 25, 2017",,Front Cover,Used,
TESTING,"G-Eazy - No Limit
(feat. A$AP Rocky & Cardi B) (prod. Boi-1da & Allen Ritter)","Single art for G-Eazy's ""No Limit"", featuring A$AP Rocky.",,"Sep 7, 2017",,Front Cover,Used,
TESTING,"Famous Dex - PICK IT UP
(feat. A$AP Rocky) (prod. FKi 1st & SOSA 808)","Single art for Famous Dex's ""PICK IT UP"", featuring A$AP Rocky.",,"Oct 18, 2017",,Front Cover,Used,
TESTING,"Maroon 5 - Whiskey
(feat. A$AP Rocky) (prod. John Ryan & Jacob Kasher)","Single art for Maroon 5's ""Whiskey"", featuring A$AP Rocky.",,"Oct 18, 2017",,Front Cover,Used,
TESTING,"Ty Dolla $ign - Dawsin’s Breek (Remix)
(feat. A$AP Rocky) (prod. Mike WiLL Made-It)","Remix art for Ty Dolla $ign's ""Dawsin's Breek"", featuring A$AP Rocky.",,"Oct 19, 2017",,Front Cover,Used,
TESTING,"G-Eazy - No Limit REMIX
(feat. A$AP Rocky, French Montana, Juicy J & Belly) (prod. Boi-1da & Allen Ritter)","Remix art for G-Eazy's ""No Limit"", featuring A$AP Rocky, French Montana, Juicy J & Belly.",,"Dec 11, 2017",,Front Cover,Used,
TESTING,"FTW (Fuck The World)
(with Tom Morello) (prod. DJ Khalil & Tom Morello)","Single art for ""FTW (Fuck The World)"", Apart of the soundtrack for the movie Bright.",,"Dec 15, 2017",,Front Cover,Used,
TESTING,TESTING [Early Cover],"Early cover for ""TESTING"" that was shared on January 23rd, 2018 along with the single ""☆☆☆☆☆ 5IVE $TAR$"".",Cary Fagan & Moonbase,"Jan 23, 2018",,Front Cover,Unused,
TESTING,"Cocky
(with Gucci Mane & 21 Savage) (feat. London on da Track) (prod. Héctor Delgado & London on da Track)","Single art for ""Cocky"", later used and apart of the soundtrack for the movie Uncle Drew.",,"Feb 16, 2018",,Front Cover,Used,
TESTING,"Thirty Seconds to Mars - One Track Mind
(feat. A$AP Rocky) (prod. Jared 'Morbius' Leto & Robopop)","Remix art for Thirty Seconds to Mars' ""One Track Mind"" featuring A$AP Rocky.",,"Mar 23, 2018",,Front Cover,Used,
TESTING,Bad Company,"Single art for ""Bad Company"". Features Rocky in a car with a test dummy, a common theme with his album ""TESTING"", although this song never made the tracklist.",Cary Fagan & Moonbase,"Mar 28, 2018",,Front Cover,Used,
TESTING,A$AP Forever,"Single art for ""A$AP Forever"".",Cary Fagan & Moonbase,"Apr 5, 2018",,Front Cover,Used,https://cdn.discordapp.com/attachments/1113173027048411166/1152683958635606067/IMG_3212.jpg
TESTING,TESTING [Alternate Cover #1],"Alternate cover for ""TESTING"" seen in ads for the project.",Cary Fagan & Moonbase,"Apr 21, 2018",,Front Cover,Alternate,
TESTING,TESTING [Alternate Cover #2],"Alternate cover for ""TESTING"" seen in ads for the project.",Cary Fagan & Moonbase,"Apr 21, 2018",,Front Cover,Alternate,
TESTING,TESTING [Alternate Cover #3],"Alternate cover for ""TESTING"" seen in ads for the project.",Cary Fagan & Moonbase,"Apr 21, 2018",,Front Cover,Alternate,
TESTING,TESTING [Alternate Cover #4],"Alternate cover for ""TESTING"" seen in ads for the project.",Cary Fagan & Moonbase,"Apr 21, 2018",,Front Cover,Alternate,
TESTING,TESTING [Alternate Cover #5],"Alternate cover for ""TESTING"" seen in ads for the project.",Cary Fagan & Moonbase,"Apr 21, 2018",,Front Cover,Alternate,
TESTING,TESTING [Alternate Cover #6],"Alternate cover for ""TESTING"" seen in ads for the project.",Cary Fagan & Moonbase,"Apr 21, 2018",,Front Cover,Alternate,
TESTING,Herojuana Blunts,"Single art for ""Herojuana Blunts"". ",,"Apr 28, 2018",,Front Cover,Used,
TESTING,TESTING,"Cover art for A$AP Rocky's third studio album ""TESTING"". The cover art features “dummies” all styled very similarly to Rocky, with his iconic French braids. The photo taken for the cover was taken by Cary Fagan and was designed by Moonbase. The art is a direct reference to Smif-N-Wessun's 1995 album ""Dah Shinin'"". The title to that album most likely influenced the name for ""Praise The Lord (Da Shine)"" aswell. The cover is often misinterpreted as many people believe it to be referencing N.W.A.'s 1988 album ""Straight Outta Compton"" rather than ""Dah Shinin"".",Cary Fagan & Moonbase,"May 26, 2018",,Front Cover,Used,https://a5.mzstatic.com/us/r1000/0/Music115/v4/5f/fb/df/5ffbdfb9-34ba-7ff7-0a62-bf87ab47df5d/886447076446.jpg
TESTING,"TESTING [Alternate Cover]
(STILL TESTING)","An alternate cover for ""TESTING"" posted by Rocky on his Instagram a few days after the albums release. This post had the caption ""STILL TESTING"" leading some people to think this was a potential deluxe cover to ""TESTING"", but this is not yet confirmed.",Cary Fagan & Moonbase,"May 28, 2018",,Front Cover,Unused,
TESTING,Praise The Lord (Da Shine),"Single art for ""Praise The Lord (Da Shine)"".",Cary Fagan & Moonbase,"Jun 26, 2018",,Front Cover,Used,
WANG$AP,Potato Salad,"Single art for ""Potato Salad"". Features a picture from the time the music video was being recorded. The cover obviously features Rocky and Tyler, The Creator, but has a notable appearance from Jaden Smith.",,"Jul 23, 2018",,Front Cover,Used,
WANG$AP,WANG$AP [Logo],"The logo for the ""WANG$AP"" album shown at the end of the ""Potato Salad"" music video with the words ""coming soon"" underneath. ",N/A,N/A,,Other,Unused,
WANG$AP,WANG$AP [Covers + Photoshoot],"It has been said by insiders that there are multiple cover arts for the ""WANG$AP"" album. They also stated there was a full photoshoot for this. Potentially may have been their photoshoot in Paris for the ""Potato Salad"" music video, but that is not confirmed.",N/A,N/A,N/A,Other,Unused,
ALL $MILE$,"A$AP Ant - Mario Cart
(feat. A$AP Rocky) (prod. AR & Frans)","Remix art for A$AP Ant's ""Mario Cart"" featuring A$AP Rocky.",,"Aug 16, 2018",,Front Cover,Used,
ALL $MILE$,"Sundress
(prod. A$AP Rocky, Danger Mouse, Syk Sense, Héctor Delgado & Kevin Parker)","Single art for ""Sundress"".",,"Nov 20, 2018",,Front Cover,Used,
ALL $MILE$,"Comethazine - Walk (Remix)
(perf. A$AP Rocky) (prod. BHUNNA & Phlexnproductions)","Remix art for Comethazine's ""Walk"" perf. A$AP Rocky.",,"Mar 18, 2019",,Front Cover,Used,
ALL $MILE$,"BURNS - Energy
(perf. A$AP Rocky & Sabrina Claudio) (prod. BURNS)","Single art for BURNS' ""Energy"" perf. A$AP Rocky & Sabrina Claudio.",,"Apr 30, 2019",,Front Cover,Used,
ALL $MILE$,"A$AP Ferg - Pups
(feat. A$AP Rocky) (prod. Frankie P)","Single art for A$AP Ferg's ""Pups"" featuring A$AP Rocky.",,"May 9, 2019",,Front Cover,Used,
ALL $MILE$,Babuska Boi,"Single art for ""Babushka Boi"". First Rocky single to feature film-like themes on its cover. Other covers that would follow this idea are ""D.M.B."", ""Shittin' Me"" and ""Taylor Swift"".",,,,Front Cover,Used,
ALL $MILE$,Babuska Boi [Unused Cover],,MOONBASE,,,,,
GRIM,"Distraction [Alternate Cover]
(prod. Héctor Delgado)","Alternate cover of ""Distraction"" posted by HidjiWorld on his Instagram on Yams Day 2021, or January 18th. This cover is square unlike the ""G-Unit Rice"" and the other ""Distraction"" cover. ",HidjiWorld,"Jan 18, 2021",,Front Cover,Unused,
GRIM,"Distraction
(prod. Héctor Delgado)","The main ""Distraction"" cover posted by HidjiWorld on Instagram with the song on February 2nd, 2021. This cover is not high quality but rather seemingly a photo of a computer screen possibly. The cover uses elements of the music video which was previewed on Yams Day 2021, or January 18th. This cover matches the ""G-Unit Rice"" cover as well which was posted the same day and also designed by HidjiWorld.",HidjiWorld,"Feb 2, 2021",,Front Cover,Unused,
GRIM,"G-Unit Rice
(feat. Jean Dawson) (prod. Jean Dawson & Zach Fogarty)
(Racks On Me)","Cover art for ""G-Unit Rice"" posted by HidjiWorld on Instagram with the song on February 2nd, 2021. The cover uses elements of the music video posted by HidjiWorld on the same day. This cover matches the ""Distraction"" cover as well which was posted the same day and also designed by HidjiWorld.",Hidji World,"Feb 2, 2021",,Front Cover,Unused,
GRIM,"Rich Nigga Problems
(prod. DDot Omen, Dauphin Amir & Ali P)","Single art for the song ""Rich Nigga Problems"" which was featured on the ""Judas and the Black Messiah: The Inspired Album"" which was released on February 12th,  2021 and shares an identical cover to it.",N/A,"Feb 12, 2021",,Front Cover,Used,
GRIM,THE GRIM ,"It is possible that HidjiWorld created album art for ""THE GRIM"" similar to ""Distraction"" and ""G-Unit Rice"", but this is just speculation.",HidjiWorld,N/A,N/A,Front Cover,Rumored,
GRIM,"Dean Blunt - STOOZY
(feat. A$AP Rocky) (prod. Dean Blunt)","Cover art for ""STOOZY"" by Dean Blunt. The image is of stylist and designer Misa Hylton. The original photo seemingly comes from some sort of hair magazine section with Misa's style being called ""blonde pig tails"".",N/A,"Jun 8, 2021",,Front Cover,Used,
GRIM,"Dean Blunt - STOOZY [Original Image]
(feat. A$AP Rocky) (prod. Dean Blunt)","The original photo seemingly comes from some sort of hair magazine section with Misa's style being called ""blonde pig tails"".",N/A,N/A,,Other,Original Image,
GRIM,LIVE.LOVE.A$AP [Anniversary Cover] ,"The cover for the 10 year anniversary edition of A$AP Rocky's mixtape ""LIVE.LOVE.A$AP"" and is what is featured on streaming services. Features a different font and a birthmark on Rocky's eye representing A$AP Mob founder and Rocky's mentor, A$AP Yams.",Brock Fetch,"Oct 29, 2021",,Front Cover,Used,https://media.discordapp.net/attachments/1113173027048411166/1152677010288681010/IMG_2316.jpg
GRIM,LIVE.LOVE.A$AP [Alternate Anniversary Cover] ,"An alternate 10th anniversary cover for A$AP Rocky's mixtape ""LIVE.LOVE.A$AP"" with the image being colored instead of the normal black and white and doesn't feature A$AP Yams's birthmark.",Brock Fetch,"Oct 29, 2021",,Front Cover,Alternate,https://cdn.discordapp.com/attachments/1113173027048411166/1152677010565496903/IMG_3177.jpg
GRIM,LIVE.LOVE.A$AP [Animated Anniversary Cover] ,"A animated cover for the 10th anniversary edition of A$AP Rocky's mixtape ""LIVE.LOVE.A$AP"".",Brock Fetch,"Oct 29, 2021",,Other,Alternate,https://cdn.discordapp.com/attachments/1113173027048411166/1152677010938798110/IMG_3178.gif
GRIM,Arya,"Single art for Rocky and Nigo's ""Arya"" which features a picture of the two on a polaroid camera. Similar to the rest of the single covers from ""I Know NIGO!"".",N/A,"Jan 28, 2022",,Front Cover,Used,
GRIM,"$NOT - Doja
(feat. A$AP Rocky) (prod. Dee B)","The single art for the song ""Doja"" by $NOT which released on February 4th, 2022. The cover is identical to the cover for $NOT's ""Ethereal"" album.",N/A,"Feb 4, 2022",,Front Cover,Used,
GRIM,"A$AP Ant - The God Hour
(feat. A$AP Rocky) (prod. SpizzleDoe & Mannyvelli)","Single art for A$AP Ant's ""The God Hour"" featuring A$AP Rocky.",N/A,"Apr 1, 2022",,Front Cover,Used,
GRIM,"D.M.B. [Alternate Cover]
(prod. D33J, Shlohmo, Kelvin Krash, Skepta, Héctor Delgado & A$AP Rocky)","Early version of the ""D.M.B."" cover from when the song was teased a few days prior to release on May 3rd, 2022. This version has a brown tint on it compared to the main cover.",N/A,"May 3, 2022",,Front Cover,Alternate,
GRIM,"D.M.B.
(prod. D33J, Shlohmo, Kelvin Krash, Skepta, Héctor Delgado & A$AP Rocky)","Single art for ""D.M.B."". Reads ""A GHETTO LOVE TALE"" across the top of the cover which Rocky described his upcoming album to sound like. Follows the film-like theme from Babushka Boi.",N/A,"May 5, 2022",,Front Cover,Used,
GRIM,"Danger Mouse & Black Thought - Strangers
(feat. A$AP Rocky & Run The Jewels) (prod. Danger Mouse)","Single art for Danger Mouse & Black Thought's ""Strangers"" featuring A$AP Rocky & Run The Jewels.",N/A,,,Front Cover,Used,
GRIM,GRIM,"Fan art for ""GRIM"" made around Rolling Loud 2022 by an unknown artist. Seemingly officially acquired by Rocky at some point. Rocky was seen in 2023 holding a small briefcase with an alternate version of the artwork and later versions of the cover reworked for ""Don't Be Dumb"" also exist, suggesting this was most likely the main cover in use for ""GR1M"".",N/A,Sep 2022,,Front Cover,Unused,https://ibb.co/M1MHQ8t
GRIM,GRIM [Alternate Covers],While recording a music video in 2023 some alternate covers of the above is shown on his shirt with some white text in the top right not seen above and a separate cover similar to the two but with Japanese text. If someone can translate let us know.,N/A,N/A,,Front Cover,Unused,
GRIM,GRIM [Artwork/Cover] ,,N/A,Sep 2022,,Other,Rumored,
GRIM,GR1M,"Design with the ""GR1M"" seen in 2022 merch. This design could very possibly be a cover art, or just general artwork for the album at the time, but it is not confirmed. The high quality rip of the design is taken from AWGE.com.",N/A,N/A,,Other,Rumored,
GRIM,GRIM / GR1M [Belt/Logo],"Rocky's custom made $300,000 dollar ""GRIM"" or ""GR1M"" belt made by Alex Moss. In the main cover we use on the tracker the belt design is used but the red R is more pink so it's safe to assume there is more artwork made with a more accurate representation of the belt's colors.",Alex Moss,N/A,,Other,Rumored,
MISSING PARENTS,MISSING PARENTS,"Rocky and Lou had a DJ Group called ""Missing Parents"" for a portion of 2022, this being the profile picture of the group Instagram account.",,2022,,Promo,Used,
MISSING PARENTS,MISSING PARENTS,Album cover style art,,2022,,Front Cover,Used,
MISSING PARENTS,MISSING PARENTS,Promo used for their London set on the 28th of June 2022.,,2022,,Promo,Used,
DON'T BE DUMB,"Praise The Lord (Da Shine [Durdenhauer Edit]
(feat. Skepta) (prod. Durdenhauer & Skepta)","Single art for ""Praise The Lord (Da Shine) [Durdenhauer Edit]"" when it released on streaming on November 18th, 2022. Very similar to the ""TESTING"" album cover (the album the song is originally from) except in this version the color is purple instead of yellow and says the remix name instead of the album name.",,"Nov 18, 2022",,Front Cover,Used,
DON'T BE DUMB,"Dean Blunt - LONDON TONIGHT FREESTYLE
(feat. A$AP Rocky, Novelist & Skepta) (prod. Dean Blunt)","Single art for Dean Blunt's ""LONDON TONIGHT FREESTYLE"" featuring A$AP Rocky, Novelist & Skepta.",N/A,"Nov 21, 2022",,Front Cover,Used,
DON'T BE DUMB,"Smooky MarGielaa - Mamacita
(feat. A$AP Rocky) (prod. Héctor Delgado)","Single art for Smooky MarGielaa's ""Mamacita"" featuring A$AP Rocky.",N/A,"Dec 25, 2022",,Front Cover,Used,
DON'T BE DUMB,"Shittin' Me
(prod. Kelvin Krash)","Single art for ""Shittin' Me"", a song for the Need For Speed soundtrack and Rocky's upcoming album. Follows the film-like theme from some previous singles such as ""D.M.B."" & ""Babushka Boi"". Also features a bandaid that states the title of Rocky's upcoming album ""DON'T BE DUMB"".",N/A,"Dec 2, 2022",,Front Cover,Used,
DON'T BE DUMB,"Sh*ttin' Me
(prod. Kelvin Krash)","Single art for clean version of ""Sh*ttin' Me"", a song for the Need For Speed soundtrack and Rocky's upcoming album. Follows the film-like theme from some previous singles such as ""D.M.B."" & ""Babushka Boi"". Also features a bandaid that states the title of Rocky's upcoming album ""DON'T BE DUMB"".",N/A,"Dec 2, 2022",,Front Cover,Used,
DON'T BE DUMB,"Tailor Swif [V1]
(prod. Hitkidd)","Presumably earlier single art for the leaked track ""Taylor Swift"", also known as ""Wetty"". The cover was posted by Rocky in late 2022 / early 2023 and was deleted shortly after. Merch with the cover was put out in early 2023 as well but the song never got an official release, and as Rocky stated in a Complex interview it won't be on his album ""DON'T BE DUMB"". Follows the film-like theme from many previous singles ""Babushka Boi"", ""D.M.B."" and ""Shittin' Me"".",N/A,"Dec 8, 2022",,Front Cover,Unused,https://cdn.discordapp.com/attachments/1113173027048411166/1136874578510106686/9kpbsilez0va1.png
DON'T BE DUMB,"French Montana - Chit Chat
(feat. A$AP Rocky, Smooky MarGielaa, DJ Drama) (prod. DJ Drama)","Single art for French Montana's ""Chit Chat"" featuring A$AP Rocky, Smooky Margielaa & DJ Drama.",N/A,"Jan 6, 2023",,Front Cover,Used,
DON'T BE DUMB,Same Problems?,"Single art for ""Same Problems?"". Designed by Pierre Fischer who shared the image without text on his Instagram page. The cover shows Rocky with a American flag wrapped around him which may be a reference to his first studio album, ""LONG.LIVE.A$AP"" but this is unconfirmed.",Pierre Fischer,"Jan 18, 2023",,Front Cover,Used,
DON'T BE DUMB,RIOT (Rowdy Pipe'n),"Single art for ""RIOT (Rowdy Pipe'n)"". The original image without the text and Rocky in the middle was posted on Instagram.",N/A,"Jul 20, 2023",,Front Cover,Used,https://cdn.discordapp.com/attachments/1113173027048411166/1136875591547768923/IMG_4213.jpg
DON'T BE DUMB,"RIOT (Rowdy Pipe'n) 
[Unused Cover 1]",,Peter Cepeda,,,,,
DON'T BE DUMB,"RIOT (Rowdy Pipe'n) 
[Unused Cover 2]",,Pierre Fischer,,,,,
DON'T BE DUMB,DON'T BE DUMB [Placeholder Cover],"In July 2023 Metro Boomin posted a ""DON'T BE DUMB"" cover on his Instagram story. It is very similar to the all white placeholders but with some shadow effect at the top.",N/A,"Jul 21, 2023",,Front Cover,Alternate,
DON'T BE DUMB,"I Smoked Away My Brain (I’m God x Demons Mashup)
(with Clams Casino & Imogen Heap) (prod. Clams Casino)","Single art for ""I Smoked Away My Brain (I’m God x Demons Mashup)"". The image is just the 2021 re-release cover for the mixtape LIVE.LOVE.A$AP without the A$AP Yams birthmark.",Brock Fetch,"Aug 18, 2023",,Front Cover,Used,https://i1.sndcdn.com/artworks-oiVjwydmBDjh-0-original.jpg
DON'T BE DUMB,"Free Nationals - Gangsta
(with A$AP Rocky & Anderson .Paak) (prod. Anderson .Paak & Free Nationals)",,N/A,,,Front Cover,Used,https://i1.sndcdn.com/artworks-8DTso08DQ7kG-0-original.jpg
DON'T BE DUMB,DON'T BE DUMB [Placeholder Cover],"Placeholder art used for A$AP Rocky's 4th studio album ""DON'T BE DUMB""'s pre save page, not the final album art.",N/A,"Jun 21, 2024",,Front Cover,Alternate,https://cdn.smehost.net/formssonymusicfanscom-appirioprod/wp-content/uploads/2023/07/Image-10-scaled.jpeg
DON'T BE DUMB,DON'T BE DUMB [Placeholder Cover],,N/A,"Jun 21, 2024",,Front Cover,Alternate,
DON'T BE DUMB,"HIGHJACK
(feat. Jessica Pratt) (prod. Greg Kurstin, Jordan Patrick, Zach Fogarty & Hitkidd)",,N/A,"Aug 2, 2024",,Front Cover,Used,https://i1.sndcdn.com/artworks-TsYT7ib50S1T-0-original.jpg
DON'T BE DUMB,"DON'T BE DUMB [Concept Covers]
(art dir. Tim Burton)","In his Billboard interview, Rocky said that he played his album to Tim Burton and also wanted him to create the main cover though it never came through due to scheduling conflicts. It's heavily presumed there are concept covers for this.",Tim Burton,N/A,N/A,Concept Art,Rumored,
DON'T BE DUMB,"Tailor Swif [V2]
(prod. Hitkidd)",,N/A,"Aug 30, 2024",,Front Cover,Used,https://i1.sndcdn.com/artworks-m6YoX2c7MQCL-0-original.jpg
DON'T BE DUMB,"Ruby Rosary 
(feat. J. Cole) (prod. The Alchemist)",,Pierre Fischer,"Sep 6, 2024",,Front Cover,Used,https://is1-ssl.mzstatic.com/image/thumb/Music221/v4/83/49/46/834946f3-6c8d-6390-9f8e-f487cdc4facc/196872424621.jpg/3000x3000bb.jpg
DON'T BE DUMB,"Hanumankind & Kalmi - Big Dawgs (Remix)
(feat. A$AP Rocky) (prod. Kalmi)",,N/A,"Dec 6, 2024",,Front Cover,Used,https://is1-ssl.mzstatic.com/image/thumb/Music211/v4/3f/87/8d/3f878d59-1189-e53e-fb9c-1aa4490befa3/24UM1IM30934.rgb.jpg/3000x3000bb.jpg
DON'T BE DUMB,"Rolling Loud Los Angeles 2025 
[Promo #1]","Promo for Rocky's Rolling Loud Los Angeles 2025 performance on March 15th, 2025. Posted by AWGE on their Instagram story on March 14th, 2025. The design(s) take heavy inspiration from 1930's silent German films, aka German Expressionism.",N/A,"Mar 14, 2025",,Promo,Used,
DON'T BE DUMB,"Rolling Loud Los Angeles 2025 
[Promo #2]","Promo for Rocky's Rolling Loud Los Angeles 2025 performance on March 15th, 2025. Posted by AWGE on their Instagram story on March 14th, 2025. The design(s) take heavy inspiration from 1930's silent German films, aka German Expressionism.",N/A,"Mar 14, 2025",,Promo,Used,
DON'T BE DUMB,"Rolling Loud Los Angeles 2025 
[Promo #3]","Promo for Rocky's Rolling Loud Los Angeles 2025 performance on March 15th, 2025. Posted by AWGE on their Instagram story on March 14th, 2025. The design(s) take heavy inspiration from 1930's silent German films, aka German Expressionism.",N/A,"Mar 14, 2025",,Promo,Used,
DON'T BE DUMB,"Rolling Loud Los Angeles 2025 
[Promo #4]","Promo for Rocky's Rolling Loud Los Angeles 2025 performance on March 15th, 2025. Posted by AWGE on their Instagram story on March 14th, 2025. The design(s) take heavy inspiration from 1930's silent German films, aka German Expressionism.",N/A,"Mar 14, 2025",,Promo,Used,
DON'T BE DUMB,"Rolling Loud Los Angeles 2025 
[Promo #5]","Promo for Rocky's Rolling Loud Los Angeles 2025 performance on March 15th, 2025. Posted by AWGE on their Instagram story on March 14th, 2025. The design(s) take heavy inspiration from 1930's silent German films, aka German Expressionism.",N/A,"Mar 14, 2025",,Promo,Used,
DON'T BE DUMB,Rolling Loud Los Angeles 2025 [Unused #1],"Promo outtakes for Rocky's Rolling Loud Los Angeles 2025 performance on March 15th, 2025. The design(s) take heavy inspiration from 1930's silent German films, aka German Expressionism. One image features a parental advisory logo, potentially meaning it was an album cover.",N/A,N/A,,Promo,Unused,
DON'T BE DUMB,"pray4dagang
(feat. Kaycyy)",,,7/4/2025,,Front Cover,Used,
DON'T BE DUMB,"DON'T BE DUMB
[Official Album Cover]",,A$AP Rocky & Tim Burton,12/16/2025,,Front Cover,Used,
DON'T BE DUMB,"DON'T BE DUMB
[Mr Mayers Version]",,A$AP Rocky & Tim Burton,12/19/2025,,Front Cover,Used,
DON'T BE DUMB,"DON'T BE DUMB
[Mr Mayers Alternate Version]",,A$AP Rocky & Tim Burton,12/19/2025,,Back Cover,Used,
DON'T BE DUMB,"DON'T BE DUMB
[Mr Mayers Tracklist]",,A$AP Rocky & Tim Burton,,,Back Cover,Used,
DON'T BE DUMB,"DON'T BE DUMB
[Mr Mayers Booklet; Front Cover]",,A$AP Rocky,,,Packaging,Used,
DON'T BE DUMB,"DON'T BE DUMB
[Mr Mayers Booklet; Page 1]",,A$AP Rocky & Tim Burton,,,Packaging,Used,
DON'T BE DUMB,"DON'T BE DUMB
[Mr Mayers Booklet; Page 2]",,A$AP Rocky,,,Packaging,Used,
DON'T BE DUMB,"DON'T BE DUMB
[Mr Mayers Booklet; Page 3]",,A$AP Rocky & Tim Burton,,,Packaging,Used,
DON'T BE DUMB,"DON'T BE DUMB
[Mr Mayers Booklet; Page 4]",,A$AP Rocky & Tim Burton,,,Packaging,Used,
DON'T BE DUMB,"DON'T BE DUMB
[Mr Mayers Booklet; Page 5]",,A$AP Rocky & Tim Burton,,,Packaging,Used,
DON'T BE DUMB,"DON'T BE DUMB
[Mr Mayers Booklet; Page 6]",,A$AP Rocky & Tim Burton,,,Packaging,Used,
DON'T BE DUMB,"DON'T BE DUMB
[Mr Mayers Booklet; Back Cover]",,A$AP Rocky & Tim Burton,,,Packaging,Used,
DON'T BE DUMB,"DON'T BE DUMB
[Mr Mayers Printed Sleeve;
SIDE A & B]",,A$AP Rocky & Tim Burton,,,Packaging,Used,
DON'T BE DUMB,"DON'T BE DUMB
[Mr Mayers Printed Sleeve;
SIDE C & D]",,A$AP Rocky & Tim Burton,,,Packaging,Used,
DON'T BE DUMB,"DON'T BE DUMB
[GR1M Version]",,A$AP Rocky & Tim Burton,12/20/2025,,Front Cover,Used,
DON'T BE DUMB,"DON'T BE DUMB
[GR1M Alternate Version]",,A$AP Rocky & Tim Burton,12/20/2025,,Back Cover,Used,
DON'T BE DUMB,"DON'T BE DUMB
[GR1M Booklet; Front Cover]",,A$AP Rocky & Tim Burton,,,Packaging,Used,
DON'T BE DUMB,"DON'T BE DUMB
[GR1M Booklet; Page 1]",,,,,Packaging,Used,
DON'T BE DUMB,"DON'T BE DUMB
[GR1M Booklet; Page 2]",,A$AP Rocky & Tim Burton,,,Packaging,Used,
DON'T BE DUMB,"DON'T BE DUMB
[GR1M Booklet; Page 3]",,,,,Packaging,Used,
DON'T BE DUMB,"DON'T BE DUMB
[GR1M Booklet; Page 4]",,,,,Packaging,Used,
DON'T BE DUMB,"DON'T BE DUMB
[GR1M Booklet; Page 5]",,A$AP Rocky & Tim Burton,,,Packaging,Used,
DON'T BE DUMB,"DON'T BE DUMB
[GR1M Booklet; Page 6]",,,,,Packaging,Used,
DON'T BE DUMB,"DON'T BE DUMB
[GR1M Booklet; Back Cover]",,,,,Packaging,Used,
DON'T BE DUMB,"DON'T BE DUMB
[GR1M Insert]",,A$AP Rocky & Tim Burton,,,Packaging,Used,
DON'T BE DUMB,"DON'T BE DUMB
[Shirthead Version]",,A$AP Rocky & Tim Burton,12/20/2025,,Front Cover,Used,
DON'T BE DUMB,"DON'T BE DUMB
[Shirthead Alternate Version]",,A$AP Rocky & Tim Burton,12/20/2025,,Back Cover,Used,
DON'T BE DUMB,"DON'T BE DUMB
[Babushka Version]",,A$AP Rocky & Tim Burton,12/20/2025,,Front Cover,,
DON'T BE DUMB,"DON'T BE DUMB
[Babushka Alternate Version]",,A$AP Rocky & Tim Burton,12/20/2025,,Back Cover,,
DON'T BE DUMB,"DON'T BE DUMB
[Babushka Booklet; Front Page]",,,,,Packaging,Used,
DON'T BE DUMB,"DON'T BE DUMB
[Babushka Booklet; Page 1]",,,,,Packaging,Used,
DON'T BE DUMB,"DON'T BE DUMB
[Babushka Booklet; Page 2]",,,,,Packaging,Used,
DON'T BE DUMB,"DON'T BE DUMB
[Babushka Booklet; Page 3]",,,,,Packaging,Used,
DON'T BE DUMB,"DON'T BE DUMB
[Babushka Booklet; Page 4]",,,,,Packaging,Used,
DON'T BE DUMB,"DON'T BE DUMB
[Babushka Booklet; Back Cover]",,,,,Packaging,Used,
DON'T BE DUMB,"DON'T BE DUMB
[Rugahand Version]",,A$AP Rocky & Tim Burton,12/20/2025,,Front Cover,Used,
DON'T BE DUMB,"DON'T BE DUMB
[Rugahand Alternate Version]",,A$AP Rocky & Tim Burton,12/20/2025,,Back Cover,Used,
DON'T BE DUMB,"DON'T BE DUMB
[Dummy Version]",,A$AP Rocky & Tim Burton,12/20/2025,,Front Cover,Used,
DON'T BE DUMB,"DON'T BE DUMB
[Dummy Alternate Version]",,A$AP Rocky & Tim Burton,12/18/2025,,Back Cover,Used,
DON'T BE DUMB,"DON'T BE DUMB
[Mayers Family Version]",,A$AP Rocky & Tim Burton,"Jan 16, 2026",,Front Cover,Used,
DON'T BE DUMB,"DON'T BE DUMB
[Mayers Family Alternate Version]",,A$AP Rocky & Tim Burton,"Jan 16, 2026",,Back Cover,Used,
DON'T BE DUMB,"DON'T BE DUMB
[Group Version]",,A$AP Rocky & Tim Burton,"Jan 16, 2026",,Front Cover,Used,
DON'T BE DUMB,"DON'T BE DUMB
[Group Alternate Version]",,A$AP Rocky & Tim Burton,"Jan 16, 2026",,Back Cover,Used,
DON'T BE DUMB,"DON'T BE DUMB
[Mr Mayers + Group Version]",,A$AP Rocky & Tim Burton,,,Back Cover,Used,
DON'T BE DUMB,Punk Rocky,"Single cover art for ""Punk Rocky"", lead single for the 2026 version of DON'T BE DUMB. Art inspired by PaRappa the Rapper.",Kaden Peach & Pierre Fischer,"Jan 6, 2026",,Front Cover,Used,
DON'T BE DUMB,"Punk Rocky
[Alternate Cover]",Posted to Rocky's Instagram after Punk Rocky released.,,"Jan 6, 2026",,Back Cover,Unused,
DON'T BE DUMB,HELICOPTER,"Single cover art for ""HELICOPTER"", second single for the 2026 version of DON'T BE DUMB. Art inspired by the GTA series.",Pierre Fischer,"Jan 11, 2026",,Front Cover,Used,
DON'T BE DUMB,STOLE YA FLOW,"Single cover art for ""STOLE YA FLOW"", track 4 on the 2026 version of DON'T BE DUMB. Art inspired by Syphon Filter.",Pierre Fischer,"Jan 17, 2026",,Front Cover,Used,
DON'T BE DUMB,STOLE YA FLOW,"Disk style single cover art for ""STOLE YA FLOW"", track 4 on the 2026 version of DON'T BE DUMB. Art inspired by Syphon Filter.",Pierre Fischer,"Jan 17, 2026",,Front Cover,Used,
DON'T BE DUMB,BLACK DEMARCO,"Single cover art for ""AIR FORCE (BLACK DEMARCO"", track 11 on the 2026 version of DON'T BE DUMB. Art inspired by Crazy Taxi.",Pierre Fischer,"Jan 20, 2026",,Front Cover,Used,
DON'T BE DUMB,BLACK DEMARCO,"Disk style single cover art for ""AIR FORCE (BLACK DEMARCO)"", track 11 on the 2026 version of DON'T BE DUMB. Art inspired by Crazy Taxi.",Pierre Fischer,"Jan 20, 2026",,Front Cover,Used,
DON'T BE DUMB,"FLACKITO JODYE
(feat. Tokischa)","Single cover art for ""FLACKITO JODYE"", track 18 on the 2026 version of DON'T BE DUMB. Art inspired by Super Mario.",Pierre Fischer,"Jan 22, 2026",,Front Cover,Used,
DON'T BE DUMB,"FLACKITO JODYE
(feat. Tokischa) [alt cover]","Disk style single cover art for ""FLACKITO JODYE"", track 18 on the 2026 version of DON'T BE DUMB. Inspiration is unknown.",Pierre Fischer,"Jan 22, 2026",,Front Cover,Unused,
DON'T BE DUMB,"Jimmy Fallon ""HELICOPTER"" cover","Shown at the start of a ""HELICOPTER"" performance uploaded to Jimmy Fallon's socials. Art inspired by the GTA series.",Pierre Fischer,"Jan 21, 2026",,Promo,Used,
DON'T BE DUMB,DON'T BE DUMB Billboard Style Promo,,,N/A,,Other,Used,
DON'T BE DUMB,YAMS DAY Artwork,,,"Jan 18, 2026",,Promo,Used,
DON'T BE DUMB,"BILT x A$AP Rocky ""DON'T BE DUMB"" vinyl 
[BILT Version]",,,,,Front Cover,Used,
DON'T BE DUMB,"BILT x A$AP Rocky ""DON'T BE DUMB"" vinyl 
[BILT Version]",,,,,Back Cover,Used,
DON'T BE DUMB,"BILT x A$AP Rocky ""DON'T BE DUMB"" vinyl 
[Printed Sleeve; SIDE A]",,,,,Packaging,Used,
DON'T BE DUMB,"BILT x A$AP Rocky Exclusive Members ""DON'T BE DUMB"" vinyl 
[Printed Sleeve; SIDE B]",,,,,Packaging,Used,
DON'T BE DUMB,"BILT x A$AP Rocky ""DON'T BE DUMB"" vinyl 
[Printed Sleeve; SIDE C]",,,,,Packaging,Used,
DON'T BE DUMB,"BILT x A$AP Rocky ""DON'T BE DUMB"" vinyl 
[Printed Sleeve; SIDE D]",,,,,Packaging,Used,
DON'T BE DUMB,"BILT x A$AP Rocky ""DON'T BE DUMB"" vinyl 
[Center Label; SIDE A]",,,,,Packaging,Used,
DON'T BE DUMB,"BILT x A$AP Rocky ""DON'T BE DUMB"" vinyl 
[Center Label; SIDE B]",,,,,Packaging,Used,
DON'T BE DUMB,"BILT x A$AP Rocky ""DON'T BE DUMB"" vinyl 
[Center Label; SIDE C]",,,,,Packaging,Used,
DON'T BE DUMB,"BILT x A$AP Rocky ""DON'T BE DUMB"" vinyl 
[Center Label; SIDE D]",,,,,Packaging,Used,
DON'T BE DUMB,"Ty Dolla $ign - DECEMBER 31ST
(feat. A$AP Rocky & Tommy Revenge)",,Pierre Fischer,12/20/2025,,Other,Unused,
DON'T BE DUMB,"Ty Dolla $ign - DECEMBER 31ST
(feat. A$AP Rocky & Tommy Revenge)",,Pierre Fischer,12/20/2025,,Promo,Unused,
DON'T BE DUMB,"Quince x A$AP Rocky Exclusive ""DON'T BE DUMB"" Vinyl
[Quince Version]",,MOONBASE,Late December 2025,,Front Cover,Used,
DON'T BE DUMB,"Quince x A$AP Rocky Exclusive ""DON'T BE DUMB"" Vinyl
[Quince Version]",,,,,Back Cover,Used,
DON'T BE DUMB,"Quince x A$AP Rocky Exclusive ""DON'T BE DUMB"" Vinyl
[Printed Sleeve; SIDE A]",,,,,Packaging,Used,
DON'T BE DUMB,"Quince x A$AP Rocky Exclusive ""DON'T BE DUMB"" Vinyl
[Printed Sleeve; SIDE B]",,,,,Packaging,Used,
DON'T BE DUMB,"Quince x A$AP Rocky Exclusive ""DON'T BE DUMB"" Vinyl
[Printed Sleeve; SIDE C]",,,,,Packaging,Used,
DON'T BE DUMB,"Quince x A$AP Rocky Exclusive ""DON'T BE DUMB"" Vinyl
[Printed Sleeve; SIDE D]",,,,,Packaging,Used,
DON'T BE DUMB,"CashApp x A$AP Rocky Exclusive ""DON'T BE DUMB"" Vinyl",,,,,Front Cover,Used,
DON'T BE DUMB,"DON'T BE DUMB
[Don't Be A Dummy Version]",,A$AP Rocky & Tim Burton,,,Front Cover,Unused,
DON'T BE DUMB,DON'T BE DUMB,,,N/A,,Other,Unused,
