Era,Name,Notes,Length,Date Made,Type,Available Length,Quality,Link(s),Location,Director(s),In Circulation?
,"Deep Blue $trips
(Deep Blue Strips, Deep Blu $trips)",,,,,,,,,,
,Released,,,,,,,,,,
Deep Blue $trips,"BR!NK
(prod. Yeat)
(Brink!)",Official music video for track 3 on Deep Blue Strips. Presented by Internet Hippy and shot by Brix Work.,2:09,"Oct 20, 2018",,Officially Released,,https://youtu.be/5tKjBuv3x0M,,Brix Work,Officially Released
,Wake Up Call,,,,,,,,,,
,Released,,,,,,,,,,
Wake Up Call,"Stay Up
(prod. Mike Frost)",Official music video for track 7 on Wake Up Call. Presented by ELEVATOR.,2:12,"Feb 21, 2019",,Officially Released,,https://youtu.be/mdC4RIdDWjc,,Mason Luckiewicz,Officially Released
,"Elegance
(Elegance!)",,,,,,,,,,
,Unreleased,,,,,,,,,,
Elegance,"recap
(prod. YoungBoyBrown)","OG Filename: recap222222
Music video behind the scenes previewed by Yeat on Twitter (now X) in a Tweet captioned ""Stiff as hell when i heard the sirens 🤣🏃🏼‍♀️"" on March 12, 2019. File dated March 21, 2019. Shot by Adin Penner on March 8, 2019 and edited by Mason Luckiewicz. Leaked on November 4, 2025.",1:44,"Mar 21, 2019",,Full CDQ,,https://imgur.gg/f/0wZZlas,"1530 NE Martin Luther King Jr Blvd
Portland, OR 97232
United States",,Full CDQ
,"Different Creature
(Collaboration with Clibbo)",,,,,,,,,,
,Released,,,,,,,,,,
Different Creature,"Cant Think
(prod. Clibbo)
(Can't Think)","Video Title: Cant Think - Yeat [Dir. UselessFilms]
Deleted official music video for track 4 on Different Creature.",2:27,"Aug 21, 2019",,Deleted Release,,"https://youtu.be/H655dMr8U78
https://imgur.gg/f/qh2ThTT",,UselessFilms,Deleted Release
Different Creature,"Goat Emoji
(prod. Clibbo)","Video Title: Yeat - Goat Emoji [Dir. by @JackRottier]
Official music video for track 1 on Different Creature. Directed by Jack Rottier.",2:37,"Sep 28, 2019",,Officially Released,,https://youtu.be/hhZVXi8OlwY,"6102 Highland Pl
West New York, NJ 07093
United States
40°47'10.06""N 74°00'21.13""W",Jack Rottier,Officially Released
,"I'm So Me
(Im $o Me)",,,,,,,,,,
,Released,,,,,,,,,,
I'm So Me,Feel like E.T,"Official music video for ""Feel Like E.T."" Shot and edited by mxlkeyy. Previewed by Yeat on Twitter (now X) in a tweet captioned ""Feel like E.T 👽🛸🏄🏼‍♂️"" on October 25, 2019.",,"Dec 11, 2019",,Deleted Release,,"https://youtu.be/o1lRkQhEWr4
https://imgur.gg/f/gJtqWxm",,,Deleted Release
I'm So Me,"Deadrising
(prod. Clibbo & Oogie Mane)
(Dead Rising)","Video Title: Deadrising - Yeat (prod. Clibbo & OogieMane) [shot @rsevn | @mxlkeyy]
Official music video for ""Dead Rising."" Shot by rsevn and mxlkeyy.",2:17,"Dec 21, 2019",,Deleted Release,,"https://youtu.be/RLc70Hqbsrw
https://pillows.su/f/357422062ebcde000089eb05d0d488a0",,,Deleted Release
,Unreleased,,,,,,,,,,
I'm So Me,"Roxy
(prod. Rok & Outtatowntobias)",Official music video for track 13 on I'm So Me.,,,,N/A,,Link Needed,,,Possibly
I'm So Me,"Speak On It / I'm So Me [V1]
(prod. Zack Beitel)","OG Filename: Speak on it im so me ROUGH
Rough version of the music video for track 1 on I'm So Me.",,,,Full CDQ,,https://pillows.su/f/38ca18872cf8428dc43636d042b6f024,,,Full CDQ
I'm So Me,"Speak On It / I'm So Me [V2]
(prod. Zack Beitel)","OG Filename: Speak on it im so me Final
Final version of the music video for track 1 on I'm So Me.",,,,Full CDQ,,https://pillows.su/f/4e5c82273671219af24e128f9e86b139,,,Full CDQ
,DC2,,,,,,,,,,
,Unreleased,,,,,,,,,,
DC2,"Fyed UP
(prod. Clibbo)","OG Filename: Yeat Music Vid NEW
Official music video for ""Fyed up."" Directed by Nextel, shot by Mason Luckiwicz and edited by Nitetive. Shot on September 20, 2020 and file exported on January 3, 2021. Teased in Nitetive Tumblr posts on February 17, 2021 and August 24, 2021. Leaked on April 20, 2022, with the OG file leaking two days later.",2:55,"Jan 3, 2021",,Full CDQ,,https://imgur.gg/f/QRvOB0R,"8410 Grand View Dr.
Los Angeles, CA 90046
United States",Nextel,Full CDQ
,"Hold Ön
(Hold On)",,,,,,,,,,
,Unreleased,,,,,,,,,,
Hold Ön,"Nobu
(prod. Arena)","Music video for track 1 on Hold Ön, ""Nobu."" Behind-the-scenes footage of the music video dated October 17, 2020 surfaced on June 15, 2025.",,,,N/A,,https://imgur.gg/f/w5KIKKF,"405 Washington Blvd
Venice, CA 90292
United States
33°58'53.40""N 118°27'49.25""W",Unknown,No Evidence
,Alivë,,,,,,,,,,
,Released,,,,,,,,,,
Alivë,"GOONIE - zaza
(feat. Yeat & Kankan) (prod. BenjiCold)","Official music video for track 5 on This Thing of Ours Vol. 2 by GOONIE. Directed by @lil_nextel, shot by @iamkamn, and edited by @malxk. Previewed by malxk in an Instagram post on December 24, 2020.",2:46,"Jan 17, 2021",,Officially Released,,https://youtu.be/h_1qkrKBDUM,"646 St Paul Ave
Los Angeles, CA 90017
United States
",Nextel,Officially Released
Alivë,"Oh eX whY
(prod. T99 & Ayymbo)",Official music video for track 4 on Alivë. Presented by HONEST and directed by Jack Rottier.,2:28,"Apr 8, 2021",,Officially Released,,https://youtu.be/qsjt7ejIusY,"3420 Blair Dr 
Los Angeles, CA 90068
United States",Jack Rottier,Officially Released
Alivë,"Bäk 2 BED
(prod. Mino)
(Bak 2 BED)","Official music video for track 5 on Alivë. Hosted by Wav Guide, shot by Nextel, and edited by Malxk. Music video previewed by Malxk on Twitter on April 23, 2021.",3:14,"Apr 23, 2021",,Officially Released,,https://youtu.be/qokQVHknaMU,"3420 Blair Dr 
Los Angeles, CA 90068
United States",Nextel,Officially Released
,"4L
(4L with us)",,,,,,,,,,
,Released,,,,,,,,,,
4L,"Kankan - X & Oxy
(feat. Yeat) (prod. sharkboy & superkid)
(X n Oxy)","Official music video for ""X & Oxy"" by Kankan featuring Yeat. Directed by Maurtinez and edited by Malxk. Likely shot between May 8 and May 17, 2021.",2:57,"May 30, 2021",,Officially Released,,https://youtu.be/QvptUoDksTA,,Maurtinez,Officially Released
4L,"Talk 2 God
(prod. iankon)","Official music video for track 10 on 4L. Shot on May 7, 2021. Hosted by Wav Guide and directed by Vanity20k and Malxk.",2:49,"Jun 20, 2021",,Officially Released,,https://youtu.be/z5sJN2sw6ls,"536 Seaton Street
Los Angeles, CA 90013
United States
34°02'25.52""N 118°14'13.86""W","Vanity20k
Malxk",Officially Released
4L,"Sorry Bout That
(prod. Trgc & sharkboy)
(Not sorry)","Official music video for track 2 on 4L. Contains extra effects and a slow and reverb at the end. Directed by JayJay Thakar and Speederrr and edited by MOSHPIT. Previewed by moshpxt on Instagram and Twitter (now X) on June 23, 2021.",3:31,"Jun 24, 2021",,Officially Released,,https://youtu.be/YLlB1RYrP3k,"1015 Hilgard Ave, 
Los Angeles, CA 90024
United States","JayJay Thakar
Speederrr",Officially Released
4L,"Money Twërk
(prod. Trgc)
(Money Twerk, Margëlly, Margelly)",Official music video for track 16 on 4L. Shot by Jack Rottier and edited by WorldWideFilms.,2:20,"Jul 13, 2021",,Officially Released,,https://youtu.be/Udi5-qWw4Dw,"Palms Place Hotel
4381 W Flamingo Rd
Las Vegas, NV 89103
United States",Jack Rottier,Officially Released
,Trëndi,,,,,,,,,,
,Released,,,,,,,,,,
Trëndi,"Fukit
(prod. Rision)","Video Title: Fukit [Official Music Vidëo]
Official music video for track 2 on Trëndi. Shot on July 3, 2021. Shot by Jack Rottier and edited by Satchfilms.",2:28,"Aug 8, 2021",,Officially Released,,https://youtu.be/6dPMOotLMiQ,"2551 Mercantile Way, 
Barstow, CA 92311
United States
34°50'46.31""N 117°04'53.64""W",Jack Rottier,Officially Released
Trëndi,"Mad bout that
(prod. sharkboy & Yeat)","Video Title: YEAT - MAD BOUT THAT ( Official Music Video ) [ Created by ‪@MOSHPXT‬ & ‪@jackrottier‬ ]
Official music video for track 1 on Trëndi. Shot around July 18, 2021. Directed and edited by MOSHPXT and Jack Rottier.",2:11,"Aug 15, 2021",,Officially Released,,https://youtu.be/-As2ehJX8Pk,"747 Indiana Ave
Venice, CA 90291
United States","Moshpxt
Jack Rottier",Officially Released
,Up 2 Më [V3],,,,,,,,,,
,Released,,,,,,,,,,
Up 2 Më [V3],"Gët Busy
(prod. Flansie & Skimayne)
(Get Busy, Here's a bell)","OG Filename: get busy master 4k
Official music video for track 6 on Up 2 Më. Shot on August 18, 2021. Edited and shot by Satch Films and Jack Rottier. OG file for the music video leaked on April 17, 2026.",2:43,"Aug 29, 2021",,Officially Released,,"https://youtu.be/bd5l5NtzoWc
https://pillows.su/f/70abc523d7f87741e0875b11dabcdc55","8198 Uphill Rd
Joshua Tree, CA 92252
United States"," Satch Films
Jack Rottier",Officially Released
Up 2 Më [V3],"Ya Ya
(prod. Rio Leyva & Synthetic)","Official music video for track 10 on Up 2 Më. Directed by DotComNirvan. DP: AR Visuals / Lost Noise. Music video previewed by Yeat on Twitter (now X) on September 9, 2021.",2:18,"Sep 11, 2021",,Officially Released,,https://youtu.be/JiNE7r9GVTs,,DotComNirvan,Officially Released
Up 2 Më [V3],"Turban
(prod. Artist)",Official music video track 15 on Up 2 Më. Shot in July 2021. Directed by DotComNirvan. DP: Rick Lancaster.,2:35,"Sep 13, 2021",,Officially Released,,https://youtu.be/yvtvUYXDNkQ,"3201 Maple Ave
Los Angeles, CA 90011
United States",DotComNirvan,Officially Released
Up 2 Më [V3],"Lët ya know
(prod. Bred & Pink)
(Let ya know)","Official music video for track 4 on Up 2 Më. Shot by Foodeatschris and Garbage grand, and edited by WorldWideFilms.",2:33,"Sep 18, 2021",,Officially Released,,https://youtu.be/0qZLiN5ONNU,"1248 Westwood Blvd
Los Angeles, CA 90024
United States",,Officially Released
Up 2 Më [V3],"Trëndy way
(feat. SeptembersRich) (prod. sharkboy)","Official music video for track 8 on Up 2 Më. Shot on September 19, 2021. Directed and edited by DotComNirvan.",3:20,"Sep 24, 2021",,Officially Released,,https://youtu.be/xLqvIaxMIRw,"3321 Bonnie Hill Dr
Los Angeles, CA 90068
United States",DotComNirvan,Officially Released
Up 2 Më [V3],"Got Rich
(prod. F1LTHY)","Official music video for track 3 on Up 2 Më. Shot on September 17, 2021. Shot and edited by Moshpxt.",2:03,"Sep 29, 2021",,Officially Released,,https://youtu.be/I87OWDHBXbU,,Moshpxt,Officially Released
Up 2 Më [V3],"Cmon
(prod. Flansie & Skimayne)","Official music video for track 1 on Up 2 Më. Presented by Moshpxt and directed and edited by JayJay Thakar and Jack Rottier. Shot on or before August 29, 2021.",1:44,"Oct 4, 2021",,Officially Released,,https://youtu.be/E_GmzW__MRA,,"JayJay Thakar
Jack Rotier",Officially Released
,Unreleased,,,,,,,,,,
Up 2 Më [V3],"U could tëll
(prod. Yeat & SUBZEROSWIZ)
(U could tell)","Unreleased music video for track 11 on Up 2 Më. Shot on October 6, 2021.",,,,LQ Snippet,,https://pillows.su/f/72111e8f3f279a942b53020207ca39fa,,,No Evidence
,Guest Appearances,,,,,,,,,,
Up 2 Më [V3],"SeptembersRich - Perky Dreams
(prod. Rio Leyva)","Official music video for ""Perky Dreams"" by SeptembersRich, which Yeat is a guest in, despite not featuring on the track. Presented by Wav Guide, shot by Nextel, and edited by flameboy. Shot between August 6 and August 22, 2021.",1:56,"Aug 22, 2021",,Officially Released,,https://youtu.be/ZQ8GaRa2DX4,,,Officially Released
,2 Alivë,,,,,,,,,,
,Released,, ,,,,,,,,
2 Alivë,"Kankan - AMG C63
(prod. YEAT & Rio Leyva)","Official music video for ""AMG C63"" by Kankan, originally hosted by co-producer Rio Leyva on SoundCloud on June 23, 2021. Co-produced by YEAT.",2:26,"Sep 15, 2021",,Officially Released,,https://youtu.be/_p5TZtbM08Y,,"DotComNirvan
Tycho Burwell
Kankan",Officially Released
2 Alivë,"CHUXXI - Appear
(feat. Yeat) (prod. maajins)
(Rackie Fitness)","Released on @MIGGYLAND's YouTube but now removed. Shot on September 6, 2021.",2:32,"Oct 15, 2021",,Deleted Release,,"https://youtu.be/6D78KkZ9a_w
https://pillows.su/f/aa7eb7e1c192c2bc12eeb90790d3cd50","Los Angeles River
Los Angeles, CA 90031
United States
34.07959° N, 118.22640° W",MIGGYLAND,Full CDQ
2 Alivë,"All of it
(feat. Yung Kayo) (prod. Synthetic, starboyrob, Darkboy Santana & Jack Zorana)","OG Filename: Yeat Yung KAyo All Of It Music Video NEW
Official music video for ""All of it"" featuring Yung Kayo. Shot on September 21, 2021. The video was exported on October 31, 2021 and its OG file leaked on April 27, 2022.",2:41,"Oct 31, 2021",,Officially Released,,"https://youtu.be/pXIdpFsyTdo
https://imgur.gg/f/cWotSjZ","17901 Medley Dr 
Encino, CA 91316
United States",Jack Rottier,Officially Released
2 Alivë,"Yung Kayo - YEET
(feat. Yeat) (prod. Warpstr)
(fleek')","Official music video for ""YEET"" by Yung Kayo featuring Yeat. Shot on September 23, 2021. Directed and edited by JayJay Thakar with additional footage by speederrr.",2:39,"Jan 27, 2022",,Officially Released,,https://youtu.be/WiMCjqZK6t8,,JayJay Thakar,Officially Released
2 Alivë,"Still Countin
(prod. Rision, mTwenty, Synthetic & Ninetyniiine)","Official music video for lead single and track 20 on 2 Alivë. Previews ""Poppin"" at the end of the video. Directed and edited by Cole Bennett with Lyrical Lemonade.",3:29,"Feb 10, 2022",,Officially Released,,https://youtu.be/URCH1W1yiug,"24573 Piuma Rd
Malibu, CA 90265
United States",Cole Bennett,Officially Released
2 Alivë,"On tha linë
(prod. Hue & Dreamawake)
(On tha line)","Official music video for track 8 on 2 Alivë. Shot on January 21, 2022.",2:49,"Mar 1, 2022",,Officially Released,,https://youtu.be/QfKBrsRBncI,"55 Rue Pierre Charron
75008 Paris, France

Charles de Gaulle-Étoile
75008 Paris, France
48.87464° N, 2.29594° E",,Officially Released
2 Alivë,"Poppin
(prod. BenjiCold)","Official music video for track 1 on 2 Alivë. Directed by Cole Bennett with Lyrical Lemonade. Shot on February 20, 2022.",2:53,"Mar 16, 2022",,Officially Released,,https://youtu.be/bHDWrnlIqfQ,"Cal Poly Pomona (Campus South) 
Crescent Dr
Pomona, CA 91768
United States
34.03990° N, 117.81027° W

555 W Bonita Ave
San Dimas, CA 91773
United States",Cole Bennett,Officially Released
2 Alivë,"Nvr again
(prod. Trgc & bart how)","Official music video for track 4 on 2 Alivë. Uses the original version of the track, where the beat does not cut out at all (1:08) and Trgc's tag is at every 8 bars. Shot February 1, 2022 and edited by Jack Rottier.",2:47,"Dec 31, 2022",,Officially Released,,https://youtu.be/n0iZ4eZqp90,"61521 Alta Loma Dr
Joshua Tree, CA 92252
United States",Jack Rottier,Officially Released
2 Alivë,"Luh gëek
(prod. GeoGotBands)
(luh geek)","Official music video for track 5 on 2 Alivë. Presented Moshpxt / HONEST. Shot on December 14, 2021. Directed and edited by JayJay Thakar and Jack Rottier. Previewed by Moshpxt in an Instagram Live on August 27, 2022. Accidentally made public by Moshpxt on YouTube then quickly privated, before then being made public. Moshpxt later posted an Instagram Story captioned ""HiJacked.""",2:57,"Jun 7, 2024",,Officially Released,,https://youtu.be/crByR4_boUg,"849 N Curson Ave
Los Angeles, CA 90046
United States","JayJay Thakar
Jack Rottier",Officially Released
,Lyfë,,,,,,,,,,
,Released,,,,,,,,,,
Lyfë,"Out thë way
(prod. BNYX® & Snapz)
(Out the way)","Official music video for track 3 on Lyfë. Shot on September 7, 2022 around in between 12 AM to 2 AM EST. Presented by Lyrical Lemonade, directed by Cole Bennett, virtual production by Scissor Films, EP by Sam Malko, VP Producer Joe Grayem, VP Coordinator & UE Artist Tyler Mammoser, and UE Assist Sean Adair.",2:35,"Sep 9, 2022",,Officially Released,,https://youtu.be/mbbq2gnOcQo,,Cole Bennett,Officially Released
Lyfë,"Rich Minion
(prod. Lotto)","Official Lyrical Lemonade trailer for Minions: The Rise of Gru, using ""Rich Minion"" by Yeat.",2:54,"Jun 28, 2022",,Officially Released,,https://youtu.be/7fX2kMaiMGI,,Cole Bennett,Officially Released
,Guest Appearances,,,,,,,,,,
Lyfë,"SeptembersRich - Keep Cryin
(prod. YMAR, Synthetic & GeoGotBands)","Official music video for ""Keep Cryin"" by SeptembersRich, which Yeat is a guest in, despite not featuring on the track.",1:57,"Apr 15, 2022",,Officially Released,,https://youtu.be/kpGWMRFyIxk,,Unknown,Officially Released
Lyfë,"SeptembersRich - EDD Hit 50
(prod. BenjiCold)","Official music video for ""EDD Hit 50"" by SeptembersRich, which Yeat is a guest in, despite not featuring on the track.",2:45,"Jul 2, 2022",,Officially Released,,https://youtu.be/TxVVpr_2qDo,"1410 Miller Dr
Los Angeles, CA 90069
United States"," Imani Pina
Elijah Harris",Officially Released
,Lyfëstyle [V1],,,,,,,,,,
,Released,,,,,,,,,,
Lyfëstyle [V1],"bigger thën everything
(prod. BNYX®, ​shadyboy & Pierfrancesco Pasini)
(biggër then everything, bigger then everything)","Official music video for ""biggër then everything."" Presented by Lyrical Lemonade and directed and shot on or before June 16, 2023 by Cole Bennett.",4:08,"Aug 10, 2023",,Officially Released,,https://youtu.be/_f0ftiBSvRs,,Cole Bennett,Officially Released
,2093,,,,,,,,,,
,Released,,,,,,,,,,
2093,"Riot & Set it off
(prod. Yeat & star boy)
(R!0t then set it off, Riot then set it off)","Official music video for track 13 on 2093. Director: @treylyons. Executive Producer: @luigirossi.tv. Executive Producer / Creative Producer: @davidwept. Producer: @wyattwhitaker. On December 3, 2023, Yeat announced on Instagram Stories that a music video would be filmed for the song in Los Angeles on December 4 at 10 PM and invited people 18+ to show up, and followed up with another story in which he said ""Its gonna be a R!0T."" The text ""YEAT - R!OT"" was displayed. The music video released later in the day, after the album released at midnight.",2:45,"Feb 16, 2024",,Officially Released,,https://youtu.be/n28xgaiXy8g,"Cal Poly Pomona (Campus South) 
Crescent Dr
Pomona, CA 91768
United States
34.03990° N, 117.81027° W",Trey Lyons,Officially Released
2093,"U Should Know
(prod. Dulio & Neile)","Official music video for track 7 on 2093. Shot in November of 2023. Director: Bogdan “@chilldays” Plakov. CEO: Noah Olivier Smith. 1st AD: Yeat. Executive Producer: Zack Bia. Produced by: Josh Fallas and Bogdan Plakov. Director of Photography: Mike Koziel. Edit & Color: Domenico Nicoletti (No Text Azienda). 1st AC: James Chrosniak. Camera PA: Kenya Shiina. Camera Provided by Capsule Rentals. Cars Provided by Era Picture Cars. Picture Car Coordinators: Sebastian Rodriguez, James Chrosniak and Maliqal Fadli Akbar. Tokyo Local Fixer and Location Scouting: Yusuke Okada.",3:12,"Feb 23, 2024",,Officially Released,,https://youtu.be/H9lmz6dFhi8,"1 Chidoricho, Kawasaki Ward, Kawasaki, Kanagawa 210-0865, Japan",chilldays,Officially Released
2093,"Breathe
(prod. bart how & star boy)","Official music video for track 3 on 2093. Shot on or before February 5, 2024.",2:51,"Mar 20, 2024",,Officially Released,,https://youtu.be/zWaVz9m3S_k,,Felix Brady,Officially Released
,Unreleased,,,,,,,,,,
2093,"Run Thëy Mouth
(prod. ICE, GeoGotBands & Yeat)
(Run They Mouth)","Possibly only a visualizer. Zoomed-in video snippet previewed by Yeat in an Instagram Story on January 4, 2024. A full screen snippet of the video was then previewed by @yeatfeed in an Instagram post on the same day. Shot on or before November 5, 2023.",,"Jan 4, 2024",,HQ Snippet,,"https://pillows.su/f/4555308d45038fdb9538ef5fcab65201
https://pillows.su/f/3404cb27c224cd4928604346b09914b8","4-chōme-2 Shibakōen
Minato City
Tokyo 105-0011
Japan
35°39'28""N 139°44'44""E",,No Evidence
,LYFESTYLE [V2],,,,,,,,,,
,Released,,,,,,,,,,
LYFESTYLE [V2],"BNYX® & Yeat - GO AGAIN [Music Video]
(feat. Superheaven) (prod. BNYX®)
(VALORANT, Youngest Daughter)","Official music video for ""GO AGAIN"" by BNYX® and Yeat featuring Superheaven. Shot on or before July 22, 2024.",3:46,"Aug 30, 2024",,Officially Released,,https://youtu.be/Rd6tU9zhprY,,Joshua Medina,Officially Released
LYFESTYLE [V2],"GO2WORK
(with Summrs) (prod. Synthetic, venny, Yung Robin & tctheplaymaker)
(go2work)","Official music video for track 10 on LYFESTYLE. Shot around and teased by Yeat and Summrs on September 28, 2024. Directed by Jack Rottier & Alex Edep; Edited by: DUMBDAYS!; Director of Photography: Joshua Libertine; Creative Director / Executive Producer: Zack Bia; Producer: Shooter Visuals; 1st AD: Zylo Hefferan; 2nd AD: Vinny Schuetz; Steadicam Operator: Donavyn Suffel; 1st AC: Amir Rose-Aminifu; 2nd AC: 70mm; Production Manager: Chloe Rainn; VFX: aid6n, BabyAve, RCY, & DUMBDAYS!; CRT Scans: Niall Proctor; Colorist: Lisa Torres; Sound Design: Chris Fleming; Product Designs: Grimy ; Art; Director: Vanessa Plaza Lazo; Art Assistants: Ana Espinosa; Jib Operator: Cole Overholser ; Jib Tech: Ryan Fitzgerald; FPV: Eddie Lancaster; Gaffer: Drizza; Kep Grip: Nik Toslan; Best Boy: Omar Pena; G&E; Swing: Jobe Juneau; BTS: Mina Sundwall & Matt Ty; Production Assistants: Nande Kalenga, Clemente Thomas, Denver Nelson, Dylan Nichols, Graham Sellers, Kahlo Gradillas, Vikram Iyer. a DUMBDAYS! & Honest Production.",3:52,"Oct 23, 2024",,Officially Released,,https://youtu.be/NEFEwfPcXRA,,"Jack Rottier
Alex Edep",Officially Released
LYFESTYLE [V2],"FLYTROOP
(prod. Synthetic, xbrvdy, omgzanoza & sharkboy)
(flytroop, SKARY, EMBARASSIN COMPARISON, KRAZY)","Official music video for track 14 on LYFESTYLE. The New York scenes were shot around Sepember 26, 2024.",2:51,"Nov 14, 2024",,Officially Released,,https://youtu.be/jMB38Jb3b0Q,,Apex Visions,Officially Released
,Unreleased,,,,,,,,,,
LYFESTYLE [V2],"THE COSTËS
(prod. Synthetic, venny, omgzanoza & Primo)
(the coste, The Coste)","Unreleased music video for ""THE COSTËS"" was leaked to exist on February 1, 2026.",,,,N/A,,N/A,,,N/A
,LYFESTYLE DIGITAL DELUXE,,,,,,,,,,
,Released,,,,,,,,,,
LYFESTYLE DIGITAL DELUXE,"5BRAZY
(with Quavo) (prod. Synthetic, sharkboy, upmadeit & Ski Pass)
(5BRAZY REMIX, two pills three pills)","Official music video for track 26 on LYFESTYLE DIGITAL DELUXE.

Directed by: @alexedep
Edited by: @dumbdays_
Executive Producer: @zackbia
DP: @cqshoots
1st AC: @albertonunes96
Gaffer: Cody Cook
B-Cam Operators: @albertonunes96, @giulio.rose.giannini, @qt.pi
Production Coordinator: @giulio.rose.giannini
PA: @ddddreww
Production Car Coordinator: @srodriguez92
VFX: @babyave, @19visuals_, @i.n.z.a.n.i.t.y, @biohazardvfx
VFX Producer (BiohazardVFX): Parth Gupta @nuke_fx
Lead Artist (BiohazardVFX): Nicholai Vogel @nicholai.exe
3D Asset Artist (BiohazardVFX): Miguel Fernandes @miguelfernandes.vfx
Color: @tinytapes @babyave
Sound Design: @pslmsmn
Titles/VCR: @niallproctor
End Credits: @sureshot.sammy @archivedotpf",3:21,"Oct 30, 2024",,Officially Released,,https://youtu.be/4XxnTAwyxus,,Alex Edep,Officially Released
,DANGEROUS SUMMER,,,,,,,,,,
,Released,,,,,,,,,,
DANGEROUS SUMMER,"Anyma - Work
(feat. Yeat) (prod. Anyma, Sapjer & Gino Nano)","Official music video for ""Work"" by Anyma featuring Yeat.",2:54,"Apr 4, 2025",,Officially Released,,https://youtu.be/jbuLqTV_jso,,Unknown,Officially Released
DANGEROUS SUMMER,"The Bell (Real Lyfe Shit)
(prod. Synthetic, Primo & Cai Burns)
(The Bell)","Official music video for ""The Bell.""

Directed/Edited by: @alexedep @dumbdays_
Shot by: @cqshoots @alexedep
Executive Producer: @zackbia
Producer: @shootervisualz
Production Manager: @carefreejrod
Additional Footage by: @philiphoangx  @qt.pi @brennanadams_ @cultcert
Drone: @joeyfpvx
1st AC: @philiphoangx
2nd AC / Drone Assist: @calebkeller.film 
Gaffer: @isaacmarz
BBG: @cinemeon
Key Grip: @valtabianjr
Production Assistants: @tonydiemondz @lolranalol @qt.pi
Picture Cars: @josh909348 @adrian.llanes.94 @nochillbryantt
Title GFX: @reduciano
Color: @braxtonapana",2:47,"Apr 19, 2025",,Officially Released,,https://youtu.be/0nF3FUwhVOw,"81-800 51st Ave
Indio, CA 92201
United States","Alex Edep
DUMBDAYS!™",Officially Released
DANGEROUS SUMMER,"FEËL NO WAYZ (YEAT MIX)
(prod. 40 & Jordan Ullman)
(Feël no wayz (Yeat mix), Feel no wayz, Feel no way, Feel No Ways)","Video Title: FEËL NO WAYZ (YEAT MIX) [OFFICIAL VISUALIZËR]
Official visualizer for ""Feël no wayz (Yeat mix).""",3:00,"May 1, 2025",,Officially Released,,https://youtu.be/eU1dNdQJy00,,Unknown,Officially Released
DANGEROUS SUMMER,"IM YEAT (Real Lyfe Shit)
(with BNYX®) (prod. BNYX® & Sapjer)
(I'M YEAT)","Official music video for ""IM YEAT.""",3:20,"Jul 18, 2025",,Officially Released,,https://youtu.be/pohQezw8VRw,"Kurhausstrasse 65
8032 Zürich, Switzerland

2330 Chemin des Mûres
83310 Grimaud
France
43°17'43.96""N 6°35'10.97""E

gen. Michała Tokarzewskiego-Karaszewicza 1 
00-068 Warszawa, Poland
52°14'29.48""N 21°00'52.37""E","Alex Edep
DUMBDAYS!™",Officially Released
DANGEROUS SUMMER,"LOOSE LEAF
(prod. Synthetic, Fendii, Orin & Wheretfisray)
(STUNTS)","Official music video for track 3 on DANGEROUS SUMMER, ""LOOSE LEAF."" Likely shot on June 18, 2025. Directed by EDGLRD and executive produced by Harmony Korine.",2:30,"Aug 5, 2025",,Officially Released,,https://youtu.be/bZnXa8WLr1o,"2301 Normandy Dr
Miami Beach, FL 33141
United States","EDGLRD
Harmony Korine",Officially Released
DANGEROUS SUMMER,"PUT IT ONG
(prod. BNYX®, Sapjer, Elkan & Lucid)
(PUT THAT SHIT ONG, PTSOG)","Lyrical Lemonade music video teased by Cole Bennett and Zack Bia on Instagram on July 27, 2025. Shot on July 16, 2025 from 2 PM EST to July 17, 2025 at 2 AM EST.",3:15,"Aug 1, 2025",,Officially Released,,https://youtu.be/oDvMcJZqYrY,"60 Park Rd
The Royal Town of Sutton Coldfield
Birmingham, Sutton Coldfield B73 6BU
United Kingdom
52°33'56""N 1°49'52""W",Cole Bennett,Officially Released
DANGEROUS SUMMER,"COMË N GO
(prod. BNYX® & Sapjer)
(COME N GO)","Official music video for ""COMË N GO."" Shot on August 16 and 18, 2025 in Germany.",3:19,"Aug 27, 2025",,Officially Released,,https://youtu.be/QqzXvvdk3bQ,"Domkloster 4
Deutz
50679 Cologne
Germany

Lanxess Arena
Willy-Brandt-Platz 3
50667 Cologne
Germany","Alex Edep
DUMBDAYS!™
Yeat",Officially Released
,ADL,,,,,,,,,,
,Released,,,,,,,,,,
ADL,"Joji & Yeat - PIXELATED KISSES (Remix)
(prod. Joji)","Official music video for ""PIXELATED KISSES (Remix)"" by Joji and Yeat. Directed and edited by mamesjao. Yeat's segments in the music video were seemingly shot on November 17, 2025.",2:22,"Dec 3, 2025",,Officially Released,,https://youtu.be/dzIZOJBLGtM,,mamesjao,Officially Released
ADL,"Don Toliver & Yeat - Rendezvous
(prod. 206derek, BBYKOBE, Bangs & Rio Leyva)
(Diamonds, DIAMONDS, TWIN TURBO, TWINTURBO)","Official music video for track 3 on OCTANE by Don Toliver, ""Rendezvous"" with Yeat. Shot in Los Angeles, California on January 16, 2026.",2:37,"Feb 2, 2026",,Officially Released,,https://youtu.be/_yHlFQqFLS0,"217 W 6th St
Los Angeles, CA 90014
United States",Cole Bennett,Officially Released
ADL,"Made It On Our Own
(with EsDeeKid) (prod. Mathaius Young & Lucid)
(We Made It)","Official music video for ""MADE IT ON OUR OWN"" with EsDeeKid. Shot at The Embassy, Drake's mansion in Toronto, on February 2, 2026, and pays homage to Drake's ""Toosie Slide"" music video. Includes guest appearances from Chicago Bears quarterback Caleb Williams and Lyrical Lemonade's Cole Bennett. Existence leaked by @insiderhubx on X (formerly Twitter).",2:56,"Feb 26, 2026",,Officially Released,,https://youtu.be/k2_bhC5E0mc,"21 Park Lane Circle
North York, ON M3B 1Z8
Canada",Director X,Officially Released
ADL,"N@KED
(prod. Yeat, Rampa, Wondra & Malachiii)
(Naked, NAKED, Different Lights, All These Lights)","Official music video for track 14 on ADL: 𝒜 𝒟𝒶𝓃𝑔𝑒𝓇𝑜𝓊𝓈 𝐿𝑜𝓋𝑒, ""Naked."" Includes guest appearance from Ice Spice. Pays homage to the official music video to ""Miserable"" by Lit.",1:35,"Apr 1, 2026",,Officially Released,,https://youtu.be/I0Mo8TH2q3w,"GUM Studios C
162 44th Street
Brooklyn, NY 11232
United States",Yeat,Officially Released
,Guest Appearances,,,,,,,,,,
ADL,"Zukenee - SKIP ROCKS
(prod. K6WYA & Zach Geitner)","Official music video for track 5 on KNIGHT SHIFT by Zukenee, ""SKIP ROCKS,"" which Yeat is a guest in, despite not featuring on the track.",1:51,"Dec 2, 2025",,Officially Released,,https://youtu.be/mzBncH5GgI4,,MudRoute,Officially Released
,Ongoing,,,,,,,,,,
,Released,,,,,,,,,,
Ongoing,"BNYX®, Yeat, Peso Pluma & Bizarrap - fuëgo
(prod. BNYX® & Bizarrap)
(ALL U WANT, Juice)","Music video for fourth single for GENESIS FM by BNYX® and track 7 on the album. Teased by BNYX® in an Instagram post on his birthday on April 23, 2026.",4:05,"May 14, 2026",,Officially Released,,https://youtu.be/_CGFKVcjogQ?si=SHHfNgMfXST7Zb1_,,Salty,Officially Released
