Era,Name,Notes,Image,Type,Used?,Link(s)
Aviation Class, TOO FLY KID,unknown purpose,,Unknown,Unknown,https://imgur.com/a/HrguQkt
Killing Me Softly,???,"One of the $ir Cartier covers was Carti in a gas mask. Prolly from Killing Me Softly era, cause we dont have many singles from this era.",,Album Cover,Yes,https://i.ibb.co/DHtzvpTS/NVj-Lc-ZW-Imgur.png
Killing Me Softly,Killing Me Softly,"Coverart for Carti's 2010 or 2011 project ""Killing Me Softly. The album uses the same image as it’s cover as Nas’s NASIR, even though the album was concieved 6 years before NASIR.",,Album Cover,Yes,https://yungcarti.tumblr.com/image/4992098042
THC: The High Chronicals,The High Chronicals,"The art for Playboi Carti's (then known as $ir Cartier) mixtape ""The High Chronicals""",,Album Cover,Yes,https://i.ibb.co/3Y04DsRv/6q1d-Uzi.png
THC: The High Chronicals,Living Reckless,Cover of Living Reckless,,Single Art,Yes,https://imgur.com/a/TsdiPry
THC: The High Chronicals,Carolina Blue [OG Cover],"Carolina Blue's OG Cover without any edits, found in Carti's Tumblr.",,Single Art,No,https://yungcarti.tumblr.com/post/16736117122
THC: The High Chronicals,Carolina Blue sir cartier,Coverart for Carolina Blue,,Single Art,Yes,https://www.tumblr.com/yungcarti/28800670244/click-photo-to-listen
Kream,Sir Cartier - Carolina Blue (chopped n screwed by A$3 CliChe),Cover art for Sir Cartier - Carolina Blue ( chopped n screwed by A$3 CliChe ) Cover art made by @DiamondsnCaviar,,Single Art,Yes,https://imgur.com/a/ZlxOWGx
Kream,Kream,Coverart for Kream. The project later evolved into Young Mi$fit.,,Album Cover,No,https://www.tumblr.com/yungcarti/27219823849/sir-cartier?source=share
Kream,Blue Crystals,Coverart for Blue Crystals,,Single Art,Yes,https://www.tumblr.com/yungcarti/33237590308/download-new-song-from-ir-cartier-x-sean-frizz-x
Kream,Blue Crystals,Alternate cover posted on a now hacked Soundcloud page,,Single Art,Yes,https://imgur.com/a/DKbRXwe
Young Mi$fit,Sir Cartier [YT profile picture],Carti officially posted his new profile picture in 2012 on his TUMBLR.,,Other,Yes,https://www.tumblr.com/yungcarti/34500291143/ir-cartier
Young Mi$fit,$teeze,Single art for $teeze,,Single Art,Yes,https://i.ibb.co/KjNgK7hn/tumblr-m851q8-CZLr1qfnd2oo1-500.jpg
Young Mi$fit,Promo for $TEEZE,"Promo for when $TEEZE dropped, found in Carti's Tumblr.",,Poster,Yes,https://yungcarti.tumblr.com/post/28801702007/httplimelinxcomdyqj3
Young Mi$fit,TFZ,Logo of Carti's & his friends primary collective called TFZ (The Fucking Zombies),,Logo,Yes,https://imgur.com/a/kJeae0J
Young Mi$fit,Young Mi$fit [OG Cover],OG cover for Young Mi$fit,,Album Cover,No,https://www.tumblr.com/yungcarti/34903727229/young-mi-fit-very-soon
Young Mi$fit,Young Mi$fit [OG Cover],"This cover was also used as Carti's (yungcarti)Tumblr avatar
Image Taken 8.30.14",,Album Cover,No,https://i.ibb.co/Y7cCJ8xb/tumblr-static-33frjclu8pog0ckg4wwwwwc4g.jpg
Young Mi$fit,Young Mi$fit,"The art for Playboi Carti's (then known as $ir Cartier) mixtape ""Young Mi$fit""",,Album Cover,Yes,https://yungcarti.tumblr.com/post/35510686793/new-mixtape-from-ir-cartier-click-photo-to
Young Mi$fit,Young Mi$fit,"The back art for Playboi Carti's (then known as $ir Cartier) mixtape ""Young Mi$fit""",,Album Cover,No,https://i.ibb.co/fdkGNNn5/https-images-genius-com-f4eda2f3fd0f5d61815e81f1bfd6463d-500x500x1.png
Young Mi$fit,36ILLVILLIAN$,Single art for 36ILLVILLIAN$. ,,Single Art,Yes,https://www.tumblr.com/yungcarti/41526780521/li-ten-now
Young Mi$fit,Promo for Zombie Night,Promo for TFZ's Zombie Night found in Carti's Tumblr.,,Poster,Yes,https://yungcarti.tumblr.com/post/33237577277/tfz-brainclub-10-x-27-x-12
Young Mi$fit,Promo for Zombie Night,Promo for TFZ's Zombie Night found in his friend's Tumblr.,,Poster,Yes,https://64.media.tumblr.com/tumblr_mbmy6zF49Z1qfnd2oo1_640.jpg
Young Mi$fit,Zombie$,Coverart for Zombie$,,Single Art,Yes,https://www.tumblr.com/yungcarti/42241062926?source=share
Sen$ation,For My Set,Single art for For My Set,,Single Art,Yes,https://imgur.com/a/dFM8w6i
Sen$ation,OUTCHEA, Single art for Outchea,,Single Art,Yes,https://imgur.com/a/RZDTYqb
Sen$ation,H2O,Single art for H2O,,Single Art,Yes,https://imgur.com/a/EfkIIOd
Sen$ation,Terror Shit,Single art for Terror Shit,,Single Art,Yes,https://imgur.com/a/O3cBtpj
Sen$ation,$ensation [OG Cover],Cover for $ensation's Music Video,,Album Cover,No,https://yungcarti.tumblr.com/post/46547701177/tonight-930-carti-outchea-music-video
Sen$ation,$ensation,"Coverart for $ensation. Uses the ""Pricedown"" font (or GTA font)",,Album Cover,Yes,https://yungcarti.tumblr.com/post/56500225020
Sen$ation,10kk A Couple Thousand$ For The Hoe$,Cover art for 10kk A Couple Thousand$ For The Hoe$,,Single Art,Yes,https://imgur.com/a/wA1jxR6
Awful Records,YUNGXANHOE,Single art for YUNGXANHOE,,Single Art,Yes,https://imgur.com/a/pwukY7p
Awful Records,Heavy,Single art for Heavy,,Single Art,Yes,https://imgur.com/a/lcyQLue
Awful Records,Know Nothing Presents Frank Whitelemon sits down with Playboi Carti,Art for first Carti Interview ever with Frankwhitelemon,,Other,Yes,https://imgur.com/a/H9Ot3Ej
Awful Records,Holyfield,Single art for Holyfield. ,,Single Art,Yes,https://i.ibb.co/xSKq8jCD/tumblr-n34gd5k-Ekv1qfnd2oo1-1280.jpg
Awful Records,Various,"The art for a few of Playboi Carti's SoundCloud singles including ""YUNGXANHOE"", ""Heavy"", ""Talk"", ""#PRAY #4 #ME"", ""Smash"", ""Smash Pt. 2"" & ""Chill Freestyle"".",,Single Art,Yes,https://imgur.com/n8f6NOq
Awful Records,YUNGXANHOE [3rd Cover],3rd cover art for YUNGXANHOE,,Single Art,Yes,https://imgur.com/a/Pu5vZuM
Awful Records,Bag Interlude,"The art for Playboi Carti's released song ""Bag Interlude"".",,Single Art,No,https://imgur.com/WD7C5Ld
Awful Records,Lost,Single art for Lost,,Single Art,Yes,https://imgur.com/a/wjeoAqV
Awful Records,Southside Freestyle,Single art for Southside Freestyle,,Single Art,Yes,https://imgur.com/a/wYdvKXU
Awful Records,Pray4Me/Sauce,Single art used for #Pray #4 #Me and Sauce. This cover was also used by Carti as a profile picture for his Tumblr account,,Single Art,Yes,https://open.spotify.com/album/6aNvYB45feYv7pKEpyXTSm?si=lM7_B4o6Sk-1UBOxlhuscg
Awful Records,I GOT ///ÐЄPRЄ$$ЄÐ+ĦØЄ$///,Single art for Slug † Christ – I GOT ///ÐЄPRЄ$$ЄÐ+ĦØЄ$///  feat. Playboi Carti,,Feature,Yes,https://imgur.com/a/l8IsNcj
Awful Records,By Myself / No Help [OG cover],OG cover of By myself / No Help,,Single Art,Yes,https://imgur.com/a/5zTK3gA
Awful Records,By Myself / No Help,"The art to Playboi Carti's single ""By Myself / No Help"".",,Single Art,Yes,https://imgur.com/dP0bnho
Awful Records,Pollari - FeFe ,Single art for Pollari - FeFe feat. Playboi Carti,,Feature,Yes,https://imgur.com/a/lcRw0fn
Awful Records,Pollari - FeFe [Alt],Alt single art for Pollari - FeFe feat. Playboi Carti,,Feature,Unknown,https://imgur.com/a/ylRZEaB
Awful Records,Smash,Single art for Smash,,Single Art,Yes,https://imgur.com/a/hURpeGY
Awful Records, Smash [2nd cover],2nd cover for Smash,,Single Art,Yes,https://imgur.com/a/y5pWpF3
Awful Records,Smash Pt. 2,Single art for Smash Pt. 2,,Single Art,Yes,https://imgur.com/a/fsoRpst
Awful Records, Smash Pt. 2 [2nd cover],2nd cover for Smash Pt. 2,,Single Art,Yes,https://imgur.com/a/zj6ijze
Awful Records,Mercedez,Single art for Mercedez,,Single Art,Yes,https://imgur.com/a/xHiupki
Awful Records,How Could I Worry [og],OG cover of How Could I Worry,,Single Art,Yes,https://imgur.com/a/P0Bq8HH
Awful Records,How Could I Worry,Single art for How Could I Worry,,Single Art,Yes,https://imgur.com/a/IWZoG2f
Awful Records,Chill freestyle,Single art for Chill freestyle,,Single Art,Yes,https://imgur.com/a/9OTwdPv
Awful Records,Broke Boi [2nd cover],2nd cover of Broke Boi,,Single Art,Yes,https://imgur.com/a/WslrrPk
Awful Records,"Fetti
(with Da$h & Maxo Kream)","The art to Playboi Carti, Da$h & Maxo Kream's single ""Fetti"".",,Single Art,Yes,https://imgur.com/WOWl3dv
Awful Records,Luh da feelin,Single art for Playboi Carti & Slug Christ - Luh da feelin,,Single Art,Yes,https://imgur.com/a/dQoIfc2
Awful Records,Death In Tune,"The art to Playboi Carti's EP ""Death In Tune"".",,Single Art,Yes,https://imgur.com/a/4ejXs2b
Chucky Era,4tspoon,Single art for Yung Bans - 4tspoon feat. Playboi Carti,,Feature,Yes,https://imgur.com/a/31bVtKz
Chucky Era,Whole Thang,UnoTheActivist - Whole Thang feat. Playboi Carti,,Feature,Yes,https://imgur.com/a/IkfJnqS
Chucky Era,Come here,Single art for Ethereal - Come here feat. Playboi Carti,,Feature,Yes,https://imgur.com/a/KfPotaK
Chucky Era,Robber,Single art for Robber,,Single Art,Yes,https://imgur.com/a/qirlwgv
Chucky Era,Wit The Fanta LSD II,Single art for Cultie - Wit The Fanta LSD II feat. Playboi Carti,,Feature,Yes,https://imgur.com/a/VnC8iJ1
Chucky Era,Wit The Fanta LSD II [2nd cover],2nd cover art for Cultie - Wit The Fanta LSD II feat. Playboi Carti ,,Feature,Yes,https://imgur.com/a/MaSdQZJ
Chucky Era,Peepin,Single art for Gucci Mane - Peepin feat. Playboi Carti & 21 savage,,Feature,Yes,https://imgur.com/a/cwr0Vdr
Chucky Era,TALK (ICYTWAT Remix),Single art for Playboi Carti - Talk (ICYTWAT Remix),,Single Art,Yes,https://imgur.com/a/YEMZiPg
Chucky Era,TALK (ICYTWAT Remix) Alt,Single alternate art for Playboi Carti - Talk (ICYTWAT Remix),,Single Art,Yes,https://imgur.com/a/0U82JAF
Chucky Era,The Omen,"The art to Playboi Carti's single ""The Omen"".",,Single Art,Yes,https://imgur.com/a/bP2ZkR4
Chucky Era,Milkshake (Remix),"The art to Playboi Carti's single ""Milkshake (Remix)"".",,Single Art,Yes,https://imgur.com/3GeetQ0
Chucky Era,Don't Tell Nobody,"The art to Playboi Carti's single ""Don't Tell Nobody"".",,Single Art,Yes,https://imgur.com/b1xzOYu
Chucky Era,Ohh,Single art for Playboi Carti - Ohh ,,Single Art,Yes,https://imgur.com/a/sJWYcRA
Chucky Era,Ohh [Alt],Alt single art for Playboi Carti - Ohh,,Single Art,Yes,https://imgur.com/a/4CYtiOp
Chucky Era,What We Doin' [Alt], Alt single art for Playboi Carti - What We Doin',,Single Art,Yes,https://imgur.com/a/CvWd4ul
Chucky Era,What We Doin',Single art for Playboi Carti - What We Doin',,Single Art,Yes,https://imgur.com/a/BEFLRxC
Chucky Era,Fake AF - Remix,Single art for Father - Fake AF - Remix feat. Playboi Carti,,Feature,Yes,https://i.ibb.co/gZRm0PmZ/fake-af-art.webp
Chucky Era,Beef,Single art for Ethereal - Beef feat. Playboi Carti,,Feature,Yes,https://imgur.com/a/ULaDjFe
Chucky Era,Splur Gang,Single art for Playboi Carti - Splur Gang feat. UnoTheActivist & ThouxanbandFouni,,Single Art,Yes,https://imgur.com/a/ZfDC6iY
Chucky Era,2DOOR,Single art for LAMB$ & TrapMoneyBenny  - 2DOOR  feat. Playboi Carti,,Feature,Yes,https://imgur.com/a/sFzE1h2
Chucky Era,Just a Dream,Single art for Brandon Thomas - Just a dream feat. Playboi Carti and ManMan Savage,,Feature,Yes,https://imgur.com/a/NvEzy2L
Chucky Era,Every Since,Single art for Playboi Carti - Every Since feat. UnoTheActivist & ThouxanbandFouni,,Single Art,Yes,https://imgur.com/a/pFL3OVV
Chucky Era,Purple Pool,Single art for Neako - Purple Pool feat. Playboi Carti,,Feature,Yes,https://imgur.com/a/GQLrzcV
Chucky Era,Too Much Dope,Single art for KEY! - Too Much Dope feat. Playboi Carti,,Feature,Yes,https://imgur.com/a/aywnqPY
Chucky Era,Paper,Single art for Playboi Carti - Paper,,Single Art,Yes,https://imgur.com/a/qepBFDJ
Chucky Era,"UnoTheActivist - Ever Since
(feat Playboi Carti & Thouxanbanfauni)",Single art for Ever since,,Single Art,Yes,https://imgur.com/a/3Z0wVA2
Chucky Era,PLAYBOIFRE$H FREESTYLE,Single art for Playboi Carti - PLAYBOIFRE$H FREESTYLE,,Single Art,Yes,https://imgur.com/a/go0Gk5l
Chucky Era,Plug,Single art for Rich The Kid - Plug feat. Playboi Carti,,Feature,Yes,https://imgur.com/a/LuTkKvC
Chucky Era,Sneak Dissin',Single art for Playboi Carti - Sneak Dissin',,Single Art,Yes,https://imgur.com/a/4XKQey1
Chucky Era,Dem Callin',Single art for Ramriddlz - Dem Callin'  feat. Playboi Carti,,Feature,Yes,https://imgur.com/a/h3Yx7Rg
Chucky Era,4 The People,Single art for Ethereal - 4 The People feat. Playboi Carti,,Feature,Yes,https://imgur.com/a/jqsJZo6
Chucky Era,Run It,Single art for Digital Nas - Run It feat.  Playboi Carti & Lil Yachty ,,Feature,Yes,https://imgur.com/a/8ndjwec
Ca$h Carti Season,Snow,Single art for Kewbrik - Snow feat. Playboi Carti & Dantes,,Feature,Yes,https://imgur.com/a/UqAljqJ
Ca$h Carti Season,3 Chains,"Single art for 3 chains feat. Rich The Kid
",,Single Art,Yes,https://imgur.com/a/BxRd2hl
Ca$h Carti Season,Left Right, Art for Playboi Carti & Lil Uzi Vert - Left Right single,,Single Art,Yes,https://imgur.com/a/747PwyV
Ca$h Carti Season,Left Right Tour,Left Right Tour Poster,,Poster,Yes,https://imgur.com/a/IYxlCIF
Ca$h Carti Season,Left Right Tour,Left Right Tour Poster,,Poster,Yes,https://imgur.com/a/xpGtQwv
Ca$h Carti Season,WHAT  ,Single art for WHAT feat. UnoTheActivist,,Single Art,Yes,https://imgur.com/a/xR5LWEh
Ca$h Carti Season,Dallas,Single art for Joey Fatts - Dallas (feat. Playboi Carti),,Feature,Yes,https://imgur.com/a/ZrZJZ52
Ca$h Carti Season,Ghost,KEY! - Ghost feat. Playboi Carti,,Feature,Yes,https://imgur.com/a/Fa3cD9G
Ca$h Carti Season,WHAT REMIX,"Single art for Chris Fresh - WHAT REMIX (feat. Playboi Carti, MadeinTYO, Lil Yachty & UnoTheActivist)",,Feature,Yes,https://imgur.com/a/TWw6IEM
Ca$h Carti Season,4 in da cup,Single art for Teddy - 4 in da cup feat. Playboi Carti,,Feature,Yes,https://imgur.com/a/4tVItsO
Ca$h Carti Season,Action,Single art for Joey Fatts - Action (feat. Playboi Carti & A$AP Nast),,Feature,Yes,https://imgur.com/a/8N5fi8z
Ca$h Carti Season,Scope,Single art for ReddSmash - Scope feat. Playboi Carti & ManMan Savage,,Feature,Yes,https://imgur.com/a/QOwPVYj
Ca$h Carti Season,Hard To Breathe,"Single art for Ca$h Out - Hard To Breathe feat. Playboi Carti
",,Feature,Yes,https://imgur.com/a/J8knGps
Ca$h Carti Season,$TEP,Single art for $TEP feat. Yung Gleesh,,Single Art,Yes,https://imgur.com/a/znQmmDF
Ca$h Carti Season,No Pressure,Single art for Rich The Kid - No Pressure feat. Playboi Carti,,Feature,Yes,https://imgur.com/a/G8ZJnXh
Ca$h Carti Season,Dumb Hoe,Single art for Jace - Dumb Hoe feat. Playboi Carti,,Feature,Yes,https://imgur.com/a/ESJHAKS
Ca$h Carti Season,Booted Up,Single art for DJ Twin - Booted Up feat. Playboi Carti & Sean Kingston,,Feature,Yes,https://imgur.com/a/7JAr1Nn
Ca$h Carti Season,Pump Fake,Single art for Pump Fake!(Freestyle),,Single Art,Yes,https://imgur.com/a/olKmz0L
Ca$h Carti Season,Speedy Gonzales,Single art for Justin Rose - Speedy Gonzales feat. Playboi Carti
,,Feature,Yes,https://imgur.com/a/1L7sAqs
Ca$h Carti Season,IN THE PARTY,Single art for Spade Guwop - IN THE PARTY feat. Playboi Carti & Johnny Cinco,,Feature,Yes,https://imgur.com/a/gr3KyJS
Ca$h Carti Season,Make Some Blow,Single art for Make Some Blow,,Single Art,Yes,https://imgur.com/a/HsMXYW4
Ca$h Carti Season,Geek On a Bitch,Single art for Famous Dex - Geek On a Bitch (Remix) feat. Playboi Carti,,Feature,Yes,https://imgur.com/a/NZvEv90
Ca$h Carti Season,Black n White,Single art for Black n White,,Single Art,Yes,https://imgur.com/a/fLqs4nC
Ca$h Carti Season,I'm Too Cold,"Supposed cover art for ""I'm Too Cold"".",,Single Art,No,https://imgur.com/a/sK5XETC
Playboi Carti,Telephone Calls,"Single art for A$AP Mob - Telephone Calls (feat. A$AP Rocky, Tyler The Creator, Playboi Carti & Yung Gleesh)
",,Feature,Yes,https://imgur.com/a/u94QVGD
Playboi Carti,Lemme Know,Single art for Ethereal - Lemme Know (feat. Playboi Carti),,Feature,Yes,https://imgur.com/a/Ug8NTjA
Playboi Carti,Clouted Up,Single art for Clouted Up,,Single Art,Yes,https://imgur.com/a/pfKNkBB
Playboi Carti,Broke Boi,"The art to Playboi Carti's single ""Broke Boi"" for Spotify release",,Single Art,Yes,https://imgur.com/jrMNqXE
Playboi Carti,Margiela Roof,Single art for Swaghollywood - Margiela Roof  (feat. Playboi Carti),,Feature,Yes,https://imgur.com/a/G8EtIC6
Playboi Carti,LOOKIN,Single art for Lookin (feat. Lil Uzi Vert),,Single Art,Yes,https://imgur.com/a/6zsjamw
Playboi Carti,Sleeping With My 9,Single art for Sleeping With My 9 (feat. UnoTheActivist),,Single Art,Yes,https://imgur.com/a/WGSH8x4
Playboi Carti,wokeuplikethis*,Single art for wokeuplikethis* (feat. Lil Uzi Vert),,Single Art,Yes,https://i.ibb.co/vCG1dsMX/Playboi-Carti-wokeuplikethis-cover-svg.png
Playboi Carti,Playboi Carti,"OG Self Titled album cover, that Carti uploaded onto his twitter account.",,Album Cover,No,https://twitter.com/playboicarti/status/840732898655371264?lang=en
Playboi Carti,Playboi Carti,"The album art to Playboi Carti's mixtape ""Playboi Carti"". Cover was shot at the Clout House in LA.",,Album Cover,Yes,https://imgur.com/aPKBETd
Playboi Carti,Playboi Carti [CD/Vinyl],"Alternate album art for Playboi Carti's mixtape ""Playboi Carti"" used exclusively for physical releases.",,Album Cover,Yes,https://imgur.com/7OciBNZ
Playboi Carti,Playboi Carti [CD/Vinyl],"Alternate album art for Playboi Carti's mixtape ""Playboi Carti"" used exclusively for physical releases.",,Other,Yes,https://imgur.com/a/VlmAxAb
Playboi Carti,Playboi Carti [CD/Vinyl],"Alternate album art for Playboi Carti's mixtape ""Playboi Carti"" used exclusively for physical releases.",,Other,Yes,https://imgur.com/a/2foZ8gO
Playboi Carti,Playboi Carti [CD/Vinyl],"First part of the tracklist for Playboi Carti's Mixtape ""Playboi Carti"" used exclusively for physical releases.",,Other,Yes,https://imgur.com/a/4XVeJ1Z
Playboi Carti,PLAYBOI CARTI [CD/Vinyl],"Second part of the tracklist for Playboi Carti's Mixtape ""Playboi Carti"" used exclusively for physical releases.",,Other,Yes,https://imgur.com/a/VzwNJPq
Playboi Carti,Playboi Carti [CD/Vinyl],"Playboi Carti mixtape ""Playboi Carti"" CD art",,Other,Yes,https://imgur.com/a/dc2PkV9
Playboi Carti,"
PLAYBOI CARTI",Playboi Carti logo from Self Titled era,,Logo,Yes,https://imgur.com/a/5F0PRym
Playboi Carti,PLAYBOI CARTI TOUR,"Poster of ""PLAYBOI CARTI"" tour",,Poster,Yes,https://imgur.com/a/KfK1d4l
Playboi Carti,PLAYBOI CARTI TOUR,"Promotional poster for the ""PLAYBOI CARTI"" tour",,Other,Yes,https://imgur.com/a/MsiyuuZ
Playboi Carti,PLAYBOI CARTI TOUR,"Second promotional poster for the ""PLAYBOI CARTI"" tour",,Other,Yes,https://imgur.com/a/tsVdz4y
16*29,IM WIT THE SQUAD,Cover art used for when Chinatown dropped the song on Soundcloud,,Single Art,Yes,https://t2.genius.com/unsafe/340x340/https%3A%2F%2Fimages.genius.com%2Fdde2412eda065c8c74e79d2bee50f2f3.500x500x1.jpg
16*29,Bankroll,"Single art for DP Beats - Bankroll (feat. Lil Uzi Vert & Playboi Carti)

The cover is fanmade, however, it is still somewhat official since DP Beats ended up using it.",,Single Art,Yes,https://imgur.com/a/NPvWWuV
16*29,Bankroll,Alternate cover of Bankroll posted by DP Beats on IG. Doesn't have the text underneath and has a slightly bigger Parental Advisory Content logo.,,Single Art,Partial,https://imgur.com/a/bVefVtA
Die Lit,Green & Purple,Single art for Travis Scott - Green & Purple (feat. Playboi Carti),,Feature,Yes,https://imgur.com/a/wdY9tai
Die Lit,RAF,"Single art for A$ap Mob - RAF (feat. Frank Ocean, A$AP Rocky, Playboi Carti, Quavo & Lil Uzi Vert)",,Feature,Yes,https://imgur.com/a/IeZTlHE
Die Lit,Summer Bummer,Single art for Lana Del Rey - Summer Bummer (feat. A$AP Rocky & Playboi Carti),,Feature,Yes,https://imgur.com/a/Xm34IPU
Die Lit,WWTW,Single art for Yung Gleesh - WWTW (feat. Playboi Carti & Lil Yachty),,Feature,Yes,https://i.ibb.co/0yBdr3Pd/artworks-000235816291-fd1hb6-t1080x1080.jpg
Die Lit,All Of Them,Single art for Rich The Kid - All Of Them (feat. Playboi Carti),,Feature,Yes,https://imgur.com/a/gHdrHmz
Die Lit,Butterfly Coupe,SIngle art for MilanMakesBeats - Butterfly Coupe (feat. Playboi Carti & Yung Bans),,Feature,Yes,https://imgur.com/a/fY7ac7v
Die Lit,Vlone Thug,Single art for MilanMakesBeats - Vlone Thug (feat. Playboi Carti & UnoTheActivist),,Feature,Yes,https://imgur.com/a/znPq6kt
Die Lit,Still Kickin / On GO,Single art for MilanMakesBeats - Still Kickin / On GO (feat. Playboi Carti & Thouxanbanfauni),,Feature,Yes,https://imgur.com/a/7NL1Gko
Die Lit,Crumbs,Single art for DRAM - Crumbs (feat. Playboi Carti),,Feature,Yes,https://imgur.com/a/FaludP0
Die Lit,Yo Pi'erre [Alt],"Alternate art for Pi'erre Bourne - Yo Pi'erre (feat. Playboi Carti)
",,Feature,No,https://imgur.com/a/QZGqegp
Die Lit,Yo Pi'erre,"Single art for Pi'erre Bourne - Yo Pi'erre (feat. Playboi Carti)
",,Feature,Yes,https://i.ibb.co/r2RDHhtD/Yo-Pierre.jpg
Die Lit,Hit a Lick,Single art for Harry Fraud - Hit a Lick (feat. Playboi Carti),,Feature,Yes,https://imgur.com/a/f2zahOr
Die Lit,Still,Single art for ManMan Savage - Still (feat. Playboi Carti),,Feature,Yes,https://imgur.com/a/3iONB4t
Die Lit,In The Lobby,Single art for SosaMann - In The Lobby (feat. Playboi Carti),,Feature,Yes,https://i.ibb.co/mr94twCc/sosamann.jpg
Die Lit,"Love Hurts
(feat. Travis Scott)","The art to Playboi Carti's single ""Love Hurts"".",,Single Art,Yes,https://imgur.com/PeuhUEK
Die Lit,Die Lit [OG],"The original album art for Playboi Carti's ""Die Lit"".",,Album Cover,No, https://imgur.com/a/NdBNnl7
Die Lit,Die Lit,"The album art to Playboi Carti's album ""Die Lit"".",,Album Cover,Yes,https://i.ibb.co/qLhyD2WF/die-lit-playboi-carti-hi-res-cover-133548411.jpg
Die Lit,DIE LIT TOUR,Poster of Die Lit Tour,,Poster,Yes,https://imgur.com/a/XE5sT46
Die Lit,NEON TOUR,Promo for Neon Tour,,Other,Yes,https://imgur.com/a/eatib9W
Die Lit,TOUR STARTS NOVEMBER 6,Promo for Neon Tour,,Other,Yes,https://imgur.com/a/ux7Uy8O
Die Lit,TOUR STARTS NOVEMBER 6,Promo for Neon Tour with dates and a Seattle Text,,Other,Yes,https://imgur.com/a/AQrHJiz
Die Lit,NEON TOUR,Logo of Neon Tour,,Logo,Yes,https://imgur.com/a/3xzEtbC
Die Lit,NEON ,Alternate logo of Neon Tour,,Logo,Yes,https://imgur.com/a/FeBFUo7
Die Lit,NEON TOUR,Alternate poster of Neon Tour,,Poster,Yes,https://imgur.com/a/Wk7ODRz
Die Lit,NEON TOUR NEON TOUR,Alternate logo of Neon Tour,,Logo,Yes,https://imgur.com/a/go0Gk5l
Die Lit,Neon Tour,Promotional poster for Neon Tour,,Poster,Yes,https://imgur.com/a/Dwqgcgv
Die Lit,Neon Tour,Promotional poster for Neon Tour,,Poster,Yes,https://imgur.com/a/QLF8078
Whole Lotta Red [V1],Whole Lotta Red,"The album art to the original version of Playboi Carti's album ""Whole Lotta Red"". Found in the metadata of the song Shopping Spree, not only, but also the cover used by Carti in his Apple Music local files during late 2018.",,Album Cover,No,https://imgur.com/ZgnkhsZ
Whole Lotta Red [V1],Whole Lotta Red (Merch),Logo made by Art Dealer for WLR merchandise sold at various shows.,,Logo,No,https://imgur.com/a/lLoElcJ
Whole Lotta Red [V1],On Top,Single art for Rubi Rose - On Top (feat. Playboi Carti) unofficial release.,,Feature,Yes,https://imgur.com/a/lAe8WfW
Whole Lotta Red [V1],Paid In Full,Single art for SAFE - Paid In Full (feat. Playboi Carti),,Feature,Yes,https://imgur.com/a/qn7Lnue
Whole Lotta Red [V1],Tony Montana,Single art for Kash Kani - Tony Montana (feat. Playboi Carti),,Feature,Yes,https://imgur.com/a/U9q0P6v
Whole Lotta Red [V1],Neon,"Neon was originally going to drop alongside Not Real on May 31st, 2019. The song most likely had single art.",Unavailable,Single Art,No,N/A
Whole Lotta Red [V1],Not Real,"Not Real was originally going to drop alongside Neon on May 31st, 2019. The song most likely had single art.",Unavailable,Single Art,No,N/A
Whole Lotta Red [V1],I Promise You!,Single art for Playboi Carti - * i promise you ! (prod. 16yrold),,Single Art,Yes,https://imgur.com/a/U9q0P6v
WE DON'T DIAL 911,Alien Autopsy [V2],Cover art for 'Alien Autopsy',,Single Art,Yes,https://imgur.com/a/lbxSdAh
Whole Lotta Red [V2],cartier,Logo which appeared in unreleased Cartier music video. Made by artdealer,,Logo,No,https://imgur.com/a/x9mH9qA
Whole Lotta Red [V2],CARTI ,Inspired by Vamp (1986) movie logo. Made by artdealer,,Logo,No,https://imgur.com/a/pII5tRo
Whole Lotta Red [V2],OPIUM,The first logo of Carti's label OPIUM. Inspired by the COMME des GARÇONS logo.,,Logo,Yes,https://imgur.com/a/vSoB3Ks
Whole Lotta Red [V2],u Kan do it too.,"The cover art for ""u Kan do it too."" is supposedly just a black square. It's unclear at this time whether this was meant to be the actual cover or just a placeholder. (The image shown is not the exact one used, it's just a reference from Google.)",,Single Art,No,N/A
Whole Lotta Red [V2],@ MEH,"The art to Playboi Carti's single ""@ MEH"".",,Single Art,Yes,https://imgur.com/PZEtACk
Whole Lotta Red [V3],Alien Autopsy,"Unused single art for Sunny 2point0 - Alien Autopsy (feat. NoCap, Playboi Carti & Trippie Redd)",,Feature,No,https://imgur.com/a/hTK2Fyz
Whole Lotta Red [V3],K Suave - Perky97*,Single art for K Suave - Perky97* (feat. Playboi Carti),,Feature,Yes,https://imgur.com/a/5pFOpFI
Whole Lotta Red [V3],Say My Name,Single art for Guap Tarantino - Say My Name (feat. Playboi Carti),,Feature,Yes,https://imgur.com/a/I4Us1m6
Whole Lotta Red [V4],Flex Up,Single art for Lil Yachty - Flex Up (feat. Playboi Carti & Future),,Feature,Yes,https://imgur.com/a/dHl29Xu
Whole Lotta Red [V4],Whole Lotta Red,"The album art to Playboi Carti's album ""Whole Lotta Red"".",,Album Cover,Yes,https://i.ibb.co/27J9KkQV/WHOLE-LOT-OF-RED.jpg
Whole Lotta Red [V4],Red,Logo of Whole Lotta Red album. Used for the YouTube release of the album.,,Logo,Yes,https://imgur.com/a/se58qbX
Whole Lotta Red [V4],OPIUM,OPIUM logo posted on Carti's burner account @opium_00pium,,Logo,No,https://www.instagram.com/p/CJxnAyblCaJ/
Narcissist,"Trippie Redd - Miss The Rage
(feat. Playboi Carti)","The art to Trippie Redd's single ""Miss The Rage"".",,Feature,Yes,https://imgur.com/Uj17tt2
Narcissist,"ABRA - Unlock It
(feat. Playboi Carti)","The art to ABRA's single ""Unlock It"".",,Feature,Yes,https://imgur.com/7NtJl7c
Narcissist,Narcissist (Logo),Logo for Narcissist. Most likely made by Demna.,,Logo,Yes,https://leaked.cx/data/attachments/32/32684-8c5cc41a21addfa71ca077be38ff3af1.jpg
Narcissist,Narcissist Tour (Logo),Logo for the Narcissist Tour.,,Logo,Yes,https://music.froste.lol/image/fdbb861629ca0d8803503e48c8172041/play
Narcissist,Narcissist Tour (Logo) (Alt),Alt logo for the Narcissist Tour.,,Logo,Yes,https://leaked.cx/data/attachments/32/32685-2c49612d0a0a660b56f50aee2211166e.jpg
Narcissist,King Vamp Tour Narcissist Tour,Logo for King Vamp Tour after Narcissist Tour got renamed to King Vamp Tour,,Logo,Yes,https://imgur.com/a/cApCaOp
Narcissist,Vamp Hours,Logo for Vamp Hours,,Logo,Yes,https://imgur.com/a/sSfUrr9
Narcissist,Tonight,Logo for King Vamp Tour,,Logo,Yes,https://imgur.com/a/f7M0ct7
Narcissist,Sights,Logo for Sights w/ A$AP Rocky. Unknown if this was meant to be the Single Art.,,Logo,No,https://imgur.com/a/uDmN7q8
Narcissist,Narcissist Tee,Narcissist Tee.,,Other,No,https://music.froste.lol/image/b6ee1b77931d94a184b886849d406c32/play
Narcissist,King Vamp Tour Merch,King Vamp Tour Merch shirt.,,Other,Yes,https://music.froste.lol/image/de1770bfcca32cb41d1be620b23e9c88/play
Narcissist,Narcissist,King Vamp Tour Merch logo,,Logo,Yes,https://imgur.com/a/m5MzSb2
MUSIC [V1],Narcissist Merch (Logo),Logo for Narcissist Merch.,,Logo,Yes,https://leaked.cx/data/attachments/32/32687-9ec2910dce023af4dced1a2d08b7369b.jpg
MUSIC [V1],Narcissist Merch (Logo),Logo for Narcissist Merch.,,Logo,Yes,https://leaked.cx/data/attachments/32/32686-fba1aab17455cb5cec94827dd5113ba1.jpg
MUSIC [V1],Narcissist Merch (Logo),Slightly altered version of Narcissist merch logo,,Logo,Yes,https://imgur.com/a/rnWoh75
MUSIC [V1],Fell In Love,Single art for Fell In Love/Finesse Remix,,Single Art,Yes,https://imgur.com/a/xuBaHuG
MUSIC [V1],CLOWN FACED DEVIL," Logo for unreleased NARCISSIST merch ""Clown Faced Devil""",,Logo,No,https://imgur.com/a/vxohupt
MUSIC [V1],CLOWN FACED DEVIL," Logo for unreleased NARCISSIST merch ""Clown Faced Devil""",,Logo,No,https://imgur.com/a/DviYB3i
MUSIC [V1],???,Possible artwork for a single/album due to the parental advisory logo.,,Unknown,No,https://imgur.com/TwEXDYj
MUSIC [V2],OPIUM,New Opium Logo,,Logo,Yes,https://imgur.com/a/zzMmSVd
MUSIC [V2],Antagonist Tour Poster,Poster for Antagonist Tour.,,Poster,Yes,https://leaked.cx/data/attachments/32/32689-8709b33214c575ffdbc1988c18620ba7.jpg
MUSIC [V2],Antagonist Tour Logo,Antagonist logo which was used on Carti's website,,Logo,Yes,https://leaked.cx/data/attachments/32/32690-9b1e9fd08e0858cdb774d0931c5b6ce1.jpg
MUSIC [V2],MUSIC,"This coverart is / was most likely the real one. It was discovered via unreleased merch, that leaked around december. Back then, people thought it was fake, but after the tag turned out to be the same as the Carti merch at Summer Smash 2023 and the person posting it has been threatened by people from Interscope, it is most likely real and most likely was considered all the way, till Carti decided to rename the album to I AM MUSIC.

The artwork could also be just for the merch purposes, so for now it's marked as type unknown",,Unknown,No,https://i.ibb.co/2fch441/u-Mnblg2-Imgur.png
MUSIC [V3],MUSIC (Logo),"Alternate MUSIC Cover leaked by Pop on twitter on August 11, 2025",,Album Cover,No,http://music.froste.lol/image/67ebad1bd5e179298af88a33e11af21e/play
MUSIC [V3],MUSIC (Logo),MUSIC logo discovered on carti's website's data base.,,Logo,Yes,https://leaked.cx/data/attachments/32/32688-f8b62f56f40dce6ea806750cf5e94b15.jpg
MUSIC [V3],Antagonist Tour Banner,Banner for Antagonist Tour.,,Other,No,https://leaked.cx/data/attachments/32/32696-155af3ba7b3627146585669e0a0d85a1.jpg
MUSIC [V3],I AM MUSIC,"Logo used very often by Carti, also used as profile picture by Carti and his affiliates.",,Logo,Yes,https://imgur.com/a/XMhny0V
MUSIC [V3],Antagonist Tour Banner,Banner for Antagonist Tour.,,Other,No,https://leaked.cx/data/attachments/32/32695-8c4c9a172ea5490df5e8775b65ae00a5.jpg
MUSIC [V3],IM NOT PLAYING,"Art which Carti shared on his IG story previewing new snippet which was later dropped as a single EVILJ0RDAN, assuring that he is not joking and the album rollout is actually happening",,Logo,Yes,https://imgur.com/a/DG0dwvB
MUSIC [V3],2024,Carti announces/confirms that I AM MUSIC is coming out in 2024. (fucking liar),,Logo,Yes,https://imgur.com/a/Cclrq1Z
MUSIC [V3],9:30 Parental Advisory Explicit Content,"Custom Parental Advisory sticker used in promotional announcement for ""2024"" single",,Other,Yes,https://imgur.com/a/GBr6HtH
MUSIC [V3],KEEP STREAMING I'LL DROP ANOTHER,"After dropping ""2024"" single, Carti teased that he'll drop more music",,Logo,Yes,https://imgur.com/a/sOEv5hz
MUSIC [V3],YVL [OG],OG Logo of YVL (Young Vamp Life). Carti was seen wearing a polo shirt (most likely unreleased MUSIC merch) with this YVL logo. This logo takes inspiration from Yves Saint Laurent fashion house logo,,Logo,No,https://imgur.com/a/rlgv3nZ
MUSIC [V3],I AM MUSIC,"Fanmade/concept I AM MUSIC billboard by @somewrongwithme, reposted by Carti & his affiliates",,Other,No,https://imgur.com/a/vkcXOhA
MUSIC [V3],9:00 Parental Advisory Explicit Content TUESDAY,"Custom Parental Advisory sticker used in promotional announcement for ""HOODBYAIR"" single",,Other,Yes,https://imgur.com/a/EHlGMNn
MUSIC [V3],YVES,Carti announces his daughter's name,,Logo,Yes,https://imgur.com/a/xpGlks0
MUSIC [V3],9:30 Parental Advisory Explicit Content MONDAY,"Custom Parental Advisory sticker used in promotional video for ""BACKR00MS & EVILJ0RDAN"" singles",,Other,Yes,https://imgur.com/a/oDmvOx6
MUSIC [V3],9:30 Parental Advisory Explicit Content TUESDAY,"Transparent version of Custom Parental Advisory sticker used in promotional video for ""KETAMINE"" single",,Other,Yes,https://imgur.com/a/4NgiZAR
MUSIC [V3],DANCE NOW,"Posted by Carti on his story, encouraging fans to make more videos of dancing to EVILJORDAN song",,Logo,Yes,https://imgur.com/a/l7GppZT
MUSIC [V3], I LUV IT,Single art for Camila Cabello - I LUV IT (feat. Playboi Carti),,Feature,Yes,https://imgur.com/a/88a1YO0
MUSIC [V3],00CACTUS,Complexcon promotional poster,,Poster,Yes,https://imgur.com/a/vwa6PkP
MUSIC [V3],PBC,"PBC logo seen on Carti's merch, also used for playboicarti.com website",,Logo,Yes,https://imgur.com/a/88a1YO0
MUSIC [V3],YVL,Official YVL logo used for merch,,Logo,Yes,https://imgur.com/a/9flW3sn
MUSIC [V3],YVL,"Alternative YVL logo used for merch,inspired by New Era logo ",,Logo,Yes,https://imgur.com/a/rMrQ76t
MUSIC [V3],9:30 Parental Advisory Explicit Content THURSDAY,"Custom Parental Advisory sticker used in promotional video for ""All Red"" single",,Other,Yes,https://imgur.com/a/DoLuEkx
MUSIC [V3],ALL RED ,Official ALL RED cover art for ALL RED single. Posted on Carti's alt account on 9/12/24,,Single Art,Yes,https://t2.genius.com/unsafe/700x0/https%3A%2F%2Fimages.genius.com%2F4c7a2a0f921ea63c610a93e8873461d1.1000x1000x1.png
MUSIC [V3],ALL RED ,Alternate ALL RED cover art used for merch hat. Posted on Carti's alt account on 9/12/24,,Single Art,Yes,https://www.instagram.com/p/C_1_imyg41m/
MUSIC [V3],ALL RED ,Alternate ALL RED cover art used for merch hat. ,,Single Art,Yes,https://imgur.com/a/DBk8WqY
MUSIC [V3],ALL RED ,,,Single Art,Yes,https://imgur.com/a/9z4ajJu
MUSIC [V3],400 Degrees,Single art for DP Beats - 400 Degrees (Swag disease)  (feat. Playboi Carti & Lil Uzi Vert),,Single Art,Yes,https://imgur.com/a/GyoL8ZG
MUSIC [V3],I AM MUSIC [Bundle 1 CD],Disc cover for MUSIC shared alongside 9 other covers. Used for the physical CD copies of the album.,,Album Cover,Yes,https://imgur.com/a/4T9QuMu
MUSIC [V3],I AM MUSIC [Bundle 2 CD],Disc cover for MUSIC shared alongside 9 other covers. Used for the physical CD copies of the album.,,Album Cover,Yes,https://imgur.com/a/CFZiDdj
MUSIC [V3],I AM MUSIC [Bundle 3 CD],Disc cover for MUSIC shared alongside 9 other covers. Used for the physical CD copies of the album.,,Album Cover,Yes,https://imgur.com/a/anVJtut
MUSIC [V3],I AM MUSIC,Disc cover for MUSIC shared alongside 9 other covers. Used for the physical CD copies of the album.,,Album Cover,Yes,https://imgur.com/a/xuEl2yK
MUSIC [V3],I AM MUSIC,Disc cover for MUSIC shared alongside 9 other covers. Used for the physical CD copies of the album.,,Album Cover,Yes,https://imgur.com/a/tw4Qy6x
MUSIC [V3],I AM MUSIC,Disc cover for MUSIC shared alongside 9 other covers. Used for the physical CD copies of the album.,,Album Cover,Yes,https://imgur.com/a/G8dqRlC
MUSIC [V3],I AM MUSIC,Disc cover for MUSIC shared alongside 9 other covers. Used for the physical CD copies of the album.,,Album Cover,Yes,https://imgur.com/a/RNPx4BK
MUSIC [V3],I AM MUSIC,Disc cover for MUSIC shared alongside 9 other covers. Used for the physical CD copies of the album.,,Album Cover,Yes,https://imgur.com/a/gA6k7Ci
MUSIC [V3],I AM MUSIC,Disc cover for MUSIC shared alongside 9 other covers. Used for the physical CD copies of the album.,,Album Cover,Yes,https://imgur.com/a/veDvNbb
MUSIC [V3],I AM MUSIC,Disc cover for MUSIC shared alongside 9 other covers. Used for the physical CD copies of the album.,,Album Cover,Yes,https://imgur.com/a/kUegaIb
MUSIC [V3],MUSIC,"Concept cover shared by Carti. First thought to be the official cover by the fans, later confirmed by Carti himself that this isn't the official cover. Takes infuence from Lil Wayne's Dedication 3 mixtape cover.",,Album Cover,No,https://www.instagram.com/p/C_4Ov1MIxek/
MUSIC [V3],I AM MUSIC THE MIXTAPE,Fanmade/concept cover art by @wakeupzuzi reposted by Carti,,Album Cover,No,https://imgur.com/a/iml84RV
MUSIC [V3],I AM MUSIC,Cover for I AM MUSIC for the ALL RED version of the box,,Other,Yes,https://imgur.com/a/YuHiqwA
MUSIC [V3],TIMELESS,Single art for The Weeknd - Timeless (feat. Playboi Carti),,Feature,Yes,https://imgur.com/a/wRDVNHU
MUSIC [V3],PARENTAL ADVISORY EXPLICIT CONTENT,Alternate Parental Advisory logo/sticker with Opium logo on it. Carti was seen it wearing on his hat (most likely unreleased merch) in the TIMELESS mv,,Logo,No,https://imgur.com/a/pxIvqpw
MUSIC [V3],,Another CD seen at Complexcon. (photo quality),,Album Cover,Unknown,https://imgur.com/a/1GdaVR4
MUSIC [V3],NARCISSIST,New logo of Narcissist merch/clothing line used at Complexcon,,Logo,Yes,https://imgur.com/a/Fsj90ud
MUSIC [V3],Playboi,PLAYBOI CARTI X SHAYNE OLIVER collab merch (sold at Complexcon) logo. (photo quality),,Logo,Yes,https://imgur.com/a/xeJ8qMH
MUSIC [V3],P,Another PLAYBOI CARTI X SHAYNE OLIVER collab merch (sold at Complexcon) logo. (photo quality),,Logo,Yes,https://imgur.com/a/x1NSfdS
MUSIC [V3],MUSIC,Alternate MUSIC logo used at Complexcon,,Logo,Yes,https://imgur.com/a/4DdZuQr
MUSIC [V3],YVL,Alternate YVL logo used at Complexcon,,Logo,Yes,https://imgur.com/a/r8KEjJV
MUSIC [V3],YVL,Alternate YVL logo used at Complexcon,,Logo,Yes,https://imgur.com/a/oOhZgMG
MUSIC [V3],OPIUM,Alternate OPIUM logo used at Complexcon,,Logo,Yes,https://imgur.com/a/7Q9SPGJ
MUSIC [V3],OPIUM,Alternate OPIUM logo used at Complexcon,,Logo,Yes,https://imgur.com/a/ovuKe58
MUSIC [V3],OPM,Alternate OPIUM logo used at Complexcon. (photo quality),,Logo,Yes,https://imgur.com/a/uTQiQLX
MUSIC [V3],OPIUM,Alternate OPIUM logo used at Complexcon. (photo quality),,Logo,Yes,https://imgur.com/a/OKAYOAc
MUSIC [V3],PLAY THIS,Single art for PLAY THIS. (babyxsosa in the picture),,Single Art,Yes,https://imgur.com/a/Gp8JK1B
MUSIC [V3],PLAYBO1 CART1 ROLLING LOUD 10 YEARS,Promo for Carti's Rolling Loud MIami 10th anniversary set,,Other,Yes,https://imgur.com/a/mLFHIpw
MUSIC [V3],OMERTÀ,Art/logo posted by Carti on IG story 12/14/2024 using the DGMN snippet in the background. Purpose of this art is unknown.,,Unknown,No,https://imgur.com/a/DCJbr5M
MUSIC [V3],HURRY UP TOMORROW XO,Digital album cover of HURRY UP TOMORROW 00XO EDITION. EXCLUSIVE COVER ARTWORK DESIGNED IN COLLABORATION WITH XO AND OPIUM.,,Album Cover,Yes,https://imgur.com/a/JAubTWJ
MUSIC [V3],BLICK SUM,Single art for Latto - Blick Sum (feat. Playboi Carti),,Feature,Yes,https://imgur.com/a/zAbNFd5
MUSIC [V3],AFTER HOURS TIL DAWN,"The Weeknd tour ""AFTER HOURS TIL DAWN"" poster",,Poster,Yes,https://imgur.com/a/nqRjvdB
MUSIC [V3],PLAYBO1 CART1 ROLLING LOUD ,Promo for Carti's Rolling Loud Los Angeles 2025 set,,Other,Yes,https://imgur.com/a/4Y0JmcN
MUSIC [V3],03.14.2025 FRIDAY,Custom Parental Advisory sticker used in promotional announcement of album's date,,Other,Yes,https://imgur.com/a/Kr5Hk3m
MUSIC [V3],MUSIC,Leaked cover of MUSIC hours before dropping. Everybody was calling it ass so Carti scrapped it ,,Album Cover,No,https://imgur.com/a/yFO7Q7F
MUSIC [V3],I AM MUSIC,Official album cover of MUSIC,,Album Cover,Yes,https://imgur.com/a/SeOo3IB
MUSIC [V3],MUSIC,scrapped album cover for MUSIC. made by @sattava_born.,,Album Cover,No,https://imgur.com/a/DaYANys
MUSIC [V3],MUSIC [CARTI WORLD],Cover art posted on Carti's IG story. Originated from reddit.,,Album Cover,No,https://imgur.com/a/hFHarSg
MUSIC [V3],Whole Lotta Red [Alt Cover],"Black version of the WLR cover, though the advertisement takes you to the normal version for some reason.",,Album Cover,Unknown,https://imgur.com/a/d8ijqHq
CARTI YE,CARTI YE,"Album cover for a supposed Carti & Ye collab project named ""CARTI YE"". Revealed by Ye on Twitter. ",,Album Cover,No,"http://music.froste.lol/image/41fd76e69cab13099bc4775196c7e1a7/play
http://music.froste.lol/image/0c6e2cbfd6d56da5a19b893eda0d6706/play"
BABY BOI,Whole Lotta Red 5-Year Anniversary Vinyl (Spotify FF Edition),"Alternative cover for Whole Lotta Red for the 5-Year Anniversary vinyl, only meant to be available for top fans of Playboi Carti on Spotify, however can also be purchased through Playboi Carti's website.",,Album Cover,Yes,https://imgur.gg/f/tL4vUXe
BABY BOI,Whole Lotta Red 5-Year Anniversary Vinyl (Retail Edition),"Alternative cover for Whole Lotta Red for the 5-Year Anniversary vinyl, can be found online or at your local retail store.",,Album Cover,Yes,https://imgur.gg/f/85z2O6c
BABY BOI,Whole Lotta Red 5-Year Anniversary Vinyl (D2C Edition),"Alternative cover for Whole Lotta Red for the 5-Year Anniversary vinyl, only available for purchase through Playboi Carti's website (shop.playboicarti.com).",,Album Cover,Yes,https://imgur.gg/f/rfRg3qe
BABY BOI,Whole Lotta Red 5-Year Anniversary Vinyl (IVC Edition),"IVC Edition of Whole Lotta Red, this bundle contains:

Exclusive Alternate Red Cover Art [1] 
Exclusive Gatefold Jacket for the First Time [2] 
Exclusive Black in Red Color Vinyl [3] 
Bonus Playboi Carti Lithograph [4] 
Bonus “Red” Logo Sticker [5] 
Individually Numbered
Strictly Limited to 3,000 Copies Globally
Ships in Exclusive Limited Edition Red Box
No bonus songs

Despite being strictly limited to 3,000 copies, the manufacturer that IVC was working with
created extra unnumbered copies, which they made available for purchase for those
who were subscribed to their service. [5]",,Album Cover,Yes,https://imgur.com/a/fYmVoFY
BABY BOI,Whole Lotta Red 5-Year Anniversary Vinyl (Target Edition),"Alternative cover for Whole Lotta Red for the 5-Year Anniversary vinyl, found exclusively in Target stores.",,Album Cover,Yes,https://imgur.gg/f/3KpJNLw
BABY BOI,Whole Lotta Red 5-Year Anniversary Vinyl (Indie Edition),"Alternative cover of Whole Lotta Red for the 5-Year Anniversary vinyl, found exclusively in indie record stores.",,Album Cover,Yes,"https://imgur.gg/f/XAGQuxc
https://imgur.gg/f/NG7XAx9"
BABY BOI,Whole Lotta Red (CD),"For the 5-year anniversary of Whole Lotta Red, Playboi Carti (and his team) finally decided to press Whole Lotta Red on CD.",,Album Cover,Yes,https://imgur.gg/f/jP35Yep
BABY BOI,Sky Cover [Fortnite Jam Track],Cover used for Carti's track 'Sky' on the Fortnite Jam Track.,,Unknown,Partial,https://fortnite.gg/img/items/21393/icon.png?1
BABY BOI,MUSIC - SORRY 4 DA WAIT 1-Year Anniversary Vynil,Alternative cover for MUSIC - SORRY 4 DA WAIT for the 1-Year Anniversary vinyl.,,Album Cover,Yes,https://imgur.com/a/2jwK4pQ
