Era,Name,Notes,Made By,Type,Available Length,Link(s)
Ca$h Carti Season,In Abundance [Mixtape],"A mixtape, which is commonly misconcieved as an official project, due to the fact it is on Carti's official streaming pages. How or who got this tape on there is unknown but the tape is 100% fanmade. A much longer version is available on DatPiff.",sousathedon1,Other,CD Quality,https://www.datpiff.com/Playboi-Carti-In-Abundance-mixtape.772138.html
Ca$h Carti Season,Tank,Solo Carti version of 'Hard To Breathe' by Ca$h Out. Commonly believed to be a real song.,HipHop Scene (?),Fake Leak,High Quality,https://www.youtube.com/watch?v=gn6Q8k5o-co
Playboi Carti,"I'm That Nigga
(prod. Kasino)",Fake 2016 snippet that uses a MexikoDro type beat from 2018.,Mrstealyogirl!,Fake Leak,Snippet,https://www.youtube.com/watch?v=rm4GMjuIvJU
Playboi Carti,"Kool 
(prod. threethouxan) 
(KK COO, STOP REDROPPING MY MUSIC!)","Song by MONEYWORLDTHREE that many confused for being a Cash Carti or even $ir Cartier era song, despite it sounding nothing like him.",MONEYWORLDTHREE,Fake Leak,CD Quality,"https://soundcloud.com/moneymobthree/kk-coo
https://soundcloud.com/sircartiweb/playboi-carti-kool?in=user-379888960%2Fsets%2Funreleased-cash-carti"
Playboi Carti,"Snakes
(prod. Pi'erre Bourne & Southside)
(Snake Me)","OG Filename: Carti Pierre Sizzle Snakes
First previewed back in 2017 by Southside on an IG live without any vocals. [1] A snippet with vocals surfaced on January 15, 2026. Another snippet surfaced on January 18, 2026 alongside an extended version of the first snippet in CDQ. The song would leak a few hours later. The song is an official Stem Edit made from the Half & Half sessions.",,Fake Leak,CD Quality,https://imgur.gg/f/Vb1df3A
Playboi Carti,"Projects
(prod. Diego Ave & Go Grizzly)
(Boss Bitch)","Stem edit by Propkers & JeezLeez, uses vocals presumably from 2017. Diego Ave's producer tag comes from Future & Lil Uzi Vert's ""Patek"" released on July 31, 2020 so it's not from 2017 as they claim.",,Fake Leak,CD Quality,https://pillows.su/f/6d6153be09199990ec8a31ba87c8a8af
Playboi Carti,Wok,"very similar in sound to minute maid which is also a stem edit, uses the vocal stems from minute",LH beats ,Fake Leak,High Quality,https://www.youtube.com/watch?v=AW6VLAuFtPY&ab_channel=TheHolliday
Playboi Carti,Young Thot*,"Song is a stem edit, uses the vocals from an unleaked song that uses the beat for 'Shawty In Luv'",,Fake Leak,Low Quality,https://music.froste.lol/song/a8f4e4cccf26c71439bf5aa79a336c7d/play
Playboi Carti,"Minute Maid
(That's A Snitch)","One of the most popular fake leaks. Uses the unused vocal take stem from NAV's ""Minute"" track. Very commonly believed to be real. Instrumental is a Pi'erre Bourne type beat by Martinigotthaacid.",,Fake Leak,High Quality,https://www.youtube.com/watch?v=VnJ3L5r4YUc
Playboi Carti,"Bentley
(Minute Maid, Minute)",Various fake leaks have been made with the unleaked Minute studio session,,Fake Leak,High Quality,"http://music.froste.lol/song/062aca5fd6cb606b1f6ba1bd3ce70752/play
http://music.froste.lol/song/bb5582288f3ccdebb0faa316f20c8723/play"
Playboi Carti,She Wanna,"Fake version of ""Go Up"" that circulated online before the actual song leaked.",,Fake Leak,High Quality,Link Needed
Playboi Carti,"Pi'erre Bourne - Poof (Remix)
(feat. Playboi Carti)","Fake ""remix"" of Poof by Pi'erre Bourne. Uses Minute vocal stem and an instrumental remake.",,Fake Leak,CD Quality,https://soundcloud.com/user-406046783/playboi-carti-x-pierre-bourne-poof
16*29,"Lil Uzi Vert - What You Mean
(feat. Playboi Carti & Chief Keef)","Stem edit of 'What You Mean' by Lil Uzi Vert and Chief Keef. Uses Cartis vocals from 'In The Lobby' by Sossaman, which also uses the same beat.",,Fake Leak,CD Quality,https://imgur.gg/f/lAm3Nre
16*29,16*29 'Cover',"Commonly believed to be the official 16*29 cover, as this is also the cover used for 'Bankroll' on all streaming besides Spotify. However, that cover in itself is fanmade, DP just ended up using it.",DP Beats,Fake Rumor,CD Quality,https://imgur.com/a/MZTPCSQ
Die Lit,"Pi'erre And Carti's Wild Adventure
[Album]",Rumors of a Pi'erre Bourne collaboration project have been sparked. Later debunked,,Fake Rumor,Not Available,Link Needed
Die Lit,"Choppa Right Beneath Me
(prod. Pi'erre Bourne) 
(Choppa)","Popular edit version of ""Choppa"" that removes Benjamin Kickz verse. This has lead to many believing that the edit is the official feature, and that Benjamins verse is fake, or that the verse was done by Nav.",Truesayyy,Fake Leak,CD Quality,https://www.youtube.com/watch?v=pLzUqUCh1_g&ab_channel=TheInfluence
Die Lit,"Jole5
(feat. Comethazine) (prod. Pi'erre Bourne)
(Freshmen)",Not a real feature since Comethazine recorded over the song after it had leaked.,Comethazine,Fake Leak,Low Quality,https://youtu.be/_NODyOOwFGA
Die Lit,"Lotta Time
(feat. Frank Ocean)",,ASTrapBeatz,Fake Leak,Low Quality,https://www.youtube.com/watch?v=7C37mFFAY54
Die Lit,"Gunna - Want My M's [V1]
(feat. Playboi Carti) (prod. Detrakz, Priority Beatz, StevieNickXX & Squat Beatz)","Leaked on December 31, 2018. This is a edit",Carti Hub,Fake Leak,CD Quality,https://krakenfiles.com/view/FZnKr3jUkz/file.html
Whole Lotta Red [V1],"x10 [V3]
(prod. Maaly Raw)
(New N3on, Neon, Whole Lotta Red, Whole Lotta Neon)","OG Filename: x10 (MAIN)
OG file of the released mix of New N3on",Playboi Carti,Fake Leak,Lossless,https://music.froste.lol/song/624e4af97f41f145aa743d8bbcc5809d/play
Whole Lotta Red [V1],"7AM
(prod. Adrian)","A reprod of ""Butterfly Doors"", that similarily to ""9AM In Calabasas"", is confused for being a real song.",                              adrian,Fake Leak,CD Quality,https://www.youtube.com/watch?v=FmuovvjLDcw&ab_channel=PurpleKingBoy43
Whole Lotta Red [V1],"9AM In Calabasas
(prod. Adrian)","Extremely well known reprod of 'Whole Lotta Red', commonly believed to be the real song. Probably the most known fake leak out there besides WOK.",                              adrian,Fake Leak,CD Quality,https://www.youtube.com/watch?v=8DB3V-pW75E
Whole Lotta Red [V1],Bando,The fact that this has to be featured on the sheet at all is honestly a shame.,,Fake Leak,High Quality,https://www.youtube.com/watch?v=cX24KlL8klY&ab_channel=ta2cute
Whole Lotta Red [V1],"Cancun
(feat. Skepta) (prod. Pi'erre Bourne)",A misconception based on Skepta being in the original Cancun snippet video.,,Fake Rumor,Not Available,
Whole Lotta Red [V1],"Designer Shoes
(feat. Lil Uzi Vert) (prod. Chinatown)","Stem edit of 'Designer Shoes' from audiomack with a uzi verse, using his vocals from Backwoods. This edit is all over the place, it uses Cartis intro from 'Brand New', has a AI carti verse, is 9 minutes, and a fake chinatown prod tag",,Fake Leak,CD Quality,https://music.froste.lol/song/827b932d60c812a7bbc5a4b7aa1ec87a/play
Whole Lotta Red [V1],Designer Shoes Music Video,"HerStar posted a random video of Carti with Designer Shoes as the audio on Twitter, leading people to believe that this is the music video for Designer Shoes. The video and Designer Shoes have no correlation and no MV was ever recorded for this song. Not to mention that the video was shot before Designer Shoes even existed.",HerStar (@lxlvsh0t),Fake Rumor,Recording,https://x.com/lxlvsh0t/status/1918470566081884583
Whole Lotta Red [V1],"Dead End
(prod. richboydior)","Popular ""leak"" made by Kura. The instrumental is a Playboi Carti type beat by richboydior.",Kura,Fake Leak,High Quality,"https://www.youtube.com/watch?v=JP2TY-jFnQw
https://www.youtube.com/watch?v=wowW-yDwZC4"
Whole Lotta Red [V1],"Get Geeked
(Dreams, Selena)",A stem edit using vocal takes from the 'Selena' session.,Carti Hub,Fake Leak,CD Quality,https://pillows.su/f/d61d2e03376dd89ffeffcc7955f56ee9
Whole Lotta Red [V1],"Talk 2 Me
(prod. Racki)
(Money Talk 2 Me)","Really popular fan-made song using vocals from Athena's studio sessions. Samples ""Love Was Really Gone"" by Makoto Matsushia. Original video is private.",Racki,Fake Leak,CD Quality,https://www.youtube.com/watch?v=TFU1Tg3HJDg
Whole Lotta Red [V1],"Goku
(feat. Lil Pump) (prod. Pi'erre Bourne)
(Asthma, R.I.P. Fredo II)","Similarly to Lancey Foux Headshot, it is only half real as the open was sent to Lil Pump by an impersonator. TLDR: Real verse, but not meant for Carti.",Waterfalls,Fake Leak,CD Quality,https://pillows.su/f/4ad1e928f18de40c607c40f9a936e8c9
Whole Lotta Red [V1],"Place
(feat. Drake) (prod. Pi'erre Bourne)
(Ridin' In Hell)","Rumored to exist from reputable insiders, debunked later",,Fake Rumor,Not Available,
Whole Lotta Red [V1],"Pissy Pamper 
(prod. Pi'erre Bourne)",Edit of Pissy Pamper with Cartis verse looped 4 times.,,Fake Leak,CD Quality,
Whole Lotta Red [V1],"Proud of You [V3] 
(prod. Oogie Mane & Brandon Finessin) ","Inital leak of ""Proud of You"" with a Oogie tag unofficially added and a ai extended open verse. ",Carti Hub,Fake Leak,CD Quality,https://soundcloud.com/user-696785876/carti-proud-of-you
Whole Lotta Red [V1],"Kid Cudi
(feat. Young Nudy, A$AP Rocky & Lil Uzi Vert)","Popular fan remix of ""Pissy Pamper"" thought to be real by some fans. Uzi's verse originates from ""Go Off"" and Rocky's verse originates from a freestyle done at the VMA's in 2012.",,Fake Leak,CD Quality,https://vimeo.com/455660910
Whole Lotta Red [V1],Tryna Get Down [Fake Snippets],Currently only one authentic snippet of Tryna Get Down has surfaced. Any other snippets currently floating around online are fake.,,Fake Leak,CD Quality,"https://www.youtube.com/watch?v=IhGvcEf5xUc
https://www.youtube.com/shorts/phu9JLLkf_Y
https://www.youtube.com/shorts/qBcfYx8UQX8"
Whole Lotta Red [V1],"Nebu Kiniza - Hunna 
(feat. Playboi Carti) (prod. Nebu Kiniza)","Nebu Kiniza posted an edit of Carti's verse from RAF (a song that uses the same beat as hunna) on his song ""Hunna"" sometime in 2019. Later it was found out that the verse belonged to a Young Jordan song titled ""RAF"".",Nebu Kiniza,Fake Leak,CD Quality,
Whole Lotta Red [V2],Act Like A Fool [Fake Snippets],"As of now, only one authentic Act Like A Fool snippet has surfaced. Any other snippets are fake (the song is lost and so there likely will never be other snippets)",,Fake Leak,Low Quality,https://music.froste.lol/video/5e6a867a9c7abea45aa5361e55bba02a/play
Whole Lotta Red [V2],"Balenci
(feat. Lil Uzi Vert)","While uzirareupdates claims this is real, 'Balenci' was a lie made up by horize. It was originally said to be from 2019, then 2023, but later again 2019. Whatever the case is, until something leaks, there is no actual proof that this song exists.",,Fake Rumor,Not Available,
Whole Lotta Red [V2],"@ MEH [V1]
(feat. Lil Uzi Vert) (prod. JetsonMade)",Fake snippet of a uzi feat on @MEH. Uzi's verse are vocals from another song.,,Fake Leak,Low Quality,https://www.youtube.com/watch?v=as8N570JH8k
Whole Lotta Red [V2],"Coupe All Red
(feat. Destroy Lonely)","""Redflag"" by  VRGO CRDNA (Lone) & perma (Carti)",PERMA,Fake Leak,CD Quality,https://www.youtube.com/watch?v=IpJv30A2-6I
Whole Lotta Red [V2],"Dior Chucks
(feat. Lil Uzi Vert) (prod. Pi'erre Bourne)","A throwaway from the 'Whole Lotta Red' sessions, the existence of which has been contested multiple times.",N/A,Fake Rumor,Not Available,
Whole Lotta Red [V2],Pacsun,Initially surfaced as a low quality snippet. Turned out to be made by an artist named Kura (fun fact: he is currently signed to Pi'erre Bourne).,Kura,Fake Leak,CD Quality,https://soundcloud.com/dubzord/playboi-carti-pacsun-leak
Whole Lotta Red [V2],"TOO MUCH
(prod. Zwiffa)","OG Filename: TOO MUCH
 Rumored to be from the same session as ""BALLIN'"" and leaked after a successful GB on March 29, 2025; but this turned out to be a fake stem edit Raahim made with vocals that likely aren't even from v2. The vocals are badly mixed, and it has an open verse. ",Raahim,Fake Leak,CD Quality,https://pillows.su/f/beceddbd9f211aea4b3823aa3b7ab5b9
Whole Lotta Red [V2],"New Blue [Album]
(Opium, Whole Lotta Blue)","Came about when the ""@ MEH"" cover was first revealed on Instagram and fans believed it was for an album rather than a single. Due to the lack of red on the cover, fans assumed ""Whole Lotta Red' has been renamed to ""New Blue"" or even ""Opium"". A fake tracklist for this album surfaced around this time and included the absolute grails ""Busted To Her Bitmoji"" & ""Big League ft. Rod Wave & Lizzo"".",,Fake Rumor,Not Available,"https://www.reddit.com/r/playboicarti/comments/g1xru3/
https://www.reddit.com/r/playboicarti/comments/hg2345"
Whole Lotta Red [V3],"Eye
(prod. ???)",Fake AI song that was snippeted and passed off as a real song.,,Fake Leak,High Quality,https://pixeldrain.com/u/XVErmSjQ
Whole Lotta Red [V3],"Flex Up
(prod. ATL Jacob, Southside & Dylan)","A stem edit of ""Flex Up"" with unused vocals from the sessions.",,Fake Leak,CD Quality,https://krakenfiles.com/view/o1tQxprtIo/file.html
Whole Lotta Red [V3],"Flex Up
(prod. ATL Jacob, Southside & Dylan)","Another stem edit of ""Flex Up"" with unused vocals from the sessions.",,Fake Leak,CD Quality,https://krakenfiles.com/view/fYmYO8iLfa/file.html
Whole Lotta Red [V3],Get Geeked,"Originally believed to be an authentic leak turned out to be a stem edit using vocals from Selena/Dreams sessions. 2 versions leaked, each with different production.",,Fake Leak,CD Quality,https://pillows.su/f/4e2d9da927c043ee8ea3ecb4b8680771
Whole Lotta Red [V3],Guapanese,"Originally leaked as a snippet and thought to be real, but was later disproven by finding out the song was AI. The song came from an AI Carti album called 'Whole Lotta Bot' and has been available on Apple Music until it got taken down.","prodbycybersafe (00scoobert), xscapee ",Fake Leak,CD Quality,https://pillows.su/f/1d3763ab3244db4df05a3a52f67fd529
Whole Lotta Red [V3],Whole Lotta Red [Info Dump],"2020 era video that was pretty convincing at the time, showcased a tracklist and two (surprisingly fake) tracks. Was lost media for sometime before being recovered in 2025.",LONGTESTICLEZ,Fake Rumor,High Quality,https://www.youtube.com/watch?v=L2ZzZtrE1e4
Whole Lotta Red [V4],"Homicide [V2]
(feat. Kanye West) (prod. Pi'erre Bourne)
(Homixide, I'm Outside)","There was a rumour that Kanye had recorded for ""Homicide"", but there is no proof.",,Fake Rumor,Not Available,
Whole Lotta Red [V4],"Diamonds [V2]
(feat. Kanye West)
(Locked In)","There was a rumour that Kanye had recorded for ""Diamonds"", but there is no proof.",,Fake Rumor,Not Available,
Whole Lotta Red [V4],"F33l Lik3 Dyin [V1]
(prod. Richie Souf & Roark Bailey)",There's only one version of F33l like Dyin and it's the one we got on the album. The version that leaked a while ago was a stem edit from an unheard session. The vocals were real.,,Other,High Quality,https://pillows.su/f/4c56ff6eced1ef42701522bef62357b9
Whole Lotta Red [V4],"Teen X
(feat. Yung Lean)","There is a popular misconception that Yung Lean was featured on an early version of ""Teen X"". This is due to Yung Lean commenting Teen X lyrics on a snippet of their unreleased music video, as well as a behind the scenes video of Carti and Lean with Teen X playing in the background. However the music video Lean commented on was most likely for ""Yayo"" and theres currently no actual evidence a Yung Lean version of Teen X exists.",,Fake Rumor,Not Available,
Whole Lotta Red [V4],"Kanye West - Hell's Loose
(feat. Playboi Carti)","Alleged collaboration between Carti and Ye recorded for ""Spirits Over The Horizon"" (which in of itself is a fake album). Started as a pretty popular rumor but was debunked not long after. A ""snippet"" does exist but it's fake.",,Fake Leak,Snippet,
Whole Lotta Red [V4],Vampire Nights [Album],Title of a fake tracklist posted by Alek shortly before Whole Lotta Red released.,Alek,Fake Rumor,Not Available,https://i.redd.it/79lqqzcbz9161.jpg
Whole Lotta Red [V4],Whole Lotta Red [Fake Tracklist],"A popular ""tracklist"" that circulated around before Whole Lotta Red released.",,Fake Rumor,Not Available,https://preview.redd.it/2borsiaebdo71.jpg?width=640&crop=smart&auto=webp&s=0b3d73347cf66b6fc0eaba08f21b020115cb984a
Whole Lotta Red [V4],Whole Lotta Red Tracklists,"Von was fed fake info for ""shits and giggles"" so any tracklist we have gotten from Von (along with any song names) (the song names are real) were either fake or partially fake.",Von,Fake Rumor,Not Available,
Whole Lotta Red (Deluxe),"Lost My Soul
(prod. ?)","Leaked on January 5th, 2023. The song is a stem edit. It was originally believed to use vocals from an unknown Narcissist era song but was revealed to use vocals from the ""Ridin"" sessions when they leaked. Samples ""Mysterious Place"" from the Undertale soundtrack.",,Fake Leak,CD Quality,https://pillows.su/f/dd2e981638f4b920421e6f340fffc4a9
Donda,"Made It
(feat. Lancey Foux) (prod. Ojivolta & Kanye West)
(Opipsy)","A collaboration between Lancey and Carti that only exists due to Waterfalls. Uses the open from the Kanye West song ""Made It"" featuring Playboi Carti where waterfalls sent the open verse to Lancey and he recorded over it. Not official but all vocals are technically real. ",Waterfalls,Fake Leak,High Quality,https://imgur.gg/f/FADdUQW
Narcissist,Miss The Rage [OG],"Popular fan edit of ""Miss The Rage"" that circulated before the tracks official release. Commonly mistaken as the OG version of the song. Uses Carti's verse from ""Want To"" by Juice WRLD.",,Fake Leak,CD Quality,https://www.youtube.com/watch?v=1GQ7fhepHLs
Narcissist,"Not Real [V5]
(feat. SoFaygo) (prod. Pi'erre Bourne)","Snippet of SoFaygo on the ""Not Real"" beat. SoFaygo's vocals are taken from a leak titled ""Say It"".",sofaygo_daily,Fake Leak,Recording,https://pixeldrain.com/u/Q3W4wfAg
Narcissist,"Kanye West - Jail
(feat. Playboi Carti & Kid Cudi)","Apparent ""Spirits Over The Horizon"" version of Jail by Kanye West. Confirmed fake by leakers and the fact Spirits is a fake album in of itself.",Pacifist,Fake Rumor,Not Available,
Narcissist,Mollyworld [Album],"On an Instagram post by Carti after Whole Lotta Red released, @gunnerstahl.us would comment ""mollyworld >"" leading people to believe Carti's next album would be titled ""Mollyworld"".",Gunner Stahl,Fake Rumor,Not Available,https://pbs.twimg.com/media/EwJVF_9VcAAnxhZ.jpg
Narcissist,"Pablo Narcissist [Album]
(collab album with Kanye West)","Rumour spread on Deuxmoi and teased by accounts including dondasplace. Was said to be ""rock influenced"". No real evidence exists.",Deuxmoi,Fake Rumor,Not Available,
MUSIC [V1],"666 [V2]
(with Lil Uzi Vert) (prod. Akachi & BHeavy)","OG Filename: pbc uzi 666 3.23.23
A song snippeted by King Bob on his Twitter. Carti's verse is unheard in the snippet; not related to '666-EVIL'. It was confirmed as a solo uzi song by a seller. The Carti Verse is a Stem Edit. King Bob said that theres 2 versions of 666, 1 with solo Uzi, and the second with Carti and Uzi.",People who run King Bob's Twitter,Fake Rumor,Recording,"https://imgur.gg/f/7gg4N5P
https://imgur.gg/f/MEJ1xtb"
MUSIC [V1],Bentley Truck,"This was an ai track that was made by Lio, and 00scoobert got plex to try and gb it. Instantly when Plex sent the LQ snippet we knew it was ai. He has since been banned from every Carti server.","Lio (creator)
Plex",Fake Leak,Tagged,LINK NEEDED
MUSIC [V1],"Free Spyda
(with Destroy Lonely & Lil Uzi Vert)
(Designer Drugs)","Previewed at a club, Fritz Owens would make a post featuring the song title ""Free Spyda"" but this snippet is a fake and the whole Ai song was found on Youtube. Supposedly there is a real song called Free Spyda.",,Fake Leak,CD Quality,https://pillows.su/f/081f4061f9ad388d53ff25e65faa9699
MUSIC [V1],"Hardy Boys
(with Ken Carson & Destroy Lonely)","A fan edit with ""Murda Musik"" and ""Same Yung Nigga"" vocals on a new beat. Was originally thought to be real by some due to it being featured on the infamous Destroy Lonely tracker. ",OpiumJai,Fake Leak,CD Quality,https://www.youtube.com/watch?v=z9CXCsCOHW0
MUSIC [V1],"Headshot
(feat. Lancey Foux)", Real vocals but not meant for Carti.,Waterfalls,Fake Leak,Snippet,https://www.reddit.com/r/playboicarti/comments/ssul6e/new_snippet_of_headshots_ft_lancey_foux_unclear/
MUSIC [V1],"HEARD Y'ALL GETTING MONEY
(feat. Yeat) (prod. KP Beatz & Jonah Abraham) 
(Getting Money)","Fake version of HEARD Y'ALL GETTING MONEY with an unreleased Yeat verse stitched to it from the song ""King Tonka"" which uses the same beat and is also from 2022.",MUSIC ON SOLANA,Fake Leak,Tagged,https://imgur.gg/f/JwpbeS4
MUSIC [V1],"LOSER
(MAY)","First posted on tiktok [1], believed to be a real song by Carti Hub [2]. Hogan said that there is even a music video for the song [3]. It turned out to be a song called X And Red by Highoxide with a carti ai model over the vocals. Then was reproded by LL Clawz and turned into ""LOSER"" on Project YVL by 507kaz, Twxn & LL Clawz.",Y3Hami,Fake Leak,Recording,https://imgur.gg/f/7JHSSEh
MUSIC [V1],"Medusa* [V2] 
(feat. DaBaby) (prod. F1LTHY, Lukrative, Lucian)
(Going Outta Style)","OG Filename: Carti Going Outta Style DaBaby v7 05.26.22
Fake version of Medusa* featuring DaBaby. It was believed to be real because Soul stated that the feature was real and ordered by Interscope, but in reality Waterfalls sent DaBaby the beat pretending to be Interscope. Leaked on March 21, 2026.",Waterfalls,Edit,CD Quality,https://music.froste.lol/song/99636cd2b3c1a7563d31eabbdda0afaa 
MUSIC [V1],"Immortal 
(prod. Cash Carti)","Stem edit using ""Just A Dream"" vocals.",prod.cashcarti,Fake Leak,High Quality,https://www.youtube.com/watch?v=8YxQLBRBpJI&ab_channel=cash%212
MUSIC [V1],"Odyssey
(feat. Lil Uzi Vert)","LQ snippets of an AI song surfaced in 2023, higher quality snippets later surfaced. Also known as Bad Bih",,Fake Leak,Snippet,https://pillows.su/f/356d437157128662937494f3796b0bf2
MUSIC [V1],"Reaper
(Telescope)","A snippet of Lil Unky's song ""Annointed"" surfaced and people were convinced it was Playboi Carti, it was not. People shared the snippet pitched up, saying the pitched up version was definetly Carti, it was not.",Carti Hub,Fake Leak,Snippet,https://pillows.su/f/def8e5e56a975ed9cc3406db80a77fc0
MUSIC [V1],"???
(with Yeat)",Supposed collab between Carti & Yeat teased by @twizzcorp which is affiliated with Yeat. Later confirmed to be fake so the page was possibly hacked.,twizzcorp,Fake Rumor,Not Available,https://i.redd.it/qp5x4rxvp93a1.jpg
MUSIC [V1],"???
(prod. Roark Bailey)
(pbc roark 2.20.22)","Fake filename teased by Soul on Twitter, confirmed by RPC to be real initially due to him believing that Soul did have credibility when it came to info about MUSIC era songs but Soul later admitted that these filenames are fake and that the songs in question do not exist.",Soul,Fake Leak,Not Available,
MUSIC [V2],"???
(prod. heaveninstereo)
(pbc 7-2-23 heaveninstereo)","Fake filename teased by Soul on Twitter, confirmed by RPC to be real initially due to him believing that Soul did have credibility when it came to info about MUSIC era songs but Soul later admitted that these filenames are fake and that the songs in question do not exist.",Soul,Fake Leak,Not Available,
MUSIC [V2],"""Unused"" MUSIC Album Cover ","A fan-made concept cover for MUSIC made around 2023. The creator behind the cover lied about ""carti team considering it"", while in actuality the sent email got an auto-reply email.The cover was originally posted on IG as a fan art. Inspired by “Eaten Back To Life” by Cannibal Corpse.",Reddit,Fake Rumor,High Quality,https://imgur.com/a/R7PYcer
MUSIC [V3],"ALL RED [FORTNITE VERSION] 
(prod. F1LTHY, Lukrative, Lucian, Twisco & Ojivolta)","OG Filename: FortniteJamTrackAllRed
Version of ALL RED intended to be put in Fortnite as a Jam Track. Has odd censoring. Its fake",,Fake Leak,CD Quality,https://pillows.su/f/fb4670fe0f459984581cb510bfb31275
MUSIC [V3],bitch your blocked [V1],"Version of bitch your blocked without the Lawson AI. A fake CDQ snippet surfaced shortly after the OG File for the second version leaked.

The link contains a fake snippet, Lawson was listening to another song and someone edited the song into bitch your blocked without AI",lawson,Fake Leak,Low Quality,https://www.reddit.com/r/playboicarti/comments/1hs2nol/lawson_playing_real_music_without_the_carti_ai/
MUSIC [V3],"COFFIN* [V2]
(feat. Yeat) (prod. ???)","Reliable sources had claimed that there is a version of COFFIN* with a Yeat feature, but there is no evidence to back up the claim.",,Fake Rumor,Not Available,
MUSIC [V3],"⭐️ Countin' Caskets [V2]
(feat. jaydes) (prod. MilanMakesBeats)","A version of Counting Caskets with a jaydes feature. The song itself is real, as jaydes did record the vocals for this song, but this version was never meant for Carti, and probably just made for fun. Leaked in a jaydes massleak sometime in 2024.",jaydes,Fake Leak,CD Quality,https://pillows.su/f/8a4f5ad68625dd055f511ea2520ca2b6
MUSIC [V3],"EVILJ0RDAN [REMIX]
(feat. UnoTheActivist)",Fake UnoTheActivist verse on EVILJ0RDAN,,Fake Leak,High Quality,"https://pillows.su/f/2fb89ca36ab80cc8b4e2650ecfe585fb
https://pillows.su/f/28fd74578bb74941d73c0d6fd9ebeded"
MUSIC [V3],"GOOD CREDIT [Demo]
(prod. Cardo Got Wings)","Posted by some random guy on LCX, was on the tracker for a few hours before being pulled (obviously) since it was a new member exclusive. Was never explicitly said to be fake but also wasn't claimed to be real by anybody credible, so it was probably a LARP.",Doblah,Fake Leak,High Quality,http://music.froste.lol/song/fcfa0a198742299f800d906502c18995/play
MUSIC [V3],"""King Bob Snippet""
(prod biblemami)",King bob said it was a carti song but turns out it was just a beat for someother guy,King Bob,Fake Leak,High Quality,https://krakenfiles.com/view/8rdceycsF2/file.html
MUSIC [V3],"MÉNAGE [V3]
(feat. Lil Uzi Vert) (prod. F1LTHY)","It was rumored that Carti finished his verse for the song, and the track was considered for Pink Tape just a day before its release, though no real evidence supports this. Soul has confirmed that there is no finished version of ""MÉNAGE"" and the leaked edit of the song, along with the unleaked open version, is all that we have.",,Fake Rumor ,Not Available,https://music.froste.lol/image/7545bed4092a48dd5230c8e14bbb6925/play
MUSIC [V3],"OMERTÀ
(feat. DJ Swamp Izzo)",Fake version of OMERTÀ with AI DJ Swamp Izzo.,Unknown,Fake Leak,High Quality,https://pillows.su/f/23df763f74c4ad094ae23f060794504b
MUSIC [V3],"POP [V5]
(prod. F1LTHY, SLOWBURNZ & DJH)
(POP OUT, P0P 0UT, P0P)","Plex claimed to have this non-existent reiteration of POP where the outro is supposed to be cut out and contains additional ad-libs. Plex instead sent the released version with the outro cut out to RunAw claiming ""It's a new version"". After being pressed about this situation, he began to say he did it on purpose, even tho he traded a whole ass song that is not his for it...

There is an arabic saying...",Plex (stupid fn),Fake Leak,Not Available,
MUSIC [V3],"PROJECTS
(Take A Risk)","The INFAMOUS ai remaster of Projects which leaked on leaked.cx.
Made by GhoulCharge which later he got a copyright strike on the ai remaster.

(A lot of people still think that the real song is ai)","GhoulCharge (creator)
Y3Hami (""Leaker"")",AI Remaster,High Quality,"https://pillows.su/f/2bfa8e155056ea014a445d4b9fed4528
"
MUSIC [V3],"RATHER LIE [Demo]
(feat. The Weeknd) (prod. F1LTHY, Mike Dean, Ojivolta)",Version of Rather Lie created by HeartsYoshi and supposedly being an earlier rendition of Rather Lie. Extremely obvious that this is AI but HY still had the audacity to tag it.,HeartsYoshi,Fake Leak,CD Quality,https://music.froste.lol/video/030f9c9f085cbcba8dd2c2ad0e10e595
MUSIC [V3],"Sigmas Rise 
(prod. metrogroomin)
(Skibidi Tax, Adin Ross Single)","AI snippet of ""Sigmas Rise"".",metrogroomin,Fake Leak,Low Quality,https://www.youtube.com/watch?v=yVeHHuYIvbo&ab_channel=dnz
MUSIC [V3],"Telescope
(feat. Travis Scott) (prod. LLCLAWZ) 
(They Know I love Big Balls)",AI song by TWXN. Commonly memed as a real song in the comm,TWXN,Fake Leak,CD Quality,https://open.spotify.com/track/46oDV1H9EdVmnWSivShuH1
MUSIC [V3],"Destroy Lonely - Teen Knight Poem
(feat. Playboi Carti)",It was believed that Carti had a feature on Teen Knight by Destroy Lonely but it was proven false.,DJ Swamp Izzo,Fake Rumor ,Not Available,https://x.com/purplematter4/status/1869580303645495322?s=46
MUSIC [V3],EARLY MUSIC [Tracklist],A fake early music tracklist was posted to reddit saying that Kee Dolla$ posted it on insta and then deleted it.,Reddit,Fake Leak,Not Available,https://ibb.co/XxqN8RrC
MUSIC [V3],I AM MUSIC [Tracklist],"Fake ""I AM MUSIC"" tracklist, do not believe this. Features grails such as 'SEEYUH (feat. Ty Dolla $ign)",blackwell,Fake Leak,Not Available,https://krakenfiles.com/view/tSA7rfJd0r/file.html
BABY BOI,"Ye - ROLLING LIKE THIS ONE HERE IS SHOWTIME
(feat. James Blake & Playboi Carti)",Fake song with Carti from an also fake deluxe tracklist for Ye's album BULLY,Hogan,Fake Leak,Not Available,https://mega.nz/file/G7gERYDZ#QnCDQQZVMIH0tIRHnRSEOplZ433uiofVBnxchwVOuxA
BABY BOI,"POSEIDON
(prod. Pi'erre Bourne)
(NAUGHTY, NODDIN)","Previewed by a seller on March 17, 2025. Confirmed to be fake by Carti Hub owners, no sellers known about it and was first posted in a russian telegram channel notorious for posting AI music. Later posted in higher quality by a YouTube user named @playboiah. Another snippet with more vocals in recording quality leaked on March 23, 2026.",,Fake Leak,Recording,"https://pillows.su/f/ee2dde511e0038a4d0dde8e2170c8523
https://imgur.gg/f/pXM7m1Y"
BABY BOI,"Bad Bunny - Sofia
(feat. Playboi Carti)","Someone created and spread a fake tracklist for Bad Bunny's new album, which included Playboi Carti. The rumor quickly gained attention, but Bad Bunny's team later confirmed it was fake. While it's possible that Carti and Bad Bunny have a real song together, nothing has been confirmed.",,Fake Rumor,Not Available,https://music.froste.lol/image/a51f280fdb331256138caaae5122c790/play