Era,Name,"Notes
(Join the Discord to help fix any issues + help with dead links)",Full Length,Leak Date,"File
Date",Quality,Available Length,Link(s)
,Aviation Class,,,,,,,
,Instrumentals,,,,,,,
Aviation Class,"Lil Chay Is A Bitch [Instrumental]
(prod. JCee)","Instrumental for ""Lil Chay Is A Bitch"" previewed by Carti right before recording on it. (Earrape warning)",,"May 28, 2009",,Instrumental,Partial,https://imgur.gg/f/wCSehlT
,"The High Chronical$
(THC: The High Chronicals)",,,,,,,
,Instrumentals,,,,,,,
THC: The High Chronical$,"Carolina Blue Freestyle [Instrumental]
(prod. Cookin Soul)","Instrumental for ""Carolina Blue Freestyle"".",,"Sep 6, 2023",,Instrumental,Yes,https://pillows.su/f/4117853410e10f5abfed58b2be629c1b
THC: The High Chronical$,"Living Reckle$$ [Instrumental]
(prod. Ski Beatz)","Instrumental for ""Living Reckle$$""",,2011,,Instrumental,Yes,https://music.froste.lol/song/3d80020b078918d3f8d890d227b1cb7f
THC: The High Chronical$,??? [instrumental],Instrumental used in a THC song Raahim owns. [1],,N/A,,Instrumental,Yes,https://imgur.gg/f/up6tyhB
,Young Mi$fit,,,,,,,
,Instrumentals,,,,,,,
Young Mi$fit,"36 Villainz [Instrumental]
(prod. Cold Hart)
(36IllVillianz)","Instrumental for ""36 Villainz"".",,"Sep 6, 2023",,Instrumental,Yes,https://pillows.su/f/c48c52331047d309bad4d23252adcb9a
Young Mi$fit,"Blue Crystal$ [Instrumental]
(prod. Tom Voduz)","Instrumental for ""Blue Crystal$"".",,"May 23, 2023",,Instrumental,Yes,https://pillows.su/f/a987ae16bfa2832945439194b7dcdc54
Young Mi$fit,"$teeze [Instrumental]
(prod. TDeeZy)","Instrumental for ""$teeze"".",,"May 23, 2023",,Instrumental,Yes,https://pillows.su/f/0dc0c870fb5dc06d94871be7d0aa37a0
Young Mi$fit,"Van Go [Instrumental]
(prod. Cold Hart)","Instrumental for ""Van Go"".",,"May 23, 2023",,Instrumental,Yes,https://pillows.su/f/e5c7850a37d5f02cc07a52c4585fe5b1
,Samples,,,,,,,
Young Mi$fit,"Paper Cha$e [Sample]
(prod. SonoSoloSoul)","Samples ""The 6th Sense"" by Common.",,N/A,,Sample,Yes,https://open.spotify.com/intl-it/track/4uEgNznLaLZAfkHn36s7cC
,Sen$ation,,,,,,,
,Instrumentals,,,,,,,
Sen$ation,"Dope [Instrumental]
(prod. Jones Beatz)","The original instrumental for Dope was a type beat prod. by Jones Beatz and uploaded Dec 7, 2012. The song was only heard at the end of the H2O song so only a short bit was heard as it was a teaser for the Dope.",,"Dec 7, 2012",,Instrumental,Yes,"https://pillows.su/f/87340eada5294e30f65aab6c10ce0e7a
https://www.youtube.com/watch?app=desktop&v=CzGwRe-EJFA"
Sen$ation,"Faster [Instrumental]
(prod. Naughty Gawd)","Instrumental for ""Faster"".",,2012,,Instrumental,Yes,https://music.froste.lol/song/5bf109fb6eaf58b6afb51519ea6b7d40
Sen$ation,"Outchea [Instrumental]
(prod. Tay Lewis)","Instrumental for ""Outchea"".",,"May 23, 2023",,Instrumental,Yes,https://music.froste.lol/song/21ecfdc178b3227bdce80519dd03298b
Sen$ation,"So Cold [Instrumental]
(prod. J Endo Productions)","Instrumental for ""So Cold"".",,"May 23, 2023",,Instrumental,Yes,https://music.froste.lol/song/359eaac1bb9af849082c5057f533ef34
Sen$ation,"Terror Shit [Instrumental]
(prod. E.beats, 1panicattack & MelroseZee)","Instrumental for ""Terror Shit"".",,"May 23, 2023",,Instrumental,Yes,https://pillows.su/f/ddaa6ee89e0ec4bb6f7a15c7c5f57f87
Sen$ation,"This Cash [Instrumental]
(prod. MelroseZee & DbeatzBitch)","Instrumental for ""This Cash"".",,2024,,Instrumental,Yes,https://pillows.su/f/78f5ee362be2377db405aef981edc82d
Sen$ation,"YUNGXANHOE [Instrumental]
(prod. Sqvxlls)","The original instrumental for YUNGXANHOE was a type beat prod. by Sqvxlls and uploaded Feb 6, 2013. The beat is cut short on Carti's track and therefore the full beat is much longer.",,"Feb 6, 2013",,Instrumental,Yes,https://www.youtube.com/watch?v=Qz1ogaZTBJg
,Samples,,,,,,,
Sen$ation,"For My Set [Sample]
(prod. Indolympus)","Samples ""Come Morning"" by Rocco Ventrella.",,N/A,,Sample,Yes,https://open.spotify.com/intl-it/track/3HiIM4HrK9swDwzQM4ATcW
,Death In Tune,,,,,,,
,Session,,,,,,,
Awful Records,"Forgiato [Vocal Stems]
(prod. Chupi)
(She Onna Block)","Vocal stems for the unreleased song ""Forgiato"" leaked in 2019 alongside the song.",,N/A,,Session,Yes,https://pillows.su/f/f265a2b8acc120a6e466a86c8334c045
Awful Records,"Chill Freestyle [Instrumental]
(prod. MexikoDro & BeatPluggz)","Instrumental for Chill Freestyle, previewed by MexikoDro on his IG live.",,N/A,,Instrumental,Snippet,https://imgur.gg/f/FGrmtaf
,Samples,,,,,,,
Awful Records,"VVS Diamonds [Sample]
(prod. Zach Diamonds)",Sample used in VVS Diamonds,,N/A,,Sample,Yes,https://blumarten.bandcamp.com/album/blu-mar-ten-jungle-jungle-1989-to-1999-samplepack
,Cash Carti The Mixtape,,,,,,,
,Instrumentals,,,,,,,
Cash Carti The Mixtape,"Talk (ICYTWAT Remix) [Instrumental]
(prod. ICYTWAT)","OG Filename: t icytwat
Official instrumental released by ICYTWAT.",,"Sep 12, 2017",,Instrumental,Yes,https://pillows.su/f/2854826af52931a95404b79c101fd0d4
Cash Carti The Mixtape,"Ethereal - Freestyle / 4 The People [Loop]
(feat. Playboi Carti)","OG Filename: 4thepeople 113 
Instrumental loop for Freestyle 4 The People",,"Mar 30, 2025",,Sample,Yes,http://music.froste.lol/song/867a9a3c37999acf7c7864a6473ee2fd/play
,Stems,,,,,,,
Cash Carti The Mixtape,"Nobody [Stems]
(prod. R.I.P. Ali)","Unleaked stems to the released song ""Nobody"".",,N/A,,Studio Stems,No,LINK NEEDED
,Samples,,,,,,,
Cash Carti The Mixtape,"Splur Gang [Sample]
(prod. Ant Spittah)","Samples ""Laurie's Theme"" by John Carpenter.",,N/A,,Sample,Yes,https://pillows.su/f/b2ca801222cff8de5e3eb06e3636482b
,Ca$h Carti Season,,,,,,,
,Instrumentals,,,,,,,
Ca$h Carti Season,"Evil [Instrumental]
(prod. Galli)","OG Filename: Eager (Instrumental) X MINUS CG1
Instrumental for ""Evil""",,N/A,Instrumental,Instrumental,Yes,https://imgur.gg/f/8Ro3eGe
Ca$h Carti Season,"Finesse Remix [Instrumental]
(prod. captain crunch & Chinatown)","OG Filename: aston martin (cc x chinatown)
Instrumental for ""Finesse Remix""",,N/A,,Instrumental,Yes,https://pillows.su/f/42ecb989e3b19ebc87a03d4f98a15bf3
Ca$h Carti Season,"Turn Up [Instrumental]
(prod. Don Cannon & Maaly Raw)",Instrumental for Turn Up,,N/A,,Instrumental,Yes,https://soundcloud.com/djdoncannon/unreleased-beat-2016-cannon-maaly-raw
Ca$h Carti Season,"What [Instrumental]
(prod. AWGE and James Mackel) ","OG Filename: MEDITATE 99
Filename shows the beat was named ""Meditate"".",,N/A,,Instrumental,Yes,https://pillows.su/f/8b94bbad271a85122fdc0e18d3dc222c
,Sessions,,,,,,,
Ca$h Carti Season,"LAMB$ - 2 Door [Protools]
(feat. Playboi Carti)",Snippet leaked by Handler.,,N/A,,Session,No,https://pillows.su/f/09a9930c73a5d156e0ef33bd67643a1a
,"Playboi Carti
(Self Titled)",,,,,,,
,Instrumentals,,,,,,,
Playboi Carti,"Autograph [Instrumental]
(prod. Pi'erre Bourne)",Instrumental for Autograph,,"Sep 21, 2024",,Instrumental,Yes,https://pillows.su/f/d0eab4ee2806c575cb8c65fff5a57ff3
Playboi Carti,"A$AP Ferg - Mad Man [Instrumental]
(feat. Playboi Carti) (prod. Honorable C.N.O.T.E.)","Instrumental to the released song ""Mad Man"".",,N/A,,Instrumental,Yes,https://pillows.su/f/8d2558efadb55e5218b39c647cffd3b5
Playboi Carti,"Brand New [Instrumental]
(prod. Chinatown)","Instrumental to the unreleased song ""Brand New"".",,2022,,Instrumental,Yes,https://pillows.su/f/19fd8c8fb870f0d0ddd586b0dc4aee85
Playboi Carti,"Countin' Caskets [Instrumental]
(prod. MilanMakesBeats)","Instrumental to the unreleased song ""Countin' Caskets"". Filename shows the beat was named ""Havin"".",,N/A,,Instrumental,Yes,https://pillows.su/f/68493881afebd076671a9227b3b9a6c3
Playboi Carti,"dothatshit! [Instrumental]
(prod. Pi'erre Bourne)","Instrumental for ""dothatshit!"".",,"Jan 23, 2026",,Instrumental,Yes,"http://music.froste.lol/song/3d47308cf1449a6b11fffe4977320c9d/play
http://music.froste.lol/song/a878fecf3144fd47b2c2d37d2388b262/play"
Playboi Carti,"Foreign South America [Instrumental]
(prod. Chinatown)",Instrumental for Foreign South America,,N/A,,Instrumental,Yes,https://pillows.su/f/bbfc2c7c54690411efa2a10a400a95f8
Playboi Carti,"Flex [V1] [Instrumental]
(feat. Leven Kali) (prod. J. Cash & KasimGotJuice)","OG instrumental of Flex, ended up changing due to not being cleared.",,N/A,,Instrumental,Yes,https://www.youtube.com/watch?v=KgYF3SF7QBU
Playboi Carti,"Full Metal [Instrumental]
(prod. Pi'erre Bourne)","OG Filename: check5 130
Instrumental for the unreleased song ""Full Metal"".",,2024,,Instrumental,Yes,https://www.youtube.com/watch?v=jWHP8-9d_3c&ab_channel=ExtraSossy
Playboi Carti,"Let It Go [Instrumental]
(prod. Pi'erre Bourne)","Official instrumental for ""Let It Go"".",,"Jun 7, 2025",,Session,Yes,https://pillows.su/f/4de111906d27171a27f6e49c96c52410
Playboi Carti,"Magnolia [Instrumental]
(prod. Pi'erre Bourne)",Instrumental for Magnolia.,,N/A,,Instrumental,Yes,https://pillows.su/f/38449896cf113a585e41e1a340cb6602
Playboi Carti,"No Charm [Instrumental]
(prod. Harry Fraud)","Instrumental to the unreleased song ""No Charm"".",,N/A,,Instrumental,Yes,https://pillows.su/f/ab042c5054c9b192407bcee5adb37dd9
Playboi Carti,"Places [Instrumental] [V1]
(prod. Harry Fraud)","Instrumental to the unreleased song ""Places"".",,N/A,,Instrumental,Yes,https://music.froste.lol/song/bbf086b14abc53170a6c630a4d327541/play
Playboi Carti,"Places [Instrumental] [V2]
(prod. Harry Fraud)","Instrumental to the unreleased song ""Places"".",,N/A,,Instrumental,Yes,https://pillows.su/f/4aff8186ac32620aa22ca07202f639fc
Playboi Carti,"Red Bandana Santana [Instrumental]
(prod. Polo Boy Shawty)","Original type beat that Carti would use for his track ""Red Bandana Santana"". Video shows the beat was titled ""23 Vlone"". Has ""purchase your tracks today"" tag throughout the song.",,N/A,,Instrumental,Yes,https://www.youtube.com/watch?v=YBJhmvQqQ-E&list=PLxwk2ZgJMXasKHyKspIzi6S_v_K6wlmxx&index=38
Playboi Carti,"Rollie Hook [Instrumental] 
(prod. Pi'erre Bourne)","Instrumental for ""Rollie Hook"" and ""Sellin White"".",,"Mar 26, 2025",,Instrumental,Yes,https://music.froste.lol/song/de9c50f3de6e107569b41ac8b80ac7b0
Playboi Carti,"Snake [Instrumental]
(prod. Southside & Pi'erre Bourne)",Previewed on Southside's IG live in 2017,,2017,,Instrumental,Snippet,https://imgur.gg/f/oBu3bfQ
Playboi Carti,"Snitches [Instrumental]
(prod. Southside)",Previewed on Southside's livestream on December 2016.,,N/A,,Instrumental,No,https://music.froste.lol/video/89df417b123a9286b80317a37acb5571/play
Playboi Carti,"We So Proud Of Him [Instrumental]
(prod. 6Silky & BasedTJ)","The beat Carti used for ""We So Proud Of Him"" is a Playboi Carti type beat posted to youtube in 2016.",,"Feb 21, 2016",,Instrumental,Yes,https://www.youtube.com/watch?v=8BO5mY0LnHE&ab_channel=6Silky
Playboi Carti,"A$AP Ferg - Mad Man [Instrumental]
(feat. Playboi Carti) (prod. Honorable C.N.O.T.E.)","Samples ""Tear Da Club Up"" by Three 6 Mafia",,N/A,,Instrumental,Yes,https://pillows.su/f/b834a8dc3cdeef68be778d481681dffc
,Sessions,,,,,,,
Playboi Carti,"A$AP Ferg - Mad Man [Session]
(feat. Playboi Carti) (prod. Honorable C.N.O.T.E.)","Session to the released song ""Mad Man"".",,"Jan 24, 2026",,Session,Yes,https://krakenfiles.com/view/wLSLR4k1ZW/file.html
Playboi Carti,"Bands Up [Session]
(prod. Pi'erre Bourne)","Session for ""Bands Up"" before Pi'erre recorded on it.",,"Jan 24, 2026",,Session,Yes,https://krakenfiles.com/view/jbcigSiHpA/file.html
Playboi Carti,"dothatshit! [Session]
(prod. Pi'erre Bourne)","Session for ""dothatshit!"".",,"Jan 24, 2026",,Session,Yes,https://krakenfiles.com/view/eIisVPXTuq/file.html
Playboi Carti,"Half & Half [Session]
(prod. Southside)","Session for Half & Half. Leaked by Jodan as an apology for the stem edit ""Snake"".",,"Jan 18, 2026",,Session,Yes,https://pixeldrain.com/u/zsZz7G8X
Playboi Carti,"Kelly K [Session]
(prod. Southside)","Session for ""Kelly K"".",,"Jan 24, 2026",,Session,Yes,https://krakenfiles.com/view/uJsEzMJa2l/file.html
Playboi Carti,"Lame Niggaz [Session]
(prod. Pi'erre Bourne)","Session for ""Lame Niggaz"".",,"Jan 24, 2026",,Session,Yes,https://krakenfiles.com/view/QMKSI0rxhP/file.html
Playboi Carti,Let It Go [Session],"Session for ""Let It Go"". Leaked via a pb to leak.",,"Jun 7, 2025",,Session,Yes,https://imgur.gg/f/zRimZF4
Playboi Carti,"Magnolia [Session]
(prod. Pi'erre Bourne)",Session for Magnolia. Leaked as a bonus. ,,"Jan 18, 2026",,Session,Yes,https://gofile.io/d/30O7nA
Playboi Carti,"One Day [Session]
(prod. Pi'erre Bourne)",Session for One Day. Leaked by KAPPER for free.,,"Feb 19, 2024",,Session,Yes,https://krakenfiles.com/view/JhhU5oRyrm/file.html
Playboi Carti,"Other Shit [Session]
(feat. Lil Uzi Vert) (prod. Hit-Boy)","Leaked on April 4, 2022. Includes Carti & Uzi vocal takes as well as instrumental stems. Has a few unused lines from Uzi.",,"Apr 4, 2022",,Session,Yes,https://mega.nz/folder/860iDaJR#D8btO2Kxa2sV2bC47fG4jQ
Playboi Carti,"Yao Ming [Session]
(prod. Pi'erre Bourne)",Leaked via a succesful Carti Tracker Hub gb for $650.,,"Jun 19, 2025",,Session,Yes,https://imgur.gg/f/VcsH0g9
,Stems,,,,,,,
Playboi Carti,Kelly K [Stems],"Stems for the released song ""Kelly K"".",,"Feb 3, 2025",,Studio Stems,Yes,https://krakenfiles.com/view/hIXCUaNA2g/file.html
Playboi Carti,"Magnolia [Stems]
(prod. Pi'erre Bourne)","Leaked on October 20, 2022.",,"Oct 20, 2022",,Studio Stems,Yes,https://pixeldrain.com/u/czdq6TUq
,Samples,,,,,,,
Playboi Carti,Kelly K [Sample Loop],"Original loop used in ""Kelly K"".",,N/A,,Sample,Yes,https://pillows.su/f/50d58476fd6d4186416cdedcc879ef2f
Playboi Carti,"They Hatin' [Sample Loop]
(prod. DJ Dahi)","Original loop used in the unreleased song ""They Hatin'.",,N/A,,Other,Yes,https://pillows.su/f/a9b89c3e359371c72548ddcf2e745bfe
,"16*29
(Collaboration with Lil Uzi Vert)",,,,,,,
16*29,"Break The Bank [Instrumental] 
(prod. Pi'erre Bourne)",Instrumental for Break the Bank,,"Mar 26, 2025",,Instrumental,Yes,https://music.froste.lol/song/dbf5a059ec5545bed8fec76086255c9f
16*29,"Swag Disease [Instrumental]
(w/ Lil Uzi Vert) (prod. DP Beats)","Instrumental to the leaked song ""Swag Disease"". Slightly different from the instrumental on the leaked version.",,N/A,,Instrumental,Yes,https://pillows.su/f/ba4e70bb62e47819df16cfcddf6bae6a
,Other,,,,,,,
16*29,"Big Bank [Acapella]
(w/ Lil Uzi Vert) (prod. Pi'erre Bourne)",Previewed by Trillo Bourne on Instagram live.,,N/A,,Acapella,No,https://music.froste.lol/video/16ea3430441752827c4413d418eb0745/play
,Die Lit,,,,,,,
,Instrumental,,,,,,,
Die Lit,"Choppa Won't Miss [Instrumental]
(prod. Pi'erre Bourne)","OG Filename: trap8 163
Instrumental for ""Choppa Won't Miss"". From the leaked sessions.",,"Jan 16, 2026",,Session,Yes,https://pixeldrain.com/u/6PYCqmie
Die Lit,"Blue Hunnids [Instrumental] 
(prod. Pi'erre Bourne)",Instrumental for Blue Hunnids,,"Mar 26, 2025",,Instrumental,Yes,https://music.froste.lol/song/56432d3715efcb5392196445732d9f12
Die Lit,"Fell In Luv [Instrumental] 
(prod. Pi'erre Bourne)","Leaked randomly on Dec 15, 2025",,"Dec 15, 2025",,Instrumental,Yes,"https://music.froste.lol/song/fb1bd5f453965b53868c0586ae9aaada
https://pixeldrain.com/u/kkAjzxTg "
Die Lit,"Goyard Shopping Bag [Instrumental]
(prod. Pi'erre Bourne)","OG Filename: 01 peirre beat 157 bpm 2
Version of the ""Watch"" beat used for ""Goyard Shopping Bag"". ",,"Jan 29, 2023",,Instrumental,Yes,https://imgur.gg/f/VQZrd1p
Die Lit,"Highschool [Instrumental]
(prod. Pi'erre Bourne)",Instrumental for Highschool,,"Aug 13, 2024",,Instrumental,Yes,https://soundcloud.com/macs-mg/playboi-carti-highschool-1
Die Lit,"Killa [Instrumental]
(prod. Pi'erre Bourne)",Instrumental loop for Killa (Dropped Out),,"Apr 18, 2025",,Instrumental,Yes,https://imgur.gg/f/YguBMhZ
Die Lit,"No Time [Instrumental]
(feat. Gunna) (prod. Pi'erre Bourne)","Instrumental for ""No Time"".",,"Nov 29, 2019",,Instrumental,Yes,https://pillows.su/f/0d511f937e89d2099e605cc970953c5e
Die Lit,"Shoota [Instrumental]
(feat. Lil Uzi Vert) (prod. Maaly Raw)","Instrumental for ""Shoota"".",,"Apr 7, 2026",,Instrumental,Yes,
Die Lit,"Vlone Jacket [Instrumental]
(prod. Pi'erre Bourne)","OG Filename: meggriff4 157
An alternate instrumental for ""Vlone Jacket"".",,N/A,,Instrumental,Yes,https://pillows.su/f/e858bbaf41ce25c67bf888f09b40c4ff
Die Lit,"Pi'erre Bourne - Ripley's [Instrumental]
(feat. Playboi Carti) (prod. Pi'erre Bourne)
(Ripley's, C Notes)","OG Filename: Ripleys ~ instrumental (mastered ts)
Instrumental for Ripleys",,N/A,,Instrumental,Yes,http://music.froste.lol/song/39bd8ba9036c6bdfe0faffaed83cd879/play
Die Lit,"MilanMakesBeats - Butterfly Coupe [Instrumental]
(feat. Playboi Carti & Yung Bans) (prod. MilanMakesBeats)","Instrumental to the released song ""Butterfly Coupe"".",,N/A,,Instrumental,Yes,https://pillows.su/f/2e156cf1d54e652566eef28d70438def
Die Lit,"Toke [Instrumental]
(prod. Pi'erre Bourne)","Earlier version of the ""Toke"" beat previewed by Carti.",,"Sep 2, 2017",,Instrumental,Snippet,https://music.froste.lol/video/06948cef815359b5a2910c824bc71a30/play
Die Lit,"Rockstar [V1] [Instrumental]
(prod. Pi'erre Bourne)
(Love Hurts)","Original version of ""Love Hurts"" with a different beat previewed in Carti's finsta @therealfullmetal2009. No vocals were recorded on this beat.",,N/A,,Instrumental,Snippet,https://music.froste.lol/video/c321bad32a4da29d46052bac0adce0fd/play
Die Lit,"R.I.P [Instrumental]
(prod. Pi'erre Bourne)",Snippet of the OG version of the R.I.P Beat. Unknown if vocals were recorded here,,N/A,,Instrumental,Snippet,"https://music.froste.lol/video/7bdface14c77f4397d380929c1569ab5 
https://pixeldrain.com/u/U8N5ZWKQ "
Die Lit,"SAFE - Paid In Full [V1]
(feat. Playboi Carti) (prod. Pluss)","OG Filename: PLUSS 153PM AMAJORMIX1
Leaked on Aug 28, 2025",3:25,"Aug 28, 2025","Dec 12, 2017",OG,Yes,https://pillows.su/f/35bdfcfec968002eff0f35fab850c5a3
,Sessions,,,,,,,
Die Lit,"Choppa Won't Miss [Session]
(prod Pi'erre Bourne)","Session for ""Choppa Won't Miss"". Recorded Alongside Old Money. Includes Pi'erre's version of the song where he would later add himself as a feature.",,"Jan 24, 2026",,Session,Yes,https://krakenfiles.com/view/0Ym3eGEtuA/file.html
Die Lit,"Old Money [Session]
(prod. Pi'erre Bourne)","Session for ""Old Money"". Recorded alongside Choppa Won't Miss.",,"Jan 24, 2026",,Session,Yes,https://krakenfiles.com/view/7hkaJ7I79l/file.html
Die Lit,"Rockstar [Session] 
(prod. Pi'erre Bourne)
(Fell In Luv, Privacy, Real Rockstar)","Session for ""Rockstar"". Recorded a day before Old Money and Choppa Won't Miss.",,"Jan 23, 2026",,Session,Yes,https://pixeldrain.com/u/1sTWGeTg
Die Lit,"Trap [Session]
(prod. Pi'erre Bourne)
(Classroom)",Session for Trap. Leaked by KAPPER for free.,,"Feb 19, 2024",,Session,Yes,https://pillows.su/f/5e1e4e47f69826ac73e9a2285681df0b
Die Lit,"Shoota [Session]
(feat. Lil Uzi Vert) (prod. Maaly Raw)","Unleaked session for ""Shoota"". Snippets leaked in January 2024.",,"Jan 17, 2024",,Session,Snippet,https://pillows.su/f/17969ea940401f739e869af9b1110cdf
Die Lit,"Work [Session]
(prod. Pi'erre Bourne)","Session for ""Work"".",,"Jan 24, 2026",,Session,Yes,https://krakenfiles.com/view/B6JL4mjrcj/file.html
Die Lit,"Benjamin Kickz - Choppa [V2] [Session]
(feat. Playboi Carti) (prod. Pi'erre Bourne)","Session for the second version of the unreleased Benjamin Kickz song ""Choppa"".",,N/A,,Studio Stems,Yes,https://pillows.su/f/ab92204dcf56c3aece1f614416d4b19b
,Stems,,,,,,,
Die Lit,"Chief Keef - Uh Uh
(feat. Playboi Carti) (prod. Honoroable C.N.O.T.E.)",Carti recording his ad-libs for Uh Uh posted by Chief Keef's on his Instagram story.,,"Jan 5, 2018",,Acapella,Snippet,https://music.froste.lol/song/7adc5380eab17d8ee6c683372bf36fb6
Die Lit,"NAV - Minute [V1] [Vocal Stems]
(feat. Playboi Carti & Offset) (prod. Pi'erre Bourne)","Vocal stems for Carti's original verse on ""Minute"" that were used in fake edits.",,N/A,,Session,Yes,"https://pillows.su/f/3e20992c97ea7f9e44ed9f25d54a2771
https://pillows.su/f/225cd0c3321976fab64cdb771d248fb5"
Die Lit,"Pi'erre Bourne - Yo Pi'erre [Stems]
(feat. Playboi Carti) (prod. Pi'erre Bourne)","Leaked on June 24, 2022.",,"Jun 24, 2022",,Two Track,Yes,https://pillows.su/f/2e90d577341fd8635edcc49b72e8cf6c https://pillows.su/f/92120ce9b3b35ab832ee892dcfa2d26d 
,Samples,,,,,,,
Die Lit,"Lit [Sample Loop]
(prod. CuBeatz)","The original melody used to create ""Lit"".",,"Jul 12, 2022",,Other,Yes,https://pillows.su/f/2da1b2daaa157df1baf0e886cae1aabb
Die Lit,Shawty In Love [Sample Loop],"The original melody used to create ""Shawty In Love"".",,N/A,,Other,Yes,https://pillows.su/f/6145cfe049c2fea12174b9702d43de8d
Die Lit,"R.I.P [Sample]
(prod. Pi'erre Bourne)","Samples ""What About Us"" by Jodeci.",,N/A,,Sample,Yes,https://youtu.be/tJeR3JJBxUg?si=N7P1CqHsLGWe9--A
,Other,,,,,,,
Die Lit,"Ripley's [Acapella]
(prod. Pi'erre Bourne)
(Ripley's, C Notes)","Acapella for ""Ripley's""",,N/A,,Acapella,Yes,http://music.froste.lol/song/9ae2139740df6b975320b9bea0e4372a/play
Die Lit,"Fell In Luv [V6] [Acapella]
(prod. Pi'erre Bourne)","Leaked randomly on Dec 15, 2025",,"Dec 15, 2025",,Acapella,Yes,http://music.froste.lol/song/f21aebf37f4d8f284662fc18fe8992fb/play
Die Lit,Work [Acapella],"Leaked by Ciggy on Sep 13, 2025.",,"Sep 13, 2025",,Acapella,Yes,https://pillows.su/f/e3cbe8279ab068c9c92e04a9b7edabeb
Die Lit,"A$AP Ferg - Mad Man [Acapella]
(feat. Playboi Carti)","Acapella for the released song ""Mad Man""",,N/A,,Acapella,Yes,https://krakenfiles.com/view/8bTqO23xzg/file.html
,"Whole Lotta Red [V1]
(Die Lit 2)",,,,,,,
,Instrumentals,,,,,,,
Whole Lotta Red [V1],"???
(prod. Pi'erre Bourne)
(Surf)","A 2 second snippet had surfaced of Carti and the Surf beat by Young Thug. Sometime later, on April 4, 2024, a longer 9 second video surfaced. This probably means Carti has recorded over this beat.",,"Apr 4, 2024",,Instrumental,Snippet,"https://www.youtube.com/watch?v=kLr1omtChm4&ab_channel=Dipyo5 

https://music.froste.lol/song/b53de8fc2742b9569d14771ee906188b/play"
Whole Lotta Red [V1],"??? [Instrumental] [V1]
(prod. lumbyst & Art Dealer)
(Rockstar)",Snippet of the original version w/ different drums posted by lumbyst,,2018,,Instrumental,Snippet,https://www.youtube.com/watch?v=s3-JWPWf7L0
Whole Lotta Red [V1],"??? [Instrumental] [V2]
(prod. lumbyst & Art Dealer) ","A beat previewed on Carti's finsta (@nineninesixteensixteen), though it's unknown if he ever recorded on it. The beat later released on SoundCloud by lumbyst as ""Rockstar."" Rumored to be part of a Richie Souf collab for Whole Lotta Red, but unconfirmed. Carti likely recorded on (Not 100% Sure).",,"Feb 20, 2025",,Instrumental,Yes,"https://music.froste.lol/song/b969ec91f992f3d83498ea809973593d/play 
https://soundcloud.com/lumbyst/artdealer-rockstar "
Whole Lotta Red [V1],"Bitch Boy [Instrumental]
(prod. Richie Souf) 
(2.6 Boy)",Bitch Boy instrumental posted by richie souf via his richie grails zip.,,"Aug 31, 2023",,Instrumental,Yes,https://pillows.su/f/6213f7a8f3e60f52848be177fc5ee7e6
Whole Lotta Red [V1],"Goku [Instrumental]
(prod. Pi'erre Bourne)",Instrumental for Goku/Asthma.,,"Sep 5, 2019",,Instrumental,Yes,https://pillows.su/f/9fe9b4ca3fc72c48609ebc173fadad61
Whole Lotta Red [V1],"Cancún [Instrumental]
(prod. Pi'erre Bourne)",Instrumental for Cancún.,,"Nov 7, 2019",,Instrumental,Yes,https://pillows.su/f/5c65fc02d2b9d75ce9c9c28c69c32f8f
Whole Lotta Red [V1],"Buffie The Body [Instrumental]
(prod. Roark Bailey)",Instrumental for Buffie The Body,,"Oct 18, 2022",,Instrumental,Yes,https://pillows.su/f/829c7119c3af55713d61b433d7500463
Whole Lotta Red [V1],"Butterfly Doors [Instrumental]
(prod. Pi'erre Bourne)"," OG Filename: littletree10 140
Alternate instrumental for ""Butterfly Doors"". File dated to Apr 29, 2018",,2022,,Instrumental,Yes,https://pillows.su/f/1a79cf9526da899ad3e603e4da252f1b
Whole Lotta Red [V1],"Designer Shoes [Instrumental] 
(prod. Chinatown)","OG Filename: bring a friend 
Instrumental for ""Designer Shoes"".",,2022,,Instrumental,Yes,https://pillows.su/f/19fd8c8fb870f0d0ddd586b0dc4aee85
Whole Lotta Red [V1],"Free PDE [Instrumental] 
(prod. Bijan Amir)","Instrumental for ""Free PDE"".",,2024,,Instrumental,Yes,LINK NEEDED
Whole Lotta Red [V1],"Friends [Instrumental]
(prod. Pi'erre Bourne)","Instrumental to the leaked song ""Friends"". Samples ""Agony"" by Yung Lean.",,"Nov 30, 2024",,Instrumental,Yes,https://imgur.gg/f/NtaldBJ
Whole Lotta Red [V1],"In Line [Instrumental] 
(prod. Metro Boomin)","Instrumental for ""In Line"".",,"Mar 23, 2023",,Instrumental,Snippet,https://www.youtube.com/watch?v=MhFlQUjUUpo&ab_channel=bro
Whole Lotta Red [V1],"Not Real [Instrumental]
(prod. Pi'erre Bourne)",Instrumental for Not Real,,N/A,,Instrumental,Yes,https://pillows.su/f/33c38e6c3a7a994a9b92b8a6dc2e9b69 
Whole Lotta Red [V1],"Proud Of You [Instrumental]
(prod. Oogie Mane & Brandon Finessin)","Instrumental for Proud Of You, previewed by Brandon on his IG live.",,N/A,,Instrumental,Snippet,https://pixeldrain.com/u/YRZdhyVP
Whole Lotta Red [V1],"Shopping Spree [Instrumental]
(prod. EarlOnTheBeat)
(Balmain Jeans, Bags On Me, 500 Degrees)",Instrumental posted by Earl on TikTok.,,"Dec 16, 2025",,Instrumental,Partial,https://www.tiktok.com/@earlonthebeattt/video/7584512413005909261
Whole Lotta Red [V1],"Tryna Get Down [Instrumental]
(prod. Richie Souf)",TGD instrumental posted by richie souf via his richie grails zip. ,,"Aug 31, 2023",,Instrumental,Yes,https://pillows.su/f/a83d3fa47f5a8ce6333f81fa10703699
Whole Lotta Red [V1],"Too [Instrumental]
(prod. Richie Souf)",Thongs Too instrumental posted by richie souf via his richie grails zip.,,"Aug 31, 2023",,Instrumental,Yes,https://pillows.su/f/91242529804aefbc639bd022dfea15ba
Whole Lotta Red [V1],"Trenches [Instrumental]
(prod. Zaytoven)","Instrumental to the unleaked song ""Trenches"". Originally used for ""Make Tha Trap Say Aye"" by Oj Da Juice Man",,2009,,Instrumental,Yes,https://pillows.su/f/b941561148817cf3b0712f4d87adcdd3
Whole Lotta Red [V1],"Whole Lotta Red [Alt Instrumental]
(prod. Maaly Raw)","Instrumental to the unreleased song ""Whole Lotta Red"". Features alternate production.",,2020,,Instrumental,Yes,https://pillows.su/f/eaa1a5bfa1f6bd114e2812fd6d1e0501
Whole Lotta Red [V1],"A$AP Rocky - Buck Shots [Instrumental]
(prod. Kelvin Krash)",Official instrumental posted by the producer on his Instagram. (Now archived) Its really low bit rate.,,2018,,Instrumental,Yes,https://music.froste.lol/song/e9307cf3dbb0f11bff0ded73d4586f7d/play
Whole Lotta Red [V1],"Juice WRLD - Ronald [Instrumental]
(feat. Playboi Carti) (prod. Gezin & Nobu)",Instrumental for Ronald,,N/A,,Instrumental,Yes,https://pillows.su/f/7b831abf1527a74b77b828bf1ae40cfc
Whole Lotta Red [V1],"Tyler, The Creator - EARFQUAKE [Instrumental]
(feat. Playboi Carti) (prod. Tyler, The Creator)",Instrumental for EARFQUAKE.,,2020,,Instrumental,Yes,https://pillows.su/f/54ecefd27b5dd2a2d0310faefaf15dc0
,Stems,,,,,,,
Whole Lotta Red [V1],"Ye - Bipolar [V2] [Stems]
(prod. Wheezy)
(Go2DaMoon)",Stems for a 2018 version of Bipolar (Go2DaMoon).,,N/A,,Studio Stems,Yes,https://pillows.su/f/91662a8af07043274172d36848bedcbd
,Sessions,,,,,,,
Whole Lotta Red [V1],"Athena [Session]
(prod. Maaly Raw)","Full recording session for the song ""Athena"". Includes the instrumental as well as every recorded vocal for the song.",,"Mar 15, 2021",,Studio Stems,Yes,https://drive.google.com/file/d/1pU4dDC3qALvMJdsEhLS3D-X6vyML6Hik/view
Whole Lotta Red [V1],"Dreams [Session]
(prod. London On Da Track)","Full recording session for the song ""Dreams"". Includes the instrumental as well as every recorded vocal for the song",,"Apr 29, 2023",,Session,Yes,LINK NEEDED
Whole Lotta Red [V1],"Fuck it Up [Session] 
(prod. Pierre Bourne)","Session for ""Fuck It Up""",,2019,,Session,Partial,https://pixeldrain.com/l/YSbQsPEg
Whole Lotta Red [V1],Not Real [Session],Headphone bleed with alt vocals heard in Not Real. Unknown which version.,,N/A,,Session,Snippet,https://pillows.su/f/cb7923d077f4e2b604d6843f6f638626
Whole Lotta Red [V1],Pissy Pamper [Session],Snippet of an alternate take heard in headphone bleed.,,N/A,,Session,Snippet,https://pillows.su/f/ec0990a585e56cefd44ac8a11f0f22c0
Whole Lotta Red [V1],"Young Jordan - RAF [Session]
(feat. Playboi Carti) (prod. Nebu Kiniza)","Unleaked session for ""Raf"" by Young Jordan featuring Carti.",,N/A,,Session,No,LINK NEEDED
,Samples,,,,,,,
Whole Lotta Red [V1],"Back Up [Sample Loop]
(prod. CuBeatz)","The original melody used to create ""Back Up"".",,"Jul 4, 2021",,Other,Yes,https://pillows.su/f/966499cdff5d482bb9f4f498633e68ee
Whole Lotta Red [V1],"Nine Nine [Sample Loop]
(prod. beatsbymango)","The original melody used to create ""Nine Nine"".",,"Dec 3, 2017",,Other,Yes,https://pillows.su/f/e5c6b390d9a676e8ccdd376ad0eda87f
Whole Lotta Red [V1],Pissy Pamper [Sample Loop],"Samples ""Tasogare"" by Mai Yamane",,1986,,Sample,Yes,https://pillows.su/f/aa9860dee307e9a4ac5801e6c8041a53
,Others,,,,,,,
Whole Lotta Red [V1],N3on [Acapella],Acapella snippet leaked on 1/17/24 along with Shoota session & @ MEH snippets.,,"Jan 17, 2024",,Acapella,Snippet,https://pillows.su/f/553d61cff22a05f3a75da898d5490952
,"Whole Lotta Red [V2]
(Blonde Era)",,,,,,,
,Instrumentals,,,,,,,
Whole Lotta Red [V2],"10 Vibes
(prod. Richie Souf)","Beat surfaced via Richie Souf's grail beat tape. Beat made on Oct 15, 2019. Carti recorded on it on October 18, 2019 via a post on his IG.",,"Aug 31, 2023","Oct 18, 2019",Instrumental,Yes,https://pillows.su/f/64e43f70fc0a1931ee4a0d7fad848995
Whole Lotta Red [V2],"2MANY
(prod. Richie Souf)","Beat surfaced via Richie Souf's grail beat tape. Beat made on Oct 9, 2019. Carti recorded on it on October 18, 2019 via a post on his IG.",,"Aug 31, 2023","Oct 18, 2019",Instrumental,Yes,https://pillows.su/f/aa27c36af0cb584ab734b5bcff7deafd
Whole Lotta Red [V2],"Free All My Guys
(prod. Richie Souf)","Beat surfaced via Richie Souf's grail beat tape. Beat made on Feb 6, 2020. The beat was later reused for “Us” by Slump6s.",3:15,"Aug 31, 2023","Feb 6, 2020",Instrumental,Yes,https://pillows.su/f/4da846f4e01e3d75d7558301bbc247f3
Whole Lotta Red [V2],"@ MEH [Instrumental]
(prod. jetsonmade, Neeko Baby & Deskhop)","Instrumental to the released song ""@ MEH"".",,"Aug 28, 2024",,Instrumental,Yes,https://pillows.su/5963ed1c43c10cb58af0ba9f119793ed
Whole Lotta Red [V2],"@ MEH [Alt Instrumental]
(prod. jetsonmade, Neeko Baby & Deskhop)","Previewed on live by jetsonmade, features a producer tag and sound effects at the start that are not present in the leaked instrumental nor the released song.",,N/A,,Instrumental,Snippet,https://music.froste.lol/song/5ec996be583b9b70f4f73bf63128a037
Whole Lotta Red [V2],"Headshot [Instrumental]
(prod. Richie Souf)",Headshots instrumental posted by richie souf via his richie grails zip.,,"Aug 31, 2023",,Instrumental,Yes,https://pillows.su/f/aac0842c87cab2fd0695f0084e07e136
Whole Lotta Red [V2],Homicide [Alt Instrumental],Used in Mango Floo - NAWF (Feat. Offset). Lacks the main melody and is different tempo.,,N/A,,Instrumental,Yes,https://imgur.gg/f/HPnPrti
Whole Lotta Red [V2],"Eastside [Instrumental]
(prod. Samba Beatz & Sgull)
(Hellraiser, Monday)",Eastside instrumental posted by Samba Beatz on YouTube.,,"Aug 17, 2023",,Instrumental,Yes,https://www.youtube.com/watch?v=8EQ4fbJICVs
Whole Lotta Red [V2],"Money & Drugs [Instrumental]
(prod. jetsonmade) 
(M.A.D, Money N Drugs)","OG Filename: 6th_STAR_jetsonmade_bpm147
Instrumental to the leaked song ""Money & Drugs"".",,2020,,Instrumental,Yes,https://pillows.su/f/3aee69ec226f3c1d8dd7c3d9775d9add
Whole Lotta Red [V2],"My Cup [Instrumental]
(prod. Richie Souf)","My Cup instrumental posted by richie souf via his richie grails zip. Unlike Carti's version, the intro does not restart. This original version of the beat was made in January 2020.",,"Aug 31, 2023",,Instrumental,Yes,https://pillows.su/f/7ac52b30b89640526607c2724228fd2f
Whole Lotta Red [V2],"Not For Me [Instrumental]
(prod. Richie Souf)
(Way Too Much Cash, rs_idkthisone)",Not For Me instrumental posted by richie souf via his richie grails zip.,,"Aug 31, 2023",,Instrumental,Yes,https://pillows.su/f/2bfe08b531f8bb1c2cb458172c84ec0a
Whole Lotta Red [V2],"Superstar [Instrumental]
(prod. Richie Souf) 
(Pushed in a Room Filled Wit Love)","Superstar instrumental

The one that leaked by ciggy was fake, the flexxin bonus one is real",,"Dec 3, 2025",,Instrumental,Snippet,https://pillows.su/f/8b1d317e5f6ea32914868a1c133ab34d
Whole Lotta Red [V2],"u kan do it too. [Instrumental]
(prod. Richie Souf) 
(u can do it too, Jump Out, Too Much Money)",Instrumental for U Kan Do It Too.,,2024,,Instrumental,Yes,https://pillows.su/f/7c6e022955236d805067432b1c7caaa0
Whole Lotta Red [V2],"??? [Instrumental]
(prod. Richie Souf)
(beatgrail2)","Beat surfaced via Richie Souf's grail beat tape. Beat made on Sep 15, 2019",3:15,"Aug 31, 2023","Sep 15, 2019",Instrumental,Yes,https://pillows.su/f/dd8f7e8e608fb74fac1d1b41f91138ff
Whole Lotta Red [V2],"???
(prod. Richie Souf)
(unnamed1)","Beat surfaced via Richie Souf's grail beat tape. Beat made on Feb 25, 2020",,"Aug 31, 2023","Feb 25, 2020",Instrumental,Yes,https://pillows.su/f/49e53b41f6d31ddc26e93f24bb968f42
Whole Lotta Red [V2],"???
(prod. Richie Souf)
(unnamed2)","Beat surfaced via Richie Souf's grail beat tape. Beat made on Mar 31, 2020",,"Aug 31, 2023","Mar 31, 2020",Instrumental,Yes,https://pillows.su/f/72829f85f2131b897aa21e7d6e76a788
Whole Lotta Red [V2],"???
(prod. Richie Souf)
(beatgrail1)","Beat surfaced via Richie Souf's grail beat tape. Beat made on Mar 6, 2020",,"Aug 31, 2023","Mar 6, 2020",Instrumental,Yes,https://pillows.su/f/e9f1bb28105923264b9a69ca087ab346
Whole Lotta Red [V2],"???
(Beat 1)","A beat played in the footage in which Goin Outta Style, Talkative and Breathing are prievewed. It's pretty likely Carti recorded on it.",,"Apr 11, 2024",,Instrumental,Snippet,https://pillows.su/f/b40df1c6fcd4ccdb3a1e82ac261f2407
Whole Lotta Red [V2],"???
(Beat 2)","A beat played in the footage in which Goin Outta Style, Talkative and Breathing are prievewed. It's pretty likely Carti recorded on it.",,"Apr 11, 2024",,Instrumental,Snippet,https://pillows.su/f/ea6172b209be627adbe38234902b7a3d
Whole Lotta Red [V2],"???
(Beat 3)","A beat played in the footage in which Goin Outta Style, Talkative and Breathing are prievewed. It's pretty likely Carti recorded on it.",,"Apr 11, 2024",,Instrumental,Snippet,https://pillows.su/f/2cbd4494f993ec0505490963ee5071fd
Whole Lotta Red [V2],"???
(prod. Richie Souf)
(Nirvana)","Produced by Richie Souf, the beat/song is heard at the beginning of the ""Kill One Of You Niggas"" voice memo. [1] 
Unknown if Carti ever recorded on it, but later the beat was given to Don Toliver who ended up recording on it in 2020 for his song 'Nirvana'. ",N/A,"Jul 27, 2023",N/A,Unknown,Beat Only,https://pillows.su/f/447918a972933e4c79647da37f8683b1
Whole Lotta Red [V2],"???
(prod. Richie Souf)","A previously ""lost"" snippet, of a beat that Richie Souf shared on his IG stories. It's unknown if Carti ended up recording on this.",N/A,"May 10, 2020","May 10, 2020",Instrumental,Snippet,"https://music.froste.lol/song/ca0b01cd9dbe068c07cd87bf964242df 
https://music.froste.lol/song/068a8c15b9b37f6afde5a68ec1a991d0 "
Whole Lotta Red [V2],"CAPOREE - Get It Up [Instrumental]
(prod. Samba Beatz)",Instrumental for Get It Up,,"Mar 26, 2024",,Instrumental,Yes,https://youtu.be/8sSgh2rtlkk
Whole Lotta Red [V2],"Drake - Pain 1993 [Instrumental]
(feat. Playboi Carti) (prod. Pi'erre Bourne)","OG Filename: melee 154.5bpm
Instrumental to the released song ""Pain 1993"" by Drake featuring Carti. Filename shows the beat was named ""Melee"".",,2023,,Instrumental,Yes,https://pillows.su/f/7ebfea0da253594872396ddcc53c997b
Whole Lotta Red [V2],"Richie Souf - richie grails
(prod. Richie Souf)","Richie Souf's beat tape featuring beats Carti recorded on. Features beats to TGD, 2.6 Boy (Bitch Boy) and more.",,"Aug 31, 2023",2019-2020,Album/Zip,Yes,https://pillows.su/f/07ee1a3990b203bd0857e3d505d697fc
,Sessions,,,,,,,
Whole Lotta Red [V2],"Yung Bans - High As Us [Sessions]
(feat. Playboi Carti) (prod. Bugz Ronin)","Leaked by monix as a bonus for the ""U Kan Do It Too"" groupbuy.",,"Mar 25, 2023",,Session,Yes,https://krakenfiles.com/view/uj1GDvvJPe/file.html
,Other,,,,,,,
Whole Lotta Red [V2],@ MEH [Acapella],Full leaked on August 28th along with the lossless instrumental,,"Aug 28, 2024",,Acapella,Yes,https://pillows.su/f/1e76d88af01d996bb30a5778e56265e7
,Whole Lotta Red [V3],,,,,,,
,Instrumentals,,,,,,,
Whole Lotta Red [V3],"Diamonds/Locked In [Instrumental]
(prod. Pi'erre Bourne)",Previewed on Chris' twitter.,,"May 19, 2023",Studio Stems,Instrumental,Snippet,https://pillows.su/f/0edd1ebba9bf344dce725ea45c50b4b3  https://music.froste.lol/song/42966aa37f8135342120b2a0c8fdd33c  
Whole Lotta Red [V3],"K Suave - Perky97 [Instrumental]
(feat. Playboi Carti) (prod. PinkGrillz)","Original type beat that K Suave & Carti would use for the track ""Perky97"".",,N/A,,Instrumental,Yes,https://imgur.gg/f/L9R8Gqi
Whole Lotta Red [V3],"Dick Pleaser [Instrumental]
(prod. Lil Jon)","Instrumental to the leaked song ""Dick Pleaser"". Originally used for ""Dick Pleaser"" by Lil Wayne.",,N/A,,Instrumental,Yes,https://pillows.su/f/d052defa91bac0731d72aca07ccafb2f
Whole Lotta Red [V3],"Red Rain [Instrumental]
(prod. F1LTHY & Lukrative)",Beat for the song previewed by King Bob's Twitter Account. Found from a F1LTHY beat pack.,,N/A,,Instrumental,Yes,https://pillows.su/f/b3b21c7f4fd193a8c450d82022409bcc
,Whole Lotta Red [V4],,,,,,,
,Instrumentals,,,,,,,
Whole Lotta Red [V4],"Die4Guy [Instrumental]
(prod. Art Dealer, Outtatown & star boy)","OG Filename: 2004_suicidal_149BPM_SB_OT_ART.mp3
Instrumental to the released song ""Die4Guy"".",,N/A,,Instrumental,Yes,https://imgur.gg/f/B91UWFu
Whole Lotta Red [V4],"Everyday [Instrumental]
(prod. DP Beatz)","Instrumental for ""Everyday"" on 0:13 to 0:48.",,N/A,,Instrumental,Yes,https://pillows.su/f/cb0a8e0173b8d1ceba9653d197284f97
Whole Lotta Red [V4],"F33l Lik3 Dyin [Instrumental]
(prod. Richie Souf & Roark Bailey)","Instrumental to the released song ""F33l Lik3 Dyin"".",,N/A,,Instrumental,Yes,https://pillows.su/f/c74c75f1fbf97a8b0075ad1109b3a344
Whole Lotta Red [V4],"JumpOutTheHouse [Instrumental]
(prod. Richie Souf)","Instrumental to the released song ""JumpOutTheHouse"". Features slightly alternate production and has a Richie Souf tag.",,N/A,,Instrumental,Yes,https://pillows.su/f/33a2ed0fb5c788bfcdb9a26605bc11d1
Whole Lotta Red [V4],"New N3on [Instrumental]
(prod. Maaly Raw)","Instrumental to the released song ""New N3on"".",,N/A,,Instrumental,Yes,https://pillows.su/f/ccf17707410891f87511489e462c0a54
Whole Lotta Red [V4],"New Tank [Instrumental]
(prod. F1LTHY & Jonah Abraham)","OG Filename: f1l jon tank 151
Instrumental to ""New Tank"".",,"Jul 21, 2023",,Instrumental,Yes,https://imgur.gg/f/rjhVEUZ
Whole Lotta Red [V4],"Over [Instrumental]
(prod. Art Dealer)","Instrumental to the released song ""Over"".",,"Dec 21, 2022",,Instrumental,Yes,https://pillows.su/f/30d00128c0b51a846242eec0598960db
Whole Lotta Red [V4],"On That Time [Instrumental]
(prod. F1LTHY & Ojivolta)","OG Filename: f1l oji draco 150
Instrumental to ""On That Time"".",,"Jul 21, 2023",,Instrumental,Yes,https://imgur.gg/f/O7X3HdY
Whole Lotta Red [V4],"Punk Monk [Instrumental]
(prod. F1LTHY, Lucian & Lukrative)",Played by F1LTHY on an Instagram livestream.,,"Mar 13, 2021",,Instrumental,Snippet,https://imgur.gg/f/TbVaJy4
Whole Lotta Red [V4],"Slay3r [Instrumental]
(prod. Juberlee & Roark Bailey)","Instrumental to the released song ""Slay3r"".",,N/A,,Instrumental,Yes,https://imgur.gg/f/znKAF9A
Whole Lotta Red [V4],"Kid Cudi - Solo Dolo Pt. IV [OG Instrumental]
(feat. Playboi Carti)",OG mix of the Solo Dolo Pt. IV instrumental.,,N/A,,Beat,Yes,https://pillows.su/f/590eda02d3a09f1b12905b07177032d2
,Stems,,,,,,,
Whole Lotta Red [V4],"Go2DaMoon [Sample Stem]
(prod. Wheezy)",Go2DaMoon sample stem.,,"Sep 18, 2023",,Other,Yes,"https://imgur.gg/f/rf6mPHH 
https://imgur.gg/f/VAUambo "
,Sessions,,,,,,,
Whole Lotta Red [V4],"Go2DaMoon [Session]
(feat. Kanye West) (prod. Wheezy)","Unleaked session for ""Go2DaMoon"".",,N/A,,Session,Snippet,"https://pillows.su/f/dbb7cd3b77afe5dcda597c37350a5cad   https://pillows.su/f/9a035bb5f722baf037da6e3805c39273
https://pillows.su/f/8319d400ff77123ed441e2da054102fb"
Whole Lotta Red [V4],"Flex Up [Session]
(prod. Southside, ATL Jacob & Pyrex)",Flex up session. Leaked as a bonus to VETEMENTS JEANS groupbuy.,,"Oct 5, 2023",,Session,Yes,https://gofile.io/d/Cu4ofl
Whole Lotta Red [V4],"Kid Cudi - Solo Dolo Pt. IV [Session]
(feat. Playboi Carti)","Password protected .zip file leaked in 2023.
The password is ""BellyFat69!"". Leaked after a succesful gb.",,"Apr 15, 2024",,Session,Yes,https://pixeldrain.com/u/ArLJ3zwp
,Samples,,,,,,,
Whole Lotta Red [V4],"ILoveUIHateU [Synth Sample]
(prod. Pi'erre Bourne)","Synth Sample to ""ILoveUIHateU""",,"Jul 6, 2021",,Other,Yes,https://pillows.su/f/313a86a410d946149cd9d496e0aecc26
,Other,,,,,,,
Whole Lotta Red [V4],"New Tank [Loop]
(prod. F1LTHY & Jonah Abraham)","Official synth loop for ""New Tank"".",,N/A,,Other,Yes,https://pillows.su/f/20ec39e4db78edabbee94f95115aab60
Whole Lotta Red [V4],"Slay3r [Melody]
(prod. Juberlee & Roark Bailey)","Melody breakdown of ""Slay3r"" posted by Juberlee.",,"Apr 27, 2024",,Other,Yes,https://pillows.su/f/c1f87c7ed7c32cdc8b7ad62692f084be
,Whole Lotta Red (Deluxe),,,,,,,
,Instrumentals,,,,,,,
Whole Lotta Red (Deluxe),"Tall Sprite [Instrumental]
(prod. F1LTHY, Lukrative, ssort)",Previewed by F1LTHY on Instagram live and on @alifewelivedallalong's story. Used in Tsunami by SJ3 Zeno with Lancey Foux.,,N/A,,Instrumental,Snippet,https://imgur.gg/f/hoKVRQh
,Sessions,,,,,,,
Whole Lotta Red (Deluxe),Can't Fake It [Session],"Recording session for the song ""Can't Fake It"". Missing the instrumental and some vocal takes.",,"Apr 30, 2023",,Session,Partial,https://krakenfiles.com/view/rYdyufGms4/file.html
Whole Lotta Red (Deluxe),"Going Outta Style [Session]
(Medusa, Rager)","Full recording session for the song ""Going Outta Style"". Includes the instrumental as well as every recorded vocal for the song.",,"Apr 30, 2023",,Session,Yes,https://krakenfiles.com/view/7V55foTjs8/file.html
Whole Lotta Red (Deluxe),Money [Session],"Full recording session for the song ""Money"". Includes the instrumental as well as every recorded vocal for the song.",,"Apr 30, 2023",,Session,Yes,https://krakenfiles.com/view/X1sRSJiWKH/file.html
Whole Lotta Red (Deluxe),Never Seen Shit [Session],"Full recording session for the song ""Never Seen Shit"". Includes every recorded vocal for the song but is missing the left side of the instrumental.",,"Apr 30, 2023",,Session,Partial,https://krakenfiles.com/view/5IxpXmh3PS/file.html
Whole Lotta Red (Deluxe),Popular [Session],"Full recording session for the song ""Popular"". Includes the instrumental as well as every recorded vocal for the song.",,"Apr 30, 2023",,Session,Yes,https://krakenfiles.com/view/jqbVcUug1B/file.html
Whole Lotta Red (Deluxe),"Pour Me Up [Session] 
(prod. DHill)","Full recording session for the song ""Pour Me Up"". Includes the instrumental as well as every recorded vocal for the song.",,"Apr 30, 2023",,Session,Yes,https://krakenfiles.com/view/enJQoyLAcI/file.html
Whole Lotta Red (Deluxe),"Ridin' [Session]
(prod. KP Beatz & Fluxury)
(Born Sinner, Lord Can You Spare Me)","Full recording session for the song ""Ridin"". Includes the instrumental as well as every recorded vocal for the song.",,"Apr 30, 2023",,Session,Yes,https://krakenfiles.com/view/lXpgxdTBJR/file.html
Whole Lotta Red (Deluxe),Rockstar Shit [Session],"Full recording session for the song ""Rockstar Shit"". Includes the instrumental as well as every recorded vocal for the song.",,"Apr 30, 2023",,Session,Yes,https://krakenfiles.com/view/Q6kYVLfQ6q/file.html
Whole Lotta Red (Deluxe),Too Many Bags [Session],"Full recording session for the song ""Too Many Bags"". Includes the instrumental as well as every recorded vocal for the song.",,"Apr 30, 2023",,Session,Yes,https://krakenfiles.com/view/tZ2kqC4wad/file.html
,"DONDA - Ye
(Balaclava Era)",,,,,,,
,Stems,,,,,,,
Donda,"Ye - Junya [Stems]
(feat. Playboi Carti) (prod. Ojivolta, Digital Nas & Roark Bailey)",Four track stems released on the Stem Player.,,N/A,,Studio Stems,Yes,https://krakenfiles.com/view/HPh36Jgnms/file.html
Donda,"Ye - Junya [Stems]
(feat. Playboi Carti) (prod. Ojivolta, Digital Nas & Roark Bailey)",7/26 stems for Junya,,"Jul 26, 2021",,Studio Stems,Yes,https://pillows.su/f/84c6df6d4d46f1a280000e678e128936
Donda,"Ye - Junya pt 2 [Stems]
(feat. Playboi Carti & Ty Dolla $ign) (prod. Ojivolta, Digital Nas & Roark Bailey)",Four track stems released on the Stem Player.,,"Jul 26, 2021",,Studio Stems,Yes,https://krakenfiles.com/view/oxkErd23Au/file.html
Donda,"Ye - Made It [88-Keys Version)
(feat. Playboi Carti) (prod. OjiVolta & 88-Keys)",Stems for 88-Keys version of Made It,,"Oct 22, 2023",,Studio Stems,Yes,https://krakenfiles.com/view/BKfHj6ZN69/file.html
Donda,"Ye - Off The Grid [12.22.20] [Stems]
(feat. Playboi Carti) (prod. 30 Roc)",Stems for OG version of Off The Grid.,,"Sep 20, 2021",,Studio Stems,Yes,https://pillows.su/f/8509ef18a4f2d9618bb5f063f723e334
Donda,"Ye - Off The Grid [Stems]
(feat. Playboi Carti & Fivio Foreign) (prod. 30 Roc, Ojivolta, AyoAA, Sloane & David & Eli)",Four track stems released on the Stem Player.,,N/A,,Studio Stems,Yes,https://krakenfiles.com/view/7qt3NaEFYb/file.html
,"Narcissist
(Mollyworld)",,,,,,,
,Instrumentals,,,,,,,
Narcissist,"Different Vibes
(prod. Art Dealer)","A song previewed by DJ Scheme on his twitter on Aug 24 2023. Recorded on December 12, 2021 after his Rolling Loud performance. Produced by Art Dealer, nothing is really known about this song. Instrumental leaked on February 15, 2026.",,"Feb 15, 2026",,Instrumental,Yes,https://pillows.su/f/5349f3a4f5a76316a721a58c60e1e2f7 
Narcissist,"Fuck Em
(prod. F1LTHY & Starboy)",Instrumental for Fuck Em,,N/A,,Instrumental,Yes,https://imgur.gg/f/JuyGHD7
Narcissist,"Made It This Far [Early Instrumental]
(prod. Digital Nas)","OG Filename: TOWER_Current
Early version that is shorter actual song wise compared to later versions, but is 'longer' due to the silence at the end. Was probably made pre-Carti involvement and may have been shown to Kanye due to the file date and him recording ""Miracles"" on the same day, this is speculation however.        ",,"Dec 20, 2024",,Instrumental,Yes,https://pillows.su/f/508a834df3b7834c445eaa65d1f14855
Narcissist,"Trippie Redd - Miss The Rage [Instrumental]
(prod. Loesoe)","OG Filename: MTR Ft. PC
Instrumental to the released song ""Miss The Rage"".",,"May 27, 2021",,Instrumental,Yes,https://pillows.su/f/7279d0acb55ba42c9cd1e3fec37ac2e4
,Stems,,,,,,,
Narcissist,"Made It This Far [Beat Stems]
(prod. Digital Nas)",Instrumental stems to Made It This Far from Digital Nas's downloads folder.,,"Dec 20, 2024",,Beat Stems,Yes,https://pillows.su/f/d745e4692e771613481ab93fe45e3770
Narcissist,"New Tank (Tour Version) [Stems]
(prod. F1LTHY & Jonah Abraham)","Instrumental stems to the Tour version of ""New Tank"" used on the Narcissist Tour",,N/A,,Beat Stems,Yes,LINK NEEDED
Narcissist,Narcissist Tour Intros + Stems,"Leaked as a result of GB completed by Carti Tracker Hub
Tour Versions
Punk monk v2
Punk monk v3
Rockstar made v1
Rockstar made v4
Over
New Tank
Vamp Anthem v1
Stop breathing v1
Stop breathing bv2
Vamp Anthem v1
Woke Up Like This V2
Jumputthehouse
Stems + Project FIles
Rockstar Made 3
Punk Monk Outro 153bpm
New Tank v2
Punk Monk v2 Intro
Punk Monk V3 Outro stems
Rockstar made 3
Rockstar made tour stems
Rockstar made v4
Rockstarmade tour
Stopbreathing tour
Stems
STOP BREATHING #1
STOP BREATHING #2
ROCKSTAR MADE
NEW TANK
BENO & PUNK MONK
TEEN X
DIE4GUY",,"Jul 6, 2025",,Beat Stems,,https://mega.nz/file/aWhlnYqA#2A9GcWqGR3aePrA8OtrRX5cbJ6dCFZ53rO_tALqP6Qs
,Samples,,,,,,,
Narcissist,"Made It This Far [Sample]
(prod. Digital Nas)","Analog by Prepare My Glider. Was found in a compilation from the sample stem's filename, the same compilation sampled in ""Wait"" by Ye.",,N/A,,Other,Yes,https://pillows.su/f/cec714eede2b9bee4a7c87b023b6a792
,Other,,,,,,,
Narcissist,"Slay3r (SNL Version) [V7]
(prod. Juberlee & Roark Bailey)",Instrumental and Acappella of Slay3r SNL Take 3 V3,,N/A,,Studio Stems,Yes,https://pillows.su/f/a941ba215895c2f514419a865fb1bdee https://pillows.su/f/0ab84c1d54adc531673a4c1155e7ba7a
Narcissist,"Slay3r (SNL Version) [V10]
(prod. Juberlee & Roark Bailey)",Instrumental and Acappella of Slay3r SNL Take 4 V3,,N/A,,Studio Stems,Yes,"https://pillows.su/f/750b5332fb52d848362a897428ded71c  https://pillows.su/f/6173b1537bc21c9ca922e48c93f44017
"
Narcissist,"Trippie Redd - Miss The Rage [Acapella]
(feat. Playboi Carti)","Vocal stem for Carti's verse on ""Miss The Rage"". No Trippie vocals.",,N/A,,Acapella,Partial,https://pillows.su/f/e6dec47b234999acfe6efda2b4bfbbf2
,MUSIC V1,,,,,,,
,Instrumentals,,,,,,,
MUSIC [V1],"ALL RED [Instrumental]
(prod. F1LTHY, Lukrative, Lucian, OjiVolta & Twisco)","Official instrumental to ""ALL RED"".",,"Sep 19, 2024",,Instrumental,Yes,https://pillows.su/f/518ab690466a1c5618900447a664acf8
MUSIC [V1],"HEARD Y'ALL GETTIN' MONEY [Instrumental]
(feat. DJ Swamp Izzo) (prod. KP Beatz & Jonah Abraham)","If you take the parts without swamp in the demo of 'HEARD Y'ALL GETTIN' MONEY' with just Carti, you can get the full self-bounce of the instrumental for the song.",,"Mar 1, 2026",,Instrumental,Yes,https://imgur.gg/f/IgjguVs
MUSIC [V1],"Homixide Gang - Ready To Crash [Instrumental]
(prod. Artist)",Official instrumental for the leaked song Ready To Crash. The instrumental was actually uploaded to the producers YouTube before the track leaked and was deleted right after.,,N/A,,Instrumental,Yes,https://imgur.gg/f/SBMJqwN
,Sessions,,,,,,,
MUSIC [V1],"Ye - City Of Gods [V8]
(with Fivio Foreign & Alicia Keys) (feat. Playboi Carti) (prod. Ye, AyoAA, Ojivolta, Dem Jointz, Non Native, BoogzDaBeast, Hemz, Tommy Rush, Tweek Tune, Lil Mav, Bordeaux & MIKE DEAN)",Stems of City Of Gods. Ripped from the stem player.,,N/A,,Studio Stems,Yes,https://pillows.su/f/d6f5f7136557cf0d19c2a4a471f2de98
MUSIC [V1],"Ye - Mr. Miyagi
(feat. Future & Playboi Carti) (prod. AyoAA)","Stems of Mr. Miyagi. Leaked on May 19, 2023.",,"May 19, 2023",,Studio Stems,Yes,https://pillows.su/f/6010baa79862caa7bc5ca0c83e6d18e3
MUSIC [V1],"Ye - We Did It Kid
(feat. Migos, Rich The Kid & Playboi Carti) (prod. AyoAA)","Stems for We Did It Kid version featuring Migos, Rich The Kid and Carti adlibs. Leaked on April 28, 2023",,"Apr 28, 2023",,Studio Stems,Yes,https://pillows.su/f/5a08a87fd2dad26eccbef48eea3b7e6e
,MUSIC [V2],,,,,,,
,Instrumentals,,,,,,,
MUSIC [V2],"MEET YO MAKER [Remix] [INSTRUMENTAL]
(prod. Tommy Wright II & X-Rated Al)",The original Instrumental for MEET YO MAKER. Originally from Meet Yo Maker by Tommy Wright III.,,2006,,Instrumental,Yes,https://www.youtube.com/watch?v=P2_zjJaMNyI
MUSIC [V2],"Lil Uzi Vert - Vetements Jeans [Instrumental]
(feat. Playboi Carti) (prod. Maaly Raw)","Instrumental for the unreleased song ""Vetements Jeans"" previewed by Maaly Raw on a livestream sometime in 2021.",,2023,,Instrumental,Snippet,https://imgur.gg/f/4aUiLcp
MUSIC [V2],"The Weeknd & Madonna - Popular [Instrumental]
(with Playboi Carti) (prod. Metro Boomin, MIKE DEAN, The Weeknd, & Tommy Rush)","Instrumental to the released song ""Popular"".",,N/A,,Instrumental,Yes,https://pillows.su/f/65c6d698f42a67ffcab1dfa01ce419ab
,Stems,,,,,,,
MUSIC [V2],"Travis Scott - FE!N [Dolby Atmos Stems]
(feat. Playboi Carti & Sheck Wes) (prod. Travis Scott & Jahaan Sweet)",Dolby Atmos stems ripped from Apple Music.,,N/A,,5.1 Stems,Yes,https://pillows.su/f/8d21301546154c5912c3b909da995be1
,Other,,,,,,,
MUSIC [V2],"The Weeknd & Madonna - Popular [Acapella]
(with Playboi Carti) (prod. Metro Boomin, MIKE DEAN, The Weeknd, & Tommy Rush)","Acapella to the released song ""Popular"".",,N/A,,Acapella,Yes,https://pillows.su/f/3a0085a4299e1e7647a613ee64793c31
,MUSIC [V3],,,,,,,
,Instrumentals,,,,,,,
MUSIC [V3],"2024 [Instrumental]
(prod. Ojivolta, EarlOnTheBeat & Kanye West)","Early version of the instrumental uploaded by EarlOnTheBeat on TikTok. Uses a bass guitar instead of 808s. Recorded on November 27, 2023",,"Nov 29, 2025",,Instrumental,Snippet,https://www.tiktok.com/@earlonthebeattt/video/7578272531157716238
MUSIC [V3],"BITCH YOU'RE BLOCKED [Instrumental]
(prod. DJ Heroin, Roark, Ojivolta)
(REAL MUSIC, bitch your blocked)","Official instrumental for ""REAL MUSIC"" leaked in an Ojivolta x Opium beat pack.",,"May 26, 2024",,Instrumental,Yes,https://pillows.su/f/783a116a6af0b83651cec34b8d920dc2
MUSIC [V3],"BOPPER [Instrumental]
(ref. Keith Lawson) (prod. OjiVolta, DJH)","OG Filename: 08_-_realwar_djh_oxvb_144bpm
Instrumental for Bopper.",,2024,,Instrumental,Yes,https://imgur.gg/f/UjggEUZ
MUSIC [V3],"KAREER KRIMINAL [Alt Instrumental]
(prod. Cardo Got Wings)","Instrumental for Kareer Kriminal, given to YoDogg for ""Slimey Wolf"". Has differences in 808s and drum pattern used, same melody.",,"Dec 6, 2025",,Instrumental,Yes,https://pillows.su/f/6f866a23920bd87dd2c5e033691f81f7
MUSIC [V3],"M.I.A (Instrumental)
(prod. Johnny Juliano)
(BETTER OFF ALONE, RING THE ALARM, SAY YEAH)","A snippet of the beat would be posted via Carti's IG burner sometime in January 2024. Carti actually recorded on the beat, and song has a HXG feature. The same beat was used by Wiz Khalifa on his song ""Say Yeah"". ",,2012,,Instrumental,Yes,https://pillows.su/f/3dc79ef5912143bd1c322e5dd8150434
MUSIC [V3],"OVERLY [Instrumental]
(prod. Maaly Raw)","Instrumental for ""OVERLY"", you can still hear the vocals/adlibs throughout the song as the file has been exported wrongly by Interscope. Leaked by Raahim.",,"Mar 1, 2026",,Instrumental,Yes,https://imgur.gg/f/40dPYmg
MUSIC [V3],"A$AP Nast - Take a Soul [Instrumental]
(feat. Playboi Carti) (prod. The Alchemist)","Instrumental for ""Take a Soul"".",,"Apr 12, 2025",,Instrumental,Yes,https://www.youtube.com/watch?v=ctvv8iIeGAs&ab_channel=N%C3%B8kk
MUSIC [V3],"Camila Cabello - I LUV IT [Instrumental]
(feat. Playboi Carti) (prod. El Guincho & Jasper Harris)",Official instrumental of I LUV IT by Camila Cabello.,,"Mar 30, 2024",,Instrumental,Yes,https://pillows.su/f/aedfdef1046685693e2f01bb19106a53
MUSIC [V3],"Latto - Blick Sum (Instrumental)
(feat. Playboi Carti) (prod. Kid Hazel, Ricci Riera, Evil Nani & W$Kharri)","Instrumental for ""Blick Sum""",,"Apr 27, 2025",,Instrumental,Yes,https://music.froste.lol/song/d401f183a92bf96b42bd3a8ee60bca73
MUSIC [V3],"The Weeknd - Timeless [Instrumental]
(feat. Playboi Carti) (prod. Pharrell Williams, Ojivolta, Twisco & Mike Dean)",Instrumental released with the Doechii remix,,"May 9, 2025",,Instrumental,Yes,https://music.froste.lol/song/7776c984f80090c64519c890e13810a3
MUSIC [V3],"¥$ - CARNIVAL [Instrumental]
(prod. TheLabCook, Ojivolta, Digital Nas, Mike Dean & Ye)",Released via the CARNIVAL PACK. ,,"Feb 15, 2024",,Instrumental,Yes,https://pillows.su/f/f953a02dc7cf70e579359498c59abc79
MUSIC [V3],"¥$ - FIELD TRIP [Instrumental]
(prod. Wheezy)",Instrumental mix of Don Toliver's DISCONNECTED (FIELD TRIP) from 12/2/23.,,"Oct 21, 2024",,Instrumental,Yes,https://pillows.su/f/fbb085755d817d7733aab1833360a888
,Stems,,,,,,,
MUSIC [V3],"The Weeknd - Timeless [Dolby Atmos Stems]
(feat. Playboi Carti) (prod. Pharrell Williams, Ojivolta, Twisco & Mike Dean)","Dolby Atmos stems of ""Timeless"".",,"Sep 27, 2024",,5.1 Stems,Yes,https://krakenfiles.com/view/C859tF9yem/file.html
,Samples,,,,,,,
MUSIC [V3],COCAINE NOSE [Sample],Original sample used in COCAINE NOSE - 'Only U' by Ashanti.,,2025,,Sample,Yes,https://www.youtube.com/watch?v=Y4IjiJI_pNU
MUSIC [V3],OPM BABI [Sample],Track 3 on Reworked Soul Selections 2 by Sample Magic.,,2022,,Sample,Yes,https://pillows.su/f/17d5d73c0cf0cb5961e4a1fdc7ae8ebf
MUSIC [V3],Poison [Sample],Sample used in the unheard track POISON revealed by King Bob,,1990,,Other,Yes,https://www.youtube.com/watch?v=hgnhVcyLy1I
MUSIC [V3],"¥$ - FIELD TRIP [Sample]
(prod. Dez Wright & Wheezy)",Original sample used in Field Trip from Dez Wright's Instagram story.,,N/A,,Other,Partial,LINK NEEDED
,Sessions,,,,,,,
MUSIC [V3],"¥$ - FIELD TRIP [Ye Session]
(prod. Wheezy, Dez Wright)",Ye's freestyle vocal takes from the Field Trip session.,,"Oct 21, 2024",,Session,Yes,https://pillows.su/f/456956143b8ae500844f13a45c6062ea https://pillows.su/f/e8a5df1a07ab7b8eea2c31943992c937
MUSIC [V3],"¥$ - MELROSE [Ye Session]
(prod. Wheezy)",Ye's freestyle vocal take from the Melrose session.,,"Oct 21, 2024",,Session,Yes,https://pillows.su/f/b941cb43d459fd1f8a476bbe036834bc
,Other,,,,,,,
MUSIC [V3],"¥$ - CARNIVAL [ACAPELLA]
(feat. Playboi Carti & Rich The Kid)",Released via the CARNIVAL PACK. ,,"Feb 15, 2024",,Acapella,Yes,https://pillows.su/f/2f0c51055a3153a6849476816e008423
MUSIC [V3],"¥$ - CARNIVAL [Carti Acapella]
(feat. Playboi Carti & Rich The Kid)","A stem of Carti recording adlibs over ""HONOR ROLL [V6]"" leaked on June 9, 2024.",,"Jun 9, 2024",,Acapella,Snippet,https://pillows.su/f/78771c19f28d695146302f7cb96c2c45
MUSIC [V3],"¥$ - FIELD TRIP [Don Toliver Acapella]
(feat. Playboi Carti, Don Toliver & Kodak Black)",Acapella of the Don Toliver hook for Field Trip. This seems to be from one of the first versions when it was Don's song.,,N/A,,Acapella,Partial,https://pillows.su/f/b8c6f779fc54de61a099aec140a66688
MUSIC [V3],¥$ - FIELD TRIP [Carti Acapella],Acapella of Carti's vocals for Field Trip.,,N/A,,Acapella,Yes,https://pillows.su/f/c69c841145261aa5c871dea2676d88fd
MUSIC [V3],"¥$ - FUK SUMN [V5] [Carti Acapella]
(feat. Playboi Carti & Quavo) (prod. Digital Nas, Timbaland, SHDØW, Hubi & Shaun Enzo)",Solo Carti acapella for a 10/7/23 version of Fuk Sumn,,"May 20, 2024",,Acapella,Partial,https://pillows.su/f/0d34ab2c3435995d23fb753a98dc197c
,BABY BOI,,,,,,,
,Instrumental,,,,,,,
BABY BOI,"YoungBoy Never Broke Again - Fire Your Manager
(feat. Playboi Carti) (prod. KC Da Beatmonster, AYE SHARK! & Gateway)","Video of KC Da Beatmonster previewing the beat for ""Fire Your Manager"" in FL Studio",,"Nov 22, 2025",,Instrumental,Partial,https://www.tiktok.com/@beatmonsterkc/video/7575639336822099214
,Stems,,,,,,,
BABY BOI,"Sky [CLEAN]
(prod. Art Dealer)","Fortnite's Festival stems of Sky
Tracks 1-2 are Drums, 3-4 Bass, 5-6 Lead, 7-8 Vocals, and 9-10 backing.",,"Dec 11, 2025",,5.1 Stems,Yes,https://mega.nz/folder/fVlQSbpT#alBcIq6iIYrm5BA84MkxOA
BABY BOI,"EVIL J0RDAN [CLEAN]
(prod. Cardo Got Wings, Johnny Juliano & Ojivolta)","Fortnite's Festival stems of EVIL J0RDAN
Tracks 1-2 are Drums, 3-4 Bass, 5-6 Lead, 7-8 Vocals, and 9-10 backing.",,"Dec 11, 2025",,5.1 Stems,Yes,https://mega.nz/folder/WclWxDIQ#koeMJH-mdWulr5HzTGIZJA
BABY BOI,"The Weeknd - Popular [CLEAN]
(feat. Playboi Carti & Madonna) (prod. Metro Boomin, The Weeknd & MIKE DEAN)","Fortnite's Festival stems of Popular
Tracks 1-2 are Drums, 3-4 Bass, 5-6 Lead, 7-8 Vocals, and 9-10 backing.",,"Mar 18, 2025",,5.1 Stems,Yes,https://mega.nz/folder/mNEg3DAC#LUvjIur1cbCZSKkEF-D3_w
BABY BOI,"Tyler, The Creator - EARFQUAKE [CLEAN]
(feat. Playboi Carti) (prod. Tyler, The Creator)","Fortnite's Festival stems of EARFQUAKE
Tracks 1-2 are Drums, 3-4 Bass, 5-6 Lead, 7-8 Vocals, and 9-10 backing.",,"Nov 14, 2025",,5.1 Stems,Yes,https://mega.nz/folder/XIFjiCCZ#ksBFDuuWJ8kd6rFuRnlZ7g