Era,Name,Notes,Source,Type,Portion,Quality,Link(s)
"3 Total
3 Instrumental","N.W.A. And The Posse
(Collaboration with N.W.A.)","(Late 1986) (N.W.A. Is Formed)
(11/06/1987) (N.W.A. And The Posse officially releases)",,N.W.A. And The Posse is the debut compilation album of Compton rap group N.W.A.,,,
,Instrumentals,,,,,,
N.W.A. And The Posse,"C.I.A. - My Posse (Instrumental)
(prod. Dr. Dre)",Official instrumental for My Posse.,Single Vinyl,Instrumental,Full,Lossless,https://pillows.su/f/72c12589d5438518f4aa0408722ca94c
N.W.A. And The Posse,"C.I.A. - Jus 4 The Cash $ (Instrumental)
(prod. Dr. Dre)",Official instrumental for Jus 4 The Cash $.,Single Vinyl,Instrumental,Full,Lossless,https://pillows.su/f/763525c07c01eb437be8fde1a1254262
N.W.A. And The Posse,"C.I.A. - Ill-Legal (Instrumental)
(prod. Dr. Dre)",Official instrumental for Ill-Legal.,Single Vinyl,Instrumental,Full,Lossless,https://pillows.su/f/a199a4b4b6048e54e7ad185001694e77
"2 Total
2 Instrumental","Straight Outta Compton
(Collaboration with N.W.A.)","(11/06/1987) (N.W.A. And The Posse officially releases)
(01/25/1989) (Straight Outta Compton officially releases)",,Straight Outta Compton is the debut studio album of Compton rap group N.W.A.,,,
Straight Outta Compton,,,Single Vinyl,Instrumental,Confirmed,Not Available,
Straight Outta Compton,,,Single Vinyl,Instrumental,Confirmed,Not Available,
"3 Total
3 Instrumental","100 Miles & Runnin'
(Collaboration with N.W.A.)","(01/25/1989) (Straight Outta Compton officially releases)
(01/??/1990) (Ice Cube leaves N.W.A.)
(08/14/1990) (100 Miles & Runnin' officially releases)",,EP recorded and released after the success of Straight Outta Compton.,,,
100 Miles & Runnin',"The D.O.C. - It's Funky Enough (Instrumental)
(prod. Dr. Dre)","Official instrumental for ""It's Funky Enough"".",Single Vinyl,Instrumental,Full,High Quality,https://pillows.su/f/b8038ee242c65d399341214d8fdf6266
100 Miles & Runnin',"The D.O.C. - No One Can Do It Better (Instrumental)
(prod. Dr. Dre)","Official instrumental for ""No One Can Do It Better"".",Single Vinyl,Instrumental,Full,High Quality,https://pillows.su/f/e8cd25d30592c39ef997d1884bb12c55
100 Miles & Runnin',"The D.O.C. - The Formula (Instrumental)
(prod. Dr. Dre)",Source unknown.,Unknown,Instrumental,Full,CD Quality,https://pillows.su/f/a1aef1a5eb3b1370180cda5cc1fad909
"1 Total
1 Instrumental","efiL4zaggiN
(Collaboration with N.W.A.)
(Niggaz4Life)","(08/14/1990) (100 Miles & Runnin' officially releases)
(05/28/1991) (efiL4zaggiN officially releases)",,"efiL4zaggiN (Niggaz4Life spelled backwards) is the second and final studio album by N.W.A., and the only N.W.A. album to not feature Ice Cube as a group member. The project is notable for its extremely dark sound, lyrics and subject matter such as rape and mutilation, teetering on horrorcore at some points. This is in stark contrast to other N.W.A. projects which are somewhat lighter in tone.",,,
,Instrumentals,,,,,,
efiL4zaggiN,The Dayz Of Wayback (Instrumental),Official instrumental for The Dayz Of Wayback.,Promo CD,Instrumental,Full,High Quality,https://pillows.su/f/b742c3d24f0595af6c1bf6e09e8b6f20
"7 Total
6 Instrumental
1 Sessions",The Chronic,"(05/28/1991) (Efil4Zaggin officially releases)
(12/15/1992) (The Chronic officially releases)",,The Chronic is the debut studio album of Compton rapper/producer Dr. Dre.,,,
,Instrumentals,,,,,,
The Chronic,The Chronic (Instrumentals),"Instrumental album of The Chronic, released on vinyl only in December 2025. Vinyl rip.",Instrumental Album,Instrumental,Full,Lossless,https://drive.google.com/file/d/1k4jMgOBMBhc4VH6pgRHOOqo3HQ7YNb4q/view
The Chronic,"Fuck Wit Dre Day (Instrumental)
(prod. Dr. Dre)",Official instrumental for Fuck Wit Dre Day.,CD Single,Instrumental,Full,Lossless,https://pillows.su/f/e068d9bbe1b6d4a6c594caef59041dc3
The Chronic,"Nuthin' But A G Thang (Instrumental)
(prod. Dr. Dre)",Official instrumental for Nuthin' But A G Thang.,CD Single,Instrumental,Full,Lossless,https://pillows.su/f/9ea413130c13a5e7de37a69589c63501
The Chronic,"Bitches Ain't Shit (Instrumental)
(prod. Dr. Dre)",Official instrumental for Bitches Ain't Shit.,CD Single,Instrumental,Full,Lossless,https://pillows.su/f/5a16e4421052af8a46ffd2abef95e773
The Chronic,"Deep Cover (Instrumental)
(prod. Dr. Dre)",Official instrumental for Deep Cover.,Single Vinyl,Instrumental,Full,CD Quality,https://pillows.su/f/2a5f63d22353160e366e664f4d22adfa
The Chronic,"Lil' Ghetto Boy (Instrumental)
(prod. Dr. Dre)",Official instrumental for Lil' Ghetto Boy.,Promo CD,Instrumental,Full,Lossless,https://pillows.su/f/c854b23fef84d3331202001e0b6bb127
,Sessions,,,,,,
The Chronic,Fuck Wit Dre Day (Sessions),Sessions for Fuck Wit Dre Day. Has an unused instrument in the folder.,Leak,Sessions,Full,Lossless,https://drive.google.com/file/d/1EcVvcxdazQDfUFBHLpAOGeMvxFYdSyET/view?usp=sharing
"6 Total
5 Instrumental
1 Acapella","Helter Skelter
(Collaboration with Ice Cube)
(Heltah Skeltah)","(12/15/1992) (The Chronic officially releases)
(04/XX/1995) (The D.O.C. and Erotic D start working on his version of Helter Skelter)
(01/23/1996) (The D.O.C. releases his version of Helter Skelter)",,"Helter Skelter was a scrapped collab album between Dr. Dre and Ice Cube, and was slated to release as the next Death Row Records album following Snoop Dogg's ""Doggystyle"" album. According to The D.O.C., Dre wanted to base the album off of post-apocalyptic themes, and asked The D.O.C. to read various novels on the apocalypse whilst writing verses on the album for him. Although the exact reason for scrapping the project is unknown, the final nail in the coffin was The D.O.C. leaving Death Row Records due to a dispute with Dre and releasing tracks intended for Helter Skelter on his own album of the same name in January 1996. The album's lead single, Natural Born Killaz, was released on the Murder Was The Case soundtrack in 1994.",,,
,Instrumentals,,,,,,
Helter Skelter,"Endonesia (Instrumental)
(prod. Dr. Dre)",Leaked by Bomb1st.,Leak,Instrumental,Full,High Quality,https://pillows.su/f/e94dccd760550cf540a5b93ef71ed876
Helter Skelter,"Sam Sneed - The Heist [V1] (Instrumental)
(prod. Sam Sneed)",Played in a 1994 Dr. Dre and Ice Cube interview.,Other,Instrumental,Snippet,Abysmal,LINK NEEDED
Helter Skelter,"Natural Born Killaz [V4] (Instrumental)
(prod. Dr. Dre & Sam Sneed)",Source OTC.,Leak,Instrumental,Full,Lossless,https://pillows.su/f/005556c6fdbe948c6e9ea90bf03a2d8d
Helter Skelter,"Natural Born Killaz (Instrumental)
(prod. Dr. Dre & Sam Sneed)",Source unknown.,Unknown,Instrumental,Full,High Quality,https://pillows.su/f/e8636b3370462b6116e4f5bebf2e3e9a
Helter Skelter,"Secret Plan (Instrumental) [V1]
(prod. Dr. Dre)","The original version of the Secret Plan instrumental meant for Helter Skelter, but never recorded on. Lacks some sound effects (such as bubbling sound effects throughout the instrumental) and has some other production differences. Erotic D confirmed that the instrumental was originally Dre produced, which further confirms that this is real. This instrumental was played in the background during a 1994 interview.",Leak,Instrumental,Full,High Quality,https://pillows.su/f/d9ec121b4c9bb84bbbd0386786f53196
,Acapellas,,,,,,
Helter Skelter,Natural Born Killaz [V4] (Acapella),Source OTC.,Leak,Acapella,Full,Lossless,https://pillows.su/f/01b69b91a9bf9d9aa492c87f2d0bfc5c
"10 Total
9 Instrumental
1 Acapella",The Chronic II: A New World Odor (Poppa's Got A Brand New Funk),"(12/15/1992) (The Chronic officially releases)
(03/22/1996) (Dr. Dre leaves Death Row Records)",,Cover by imrobtyler. The title is not a typo. The Chronic II: A New World Odor (Poppa's Got A Brand New Funk) was the working title of Compton rapper/producer Dr. Dre's planned sophomore studio album.,,,
,Instrumentals,,,,,,
The Chronic II,"Keep Their Heads Ringin' (Instrumental)
(prod. Dr. Dre & Sam Sneed)",Official instrumental for Keep Their Heads Ringin'.,CD Single,Instrumental,Full,Lossless,https://pillows.su/f/ebae9b50f26aee228e0b2bb259ef5cb6
The Chronic II,"2Pac - California Love (Instrumental)
(prod. Dr. Dre)",Official instrumental for California Love.,CD Single,Instrumental,Full,CD Quality,https://pillows.su/f/2941ab309a5973a25d4b075871ddfb13
The Chronic II,"2Pac - California Love (Instrumental) [Remix]
(prod. Dr. Dre)",Official instrumental for the California Love remix.,Promo CD,Instrumental,Full,CD Quality,https://pillows.su/f/0882fbd681f40a293fc064b32cd7065c
The Chronic II,"Sam Sneed - U Better Recognize (Instrumental)
(prod. Sam Sneed)",Official instrumental for U Better Recognize.,CD Single,Instrumental,Full,CD Quality,https://pillows.su/f/ed5024c6783d087f3bda5b1f5b94cdc3
The Chronic II,"Snoop Dogg - Murder Was The Case (Instrumental)
(prod. Dr. Dre)",Source unknown.,Unknown,Instrumental,Full,CD Quality,https://pillows.su/f/27fe2e409d2c5330c252a3d4adbfb92e
The Chronic II,"Snoop Dogg - Murder Was The Case (Instrumental) [Remix]
(prod. Dr. Dre)",Source unknown.,Unknown,Instrumental,Full,CD Quality,https://pillows.su/f/4e77528e4df8f5d58fe2d9cea9d85950
The Chronic II,"Snoop Dogg - What's My Name? (Who Am I?) (Instrumental)
(prod. Dr. Dre) ",Official instrumental for What's My Name?,CD Single,Instrumental,Full,CD Quality,https://pillows.su/f/e5b2ef1776d0d88c826bd31cb9208b37
The Chronic II,"The D.O.C. - Return of Da Livin' Dead (Instrumental)
(prod. Dr. Dre & Erotic D)","Official instrumental for ""Return of Da Livin' Dead"".",CD Single,Instrumental,Full,CD Quality,https://pillows.su/f/0671b7a755b93d8663e0ec2d49903190
The Chronic II,"The Lady of Rage - Afro Puffs (Instrumental)
(prod. Dr. Dre & Daz Dillinger)",Official instrumental for Afro Puffs.,CD Single,Instrumental,Full,CD Quality,https://pillows.su/f/8db5692e15468d87ecd8e1921353c854
,Acapellas,,,,,,
The Chronic II,"2Pac - Can't C Me (Acapella)
(feat. George Clinton) (add. Nanci Fletcher) (prod. Dr. Dre)",Snippet of the studio acapella was posted by someone from the 2Pac community on YouTube. The full acapella has yet to surface.,Leak,Acapella,Snippet,High Quality,https://pillows.su/f/88d2fe3a208c30cae566671255d11680
"3 Total
2 Instrumental
1 Acapella","Dr. Dre Presents... The Aftermath
(Compilation album, prod. Dr. Dre)","(03/22/1996) (Dr. Dre leaves Death Row Records)
(11/26/1996) (Dr. Dre Presents... The Aftermath officially releases)",,Dr. Dre Presents... The Aftermath was a compilation album by Dr. Dre and was the first release on Aftermath Entertainment. The album was primarily produced by the Soul Kitchen production team.,,,
,Instrumentals,,,,,,
The Aftermath,"Been There, Done That (Instrumental)
(prod. Bud'da & Dr. Dre)","Official instrumental for Been There, Done That.",Promo CD,Instrumental,Full,CD Quality,https://pillows.su/f/738a87fed897f0e504fc86aba83f8254
The Aftermath,"Group Therapy - East Coast/West Coast Killas (Instrumental)
(prod. Dr. Dre & Stu-B-Doo)","Official instrumental for ""East Coast/West Coast Killas"".",CD Single,Instrumental,Full,CD Quality,https://pillows.su/f/2484ec6fa7e28b3f9b34cbe21f3d7882
,Acapellas,,,,,,
The Aftermath,Group Therapy - East Coast/West Coast Killas (Acapella),"Official acapella for ""East Coast/West Coast Killas"".",CD Single,Acapella,Full,CD Quality,https://pillows.su/f/626eb21a991148e95776e8d8a47af2e8
"48 Total
42 Instrumental
6 Acapella","2001
(Chronic 2001, Chronic 2000: No Seeds, Chronic 2000, The Chronic II)","(03/22/1996) (Dr. Dre leaves Death Row Records)
(??/??/1998) (2001 sessions begin)
(11/16/1999) (2001 officially releases)",,2001 (otherwise known as Chronic 2001 or simply The Chronic 2) is the sophomore studio album of Compton rapper/producer Dr. Dre.,,,
,Instrumentals,,,,,,
2001,2001 Instrumental,The full 2001 instrumental album.,Instrumental Album,Instrumental,Full,Lossless,https://music.apple.com/us/album/2001-instrumental/1440869002
2001,Lolo (Intro) (Instrumental),Official instrumental for Lolo (Intro).,Instrumental Album,Instrumental,Full,Lossless,https://pillows.su/f/0f385e3198aaf984894170448f9c277f
2001,"The Watcher (Instrumental)
(prod. Dr. Dre & Mel-Man)",Official instrumental for The Watcher.,Instrumental Album,Instrumental,Full,Lossless,https://pillows.su/f/63ecc7e37f8c6972e11c63be078cbeaf
2001,"??? (Instrumental) [V1]
(prod. Dr. Dre & Mel-Man)
(Fuck You)","The original instrumental for ""Fuck You"", said to exist by Hittman. Likely not called ""Fuck You"" at this point. Was on the same beat tape as ""Bang Bang"" and ""Light Speed"".",Info,Instrumental,Confirmed,Not Available,https://www.hotnewhiphop.com/240092-dr-dres-2001-turns-20-the-creation-of-a-classic-news
2001,"Fuck You (Instrumental)
(prod. Dr. Dre & Mel-Man)",Official instrumental for Fuck You.,Instrumental Album,Instrumental,Full,Lossless,https://pillows.su/f/9bdd5dfcb7a45bb7f3ac637d857dcdef
2001,"Still D.R.E. (Instrumental)
(prod. Dr. Dre, Mel-Man & Scott Storch)",Official instrumental for Still D.R.E..,Instrumental Album,Instrumental,Full,Lossless,https://pillows.su/f/4fb3075e3d795dd5d42157dfb42398be
2001,"Big Ego's (Instrumental)
(prod. Dr. Dre, Mel-Man & Scott Storch)",Official instrumental for Big Ego's.,Instrumental Album,Instrumental,Full,Lossless,https://pillows.su/f/f8003121cc1f9eb08beae97a1e901f36
2001,"Xxplosive (Instrumental)
(prod. Chris ""The Glove"" Taylor, Dr. Dre & Mel-Man)",Official instrumental for Xxplosive.,Instrumental Album,Instrumental,Full,Lossless,https://pillows.su/f/4b43025e11ab8e44e3dc464254fae48d
2001,"What's The Difference (Instrumental) [V1]
(prod. Dr. Dre & Mel-Man)","Dreamskillz mentioned that the B-side of the demo tape he owned featured 8 instrumentals, one of which was an early instrumental for What's The Difference.",Info,Instrumental,Confirmed,Not Available,https://www.valueyourmusic.com/items/143571967686-dr-dre-chronic-2001-demo-tape-rare-unreleased-rap-98-hear-60-minutes
2001,"What's The Difference (Instrumental)
(prod. Dr. Dre & Mel-Man)",Official instrumental for What's The Difference.,Instrumental Album,Instrumental,Full,Lossless,https://pillows.su/f/a4fd595301a5cb557be59ddfa0dbd96b
2001,"Bar One (Instrumental)
(prod. Dr. Dre & Mel-Man)",Official instrumental for Bar One.,Instrumental Album,Instrumental,Full,Lossless,https://pillows.su/f/5e8a7f791d85cc230b5de86d3378074e
2001,"??? (Instrumental) [V1]
(prod. Dr. Dre)
(Light Speed)","The original version of ""Light Speed"", heard by Hittman on a beat tape. The song was very minimal at this point, having only drums and a bassline. Hittman said he didn't really like it that much. Was not called ""Light Speed"" at this point, as Hittman gave him the idea for the title.",Info,Instrumental,Confirmed,Not Available,https://www.hotnewhiphop.com/240092-dr-dres-2001-turns-20-the-creation-of-a-classic-news
2001,"Light Speed (Instrumental)
(prod. Dr. Dre & Mel-Man)",Official instrumental for Light Speed.,Instrumental Album,Instrumental,Full,Lossless,https://pillows.su/f/1869129aba142142cb355b54b0f645eb
2001,"Forgot About Dre (Instrumental)
(prod. Dr. Dre & Mel-Man)",Official instrumental for Forgot About Dre.,Instrumental Album,Instrumental,Full,Lossless,https://pillows.su/f/43b9651d5c86e22e6988a4d5b2cf52b8
2001,"The Next Episode (Instrumental)
(prod. Dr. Dre & Mel-Man)",Official instrumental for The Next Episode.,Instrumental Album,Instrumental,Full,Lossless,https://pillows.su/f/3cf3b87c44856e89c827871612df4572
2001,"Let's Get High (Instrumental)
(prod. Dr. Dre & Mel-Man)",Official instrumental for Let's Get High.,Instrumental Album,Instrumental,Full,Lossless,https://pillows.su/f/1671c6aaa649e81e6e4e0f49bb69cfb2
2001,"Bitch Niggaz (Instrumental)
(prod. Dr. Dre & Mel-Man)",Official instrumental for Bitch Niggaz.,Instrumental Album,Instrumental,Full,Lossless,https://pillows.su/f/6e616a827bbc3600c9e90f67ce1c1398
2001,"Murder Ink (Instrumental)
(prod. Dr. Dre & Mel-Man)",Official instrumental for Murder Ink.,Instrumental Album,Instrumental,Full,Lossless,https://pillows.su/f/8c58565d165bcc0b3b4b948a8cc3693f
2001,"Some L.A. Niggaz (Instrumental)
(prod. Dr. Dre & Mel-Man)",Official instrumental for Some L.A. Niggaz.,Instrumental Album,Instrumental,Full,Lossless,https://pillows.su/f/3c05758fbf9acb86a15be44ddbf3b442
2001,"Pause 4 Porno (Instrumental)
(prod. Dr. Dre & Mel-Man)",Official instrumental for Pause 4 Porno.,Instrumental Album,Instrumental,Full,Lossless,https://pillows.su/f/3ae23bad0f3a25db953a664b1003ac85
2001,"Housewife (Instrumental)
(prod. Dr. Dre & Mel-Man)",Official instrumental for Housewife.,Instrumental Album,Instrumental,Full,Lossless,https://pillows.su/f/c40dd1ece650e382b2c1d854710a5dec
2001,"Ackrite (Instrumental)
(prod. Dr. Dre & Mel-Man)",Official instrumental for Ackrite.,Instrumental Album,Instrumental,Full,Lossless,https://pillows.su/f/50533611a2022cca49e50cd8831e6ffc
2001,"??? (Instrumental) [V1]
(prod. Dr. Dre & Mel-Man)
(Bang Bang)","The original instrumental version of ""Bang Bang"", likely missing some production elements from the final. Talked about by Hittman, as it was on the same beat tape as ""Fuck You"" and ""Light Speed"".",Info,Instrumental,Confirmed,Not Available,https://www.hotnewhiphop.com/240092-dr-dres-2001-turns-20-the-creation-of-a-classic-news
2001,"Bang Bang (Instrumental)
(prod. Dr. Dre & Mel-Man)",Official instrumental for Bang Bang.,Instrumental Album,Instrumental,Full,Lossless,https://pillows.su/f/aa0a7ff1fb091c9dfc2cbeec6cfcfd73
2001,"The Message (Instrumental)
(prod. Lord Finnesse)",Official instrumental for The Message.,Instrumental Album,Instrumental,Full,Lossless,https://pillows.su/f/5f4e61f3f125e2e9ef9e0be27bb0f05c
2001,"Chin Check (Instrumental)
(prod. Dr. Dre)",Official instrumental for Chin Check.,Single Vinyl,Instrumental,Full,High Quality,https://pillows.su/f/a6a8527dd7028077979b803c5bacbbfe
2001,"The Game (Instrumental) [V1]
(prod. Dr. Dre & Mel-Man)","Original version of ""The Game"", shown to Hittman. Was just the beat this point, likely not fully finished, similar to other songs on the beat tape Hittman described.",Info,Instrumental,Confirmed,Not Available,https://www.hotnewhiphop.com/240092-dr-dres-2001-turns-20-the-creation-of-a-classic-news
2001,"Zoom (Instrumental)
(prod. Chris ""The Glove"" Taylor & Dr. Dre)",Official instrumental for Zoom.,CD Single,Instrumental,Full,Lossless,https://pillows.su/f/34c2446ff163e7c2dc3b53c54f23f6bc
2001,"Blackstreet - No Diggity (Instrumental)
(prod. Teddy Riley & Skylz)","Official instrumental for ""No Diggity"".",CD Single,Instrumental,Full,CD Quality,https://pillows.su/f/786bdc6f8b21dc8f0987cdcff80ffd81
2001,"E-A-Ski - Dr. Dre & Mr. Ski (Instrumental)
(feat. Dr. Dre) (prod. Dr. Dre)
(Split Personalities)","Instrumental for ""Dr. Dre & Mr. Ski"". Leaked on the 2001 bootleg vinyl along with Crooked Cops and its fake instrumental.",Promo Vinyl,Instrumental,Full,High Quality,https://pillows.su/f/7bd23101199b9ca1f96c0eb22562cee2
2001,"Eminem - My Name Is (Instrumental)
(prod. Dr. Dre)","Official instrumental for ""My Name Is"".",Expanded Edition,Instrumental,Full,Lossless,https://pillows.su/f/562994a1352a7a9217613cc7521bb21e
2001,"Eminem - Guilty Conscience (Instrumental)
(prod. Dr. Dre & Eminem)","Official instrumental for ""Guilty Conscience"".",Expanded Edition,Instrumental,Full,Lossless,https://pillows.su/f/c0ca2e7e097037e80851c6fe84e3ad8d
2001,"Eminem - Role Model (Instrumental)
(prod. Dr. Dre)","Official instrumental for ""Role Model"".",Single Vinyl,Instrumental,Full,Lossless,https://pillows.su/f/4e0b146bf8e7928702b2d4124d7cf781
2001,"King Tee - Monay (Instrumental)
(prod. Dr. Dre)
(Money)","Official instrumental for ""Monay"". Currently not available until a rip of vinyl is discovered.",Single Vinyl,Instrumental,Confirmed,Not Available,https://www.discogs.com/release/6842510-King-T-MonayLets-Make-AVShake-Da-Spot
2001,"Kurupt - Ask Yourself A Question (Instrumental)
(prod. Dr. Dre)","Official instrumental for ""Ask Yourself A Question"".",CD Single,Instrumental,Full,Lossless,https://pillows.su/f/70231ab2245f4566b2177ef5d15c59dc
2001,"Ras Kass - Ghetto Fabulous (Instrumental)
(prod. Stu-B-Doo)","Official instrumental for ""Ghetto Fabulous"".",Promo Vinyl,Instrumental,Full,High Quality,https://pillows.su/f/75fbb509be206928e2e75ed448691cd9
2001,"Snoop Dogg - Bitch Please (Instrumental)
(prod. Dr. Dre)","Official instrumental for ""Bitch Please"".",Single Vinyl,Instrumental,Full,High Quality,https://pillows.su/f/f04e3cca6472f473cc9bbefb64c10d1c
2001,"Snoop Dogg - Just Dippin' (Instrumental)
(prod. Dr. Dre)","Official instrumental for ""Just Dippin'"".",Promo CD,Instrumental,Full,High Quality,https://pillows.su/f/4db2c11290911abac761d6b29d7fddd5
2001,"Soul Assassins - Puppet Master (Instrumental)
(prod. DJ Muggs)","Official instrumental for ""Puppet Master"".",Single Vinyl,Instrumental,Full,High Quality,https://pillows.su/f/d84a44454d202a718ea1f70efe1ae545
2001,"The Firm - Five Minutes To Flush (Instrumental)
(prod. Dr. Dre & The Glove)","Official instrumental for ""Five Minutes To Flush"".",Single Vinyl,Instrumental,Full,High Quality,https://pillows.su/f/3f336f0aca86823fdd44bfb98c6f3cf2
2001,"The Firm - Phone Tap (Instrumental)
(prod. Chris ""The Glove"" Taylor & Dr. Dre)","Official instrumental for ""Phone Tap"".",Maxi Single,Instrumental,Full,CD Quality,https://pillows.su/f/60f39900d4dc2c258832722968f904b2
2001,"Warren G - Game Don't Wait (Instrumental) [Remix]
(prod. Dr. Dre)","Official acapella for the ""Game Don't Wait"" remix.",CD Single,Instrumental,Full,CD Quality,https://pillows.su/f/e68bb52b2cab81f445329e2a0a03bd9f
,Acapellas,,,,,,
2001,"Forgot About Dre (Acapella)
(feat. Eminem)",Source unknown.,Unknown,Acapella,Full,High Quality,https://pillows.su/f/564e51da33742d94ef70ef6cc3ccb16d
2001,"The Next Episode (Acapella)
(feat. Snoop Dogg)",Official acapella for The Next Episode.,CD Single,Acapella,Full,CD Quality,https://pillows.su/f/dc2ec9b2de04632e59fd4e58acc9713b
2001,"Chin Check (Acapella)
(with N.W.A.) (feat. Snoop Dogg)",Official acapella for Chin Check.,Single Vinyl,Acapella,Confirmed,Not Available,https://www.discogs.com/release/427009-NWA-Chin-Check
2001,"Zoom (Acapella)
(with LL Cool J)",Official acapella for Zoom.,Single Vinyl,Acapella,Full,High Quality,https://pillows.su/f/0b385674ade16060122cf2fc50d28cf6
2001,"Soul Assassins - Puppet Master (Acapella)
(feat. Dr. Dre & B-Real)","Official acapella for ""Puppet Master"".",Single Vinyl,Acapella,Full,High Quality,https://pillows.su/f/0e2a771f70ccb85695ff47567a503ace
2001,"Warren G - Game Don't Wait (Acapella) [Remix]
(feat. Xzibit, Snoop Dogg & Nate Dogg)","Official acapella for the ""Game Don't Wait"" remix.",CD Single,Acapella,Full,CD Quality,LINK NEEDED
"56 Total
47 Instrumental
8 Acapella
1 TV Track",Detox [V1],"(11/16/1999) (2001 officially releases)
(02/??/2002) (Detox sessions start in full force)
(08/??/2004) (Dre gives up on Detox)
(11/??/2004) (Dre announces that he's back to working on Detox)",,"The first era of Detox. Off the heels from 2001 Dre took some time to help bring up Eminem and Xzibit's albums and work with other artists, of course while working on his then supposed to be third album, Detox. Dre himself would state that Detox would be a ""hip hop musical"" of sorts, conceptualized about a hitman. However, the concept was scrapped a couple years after. Not much material has leaked from this era but at the time Dre was promoting this as his final album before retiring (even claiming that the verse he recorded for Where I'm From would be his last verse ever). In 2004, Dre also mentioned he wanted to put out up to 12 singles for the album as well, however later that year he seems to have restarted development once again. Songs such as Want Me Back would leave a legacy for Dre.",,,
,Instrumentals,,,,,,
Detox [V1],"Rhodes Bell 90 (Instrumental) [V1]
(prod. Dr. Dre & Scott Storch)
(Start From Scratch)","Original version of the instrumental to Start From Scratch by The Game. Title seen on a demo CD from January 1, 2004.",Other,Instrumental,Confirmed,Not Available,
Detox [V1],"Fresh 83 (Instrumental)
(prod. Dr. Dre & Mike Elizondo)
(How We Do)",The Game found the beat for How We Do whilst searching through a folder of beats produced by Dre. It was originally titled Fresh 83 and was likely made during Detox era.,Other,Instrumental,Confirmed,Not Available,Source Needed
Detox [V1],"String Sample Beat [V1]
(prod. Focus...)
(Where I'm From)","Original version of the Where I'm From beat, track #10 on a Focus... Encore Studios beat CD dated to March 21, 2004.",Leak,Instrumental,Partial,High Quality,https://pillows.su/f/bf69df95f2e1d14a961eadddaf4c380c
Detox [V1],"40 Glocc - Papa's Lil Soldier (Instrumental)
(prod. Dr. Dre)
(Papa Lil Soldier, Papa's Lil Soldier)","Official instrumental for ""Papa Lil Soldier"".",Promo Vinyl,Instrumental,Full,High Quality,https://pillows.su/f/5ac2cd6eb0f55b031ae931b48c03dc73
Detox [V1],"50 Cent - Back Down (Instrumental)
(prod. Dr. Dre)","Official instrumental for ""Back Down"".",CD Single,Instrumental,Full,Lossless,https://pillows.su/f/4106f15dc33d48b07f7f018159ad8cb6
Detox [V1],"50 Cent - If I Can't (Instrumental)
(prod. Dr. Dre, Mike Elizondo & Neff-U)","Official instrumental for ""If I Can't"".",CD Single,Instrumental,Full,Lossless,https://pillows.su/f/78bdafc76f80a38801ff258b00e83ac4
Detox [V1],"50 Cent - Heat (Instrumental)
(prod. Dr. Dre)","Official instrumental for ""Heat"". From the vinyl only release of ""Get Rich Or Die Tryin (Instrumentals)"".",Instrumental Album,Instrumental,Full,High Quality,https://pillows.su/f/2077512741f8ce5f77003612fe420b0b
Detox [V1],"50 Cent - In Da Club (Instrumental)
(prod. Dr. Dre & Mike Elizondo)","Official instrumental for ""In Da Club"".",CD Single,Instrumental,Full,Lossless,https://pillows.su/f/effd07a64fb2233bce9f9fc0fdd22633
Detox [V1],"50 Cent - In Da Hood (Instrumental)
(prod. Dr. Dre)","Official instrumental for ""In Da Hood"".",Single Vinyl,Instrumental,Full,High Quality,https://pillows.su/f/436a695954ddcf9c8ea97b389e470c84
Detox [V1],"Bilal - Fast Lane (Instrumental)
(prod. Dr. Dre)","Official instrumental for ""Fast Lane"".",CD Single,Instrumental,Full,High Quality,https://pillows.su/f/77f94195b2044fbb2f11a887f1dc9f09
Detox [V1],"Busta Rhymes - Break Ya Neck (Instrumental)
(prod. Dr. Dre & Scott Storch)","Official instrumental for ""Break Ya Neck"".",CD Single,Instrumental,Full,CD Quality,https://pillows.su/f/95d9fc7786b1093b052fe6128242b13f
Detox [V1],"Busta Rhymes - Don't Get Carried Away (Instrumental) [V1]
(prod. Dr. Dre)","Seemingly an early version of the instrumental, slightly lower pitched and features a lot of elements that didn't make it into the final version. Appeared in a Fast & Furious mini-movie titled ""2 Fast 2 Furious"".",Other,Instrumental,Partial,High Quality,https://pillows.su/f/3881bace5bcfaae2aeb4827d4b41d552
Detox [V1],"Busta Rhymes - Holla (Instrumental)
(prod. Dr. Dre & Mike Elizondo)",Seemingly originates from a vinyl.,Unknown,Instrumental,Full,CD Quality,https://pillows.su/f/b9eb180fcd778d6c5b3983359f08b9e1
Detox [V1],"D12 - Fight Music (Instrumental)
(prod. Dr. Dre)","Official instrumental for ""Fight Music"".",Expanded Edition,Instrumental,Full,Lossless,https://pillows.su/f/7ac9402846c4102cae301440d6119899
Detox [V1],"D12 - American Psycho II (Instrumental)
(prod. Dr. Dre & Mike Elizondo)","Official instrumental for ""American Psycho II"".",Promo CD,Instrumental,Full,CD Quality,https://pixeldrain.com/u/qPB22fak
Detox [V1],"Devin The Dude - It's A Shame (Instrumental)
(prod. Dr. Dre)","Official instrumental for ""It's A Shame"".",Promo CD,Instrumental,Full,High Quality,https://pillows.su/f/20db367ed5df64cf8147534a3c5da32c
Detox [V1],"DJ Quik - Put It On Me (Instrumental)
(with Dr. Dre) (prod. Dr. Dre)",Official instrumental for Put It On Me.,Promo CD,Instrumental,Full,Lossless,https://pillows.su/f/b3f6b61a4417feb300a3efca5b5d1873
Detox [V1],"Eminem - Bitch Please II (Instrumental)
(prod. Dr. Dre)","Official instrumental for ""Bitch Please II"".",Single Vinyl,Instrumental,Full,High Quality,https://pixeldrain.com/u/b7aAXiMe
Detox [V1],"Eminem - Business (Instrumental)
(prod. Dr. Dre, Mike Elizondo & Neff-U)","Official instrumental for ""Business"".",Expanded Edition,Instrumental,Full,Lossless,https://pillows.su/f/887803e128b00c391326e8c33fada9d5%5C
Detox [V1],"Eminem - My Dad's Gone Crazy (Instrumental)
(prod. Dr. Dre & Mike Elizondo)",Leaked by Joe Strange.,Leak,Instrumental,Full,CD Quality,https://pillows.su/f/d485244dfc4ec9c028a8b021a5ab7a9f
Detox [V1],"Eminem - Say What You Say (Instrumental)
(prod. Dr. Dre, Mike Elizondo, Neff-U & Timbaland)","Official instrumental for ""Say What You Say"".",Expanded Edition,Instrumental,Full,Lossless,https://pillows.su/f/4ac7034d51798c42525c8b9896a6ac06
Detox [V1],"Eminem - The Real Slim Shady (Instrumental)
(prod. Dr. Dre & Mel-Man)","Official instrumental for ""The Real Slim Shady"".",Expanded Edition,Instrumental,Full,Lossless,https://pillows.su/f/1d6afb25fe38e6050f39ae25069d8fc2
Detox [V1],"Eve - Let Me Blow Ya Mind (Instrumental)
(prod. Dr. Dre & Scott Storch)","Official instrumental for ""Let Me Blow Ya Mind"".",Promo CD,Instrumental,Full,CD Quality,https://pillows.su/f/ef4a4c0f722c0784aae4c9d6e22cf6ad
Detox [V1],"Eve - Satisfaction (Instrumental)
(prod. Dr. Dre, Mike Elizondo & Scott Storch)","Official instrumental for ""Satisfaction"".",Single Vinyl,Instrumental,Full,High Quality,https://pillows.su/f/ac38631ed632281e98923e6b7437288d
Detox [V1],"Funkmaster Flex & Big Kap - If I Get Locked Up (Instrumental)
(prod. Rockwilder)","Official instrumental for ""If I Get Locked Up"".",Instrumental Album,Instrumental,Full,CD Quality,https://pillows.su/f/10c42ba7983db50072831511949aba53
Detox [V1],"G.U.N.Z. - Trigga Happy (Instrumental)
(prod. Dr. Dre)","Official instrumental for ""Trigga Happy"". Unavailable as of now.",Single Vinyl,Instrumental,Confirmed,Not Available,https://www.discogs.com/release/6944430-GUNZ-Gunz-Archives-Vol-1
Detox [V1],"G.U.N.Z. - C-Low (Instrumental)
(prod. Dr. Dre)","Official instrumental for ""C-Low"". Unavailable as of now.",Single Vinyl,Instrumental,Confirmed,Not Available,https://www.discogs.com/release/6944430-GUNZ-Gunz-Archives-Vol-1
Detox [V1],"G-Unit - G'd Up (Instrumental)
(prod. Dr. Dre)",Source unknown.,Unknown,Instrumental,Full,Lossless,https://pillows.su/f/d93c7add7d44c28b3c3bfeb37aaa4f52
Detox [V1],"G-Unit - Poppin' Them Thangs (Instrumental)
(prod. Dr. Dre & Scott Storch)","Official instrumental for ""Poppin' Them Thangs"".",CD Single,Instrumental,Full,Lossless,https://pillows.su/f/37773e0aec669b01e64e38b5fb9a2243
Detox [V1],"JAY-Z - The Watcher 2 (Instrumental)
(prod. Dr. Dre & Scott Storch)","Official instrumental for ""The Watcher 2"".",Single Vinyl,Instrumental,Full,High Quality,https://pillows.su/f/e5243ff391b77bd23f11f0b5fb33e7b1
Detox [V1],"Ice Cube - Hello (Instrumental)
(prod. Dr. Dre & Mel-Man)","Official instrumental for ""Hello"".",Promo CD,Instrumental,Full,Lossless,https://pillows.su/f/625034c120f18fa9be9d25c91ebef221
Detox [V1],"Knoc-Turn'al - Knoc (Instrumental)
(prod. Dr. Dre)","Official instrumental for ""Knoc"".",Promo CD,Instrumental,Full,High Quality,https://pillows.su/f/1e1878bfe92f32154daa4c15a6fa2765
Detox [V1],"Knoc-Turn'al - Straight West Coast (Instrumental)
(prod. Dr. Dre)
(Str8 West Coast, Str8 Westcoast)","Listed on a Discogs listing, seems to be an internal promo CD. The contents of the disc have not been uploaded as far as we know.",Promo CD,Instrumental,Confirmed,Not Available,https://www.discogs.com/release/17310178-Knoc-Turnal-Straight-West-Coast
Detox [V1],"Mack 10 - Hate In Yo Eyes (Instrumental)
(prod. Dr. Dre)","Official instrumental for ""Hate In Yo Eyes"".",Single Vinyl,Instrumental,Full,High Quality,https://pillows.su/f/d03f2a577ca335f868e9cf95a24f3eec
Detox [V1],"Mary J. Blige - Fragile (Instrumental) [V1]
(prod. Dr. Dre)
(Family Affair)"," The beat for this song was made on September 13, 2000 and was originally titled Fragile as stated by Jones v. Blige. The original version of the beat is likely different compared to the released version.",Info,Instrumental,Confirmed,Not Available,https://web.archive.org/web/20181012053145/http://mcir.usc.edu/cases/2000-2009/Pages/jonesblige.html
Detox [V1],"Mary J. Blige - Family Affair (Instrumental) [V2]
(prod. Dr. Dre)
(Fragile)","Official instrumental for ""Family Affair"".",CD Single,Instrumental,Full,CD Quality,https://pillows.su/f/3b239bc05130acb341f8403d0b8d58d3
Detox [V1],"Mary J. Blige - Not Today (Instrumental)
(prod. Dr. Dre)","Official instrumental for ""Not Today"".",Promo Vinyl,Instrumental,Full,CD Quality,https://pillows.su/f/f6000fabe74ec63faa12a8ad40cc8b9f
Detox [V1],"Obie Trice - Oh! (Instrumental)
(prod. Dr. Dre)","Official instrumental for ""Oh!"".",Promo Vinyl,Instrumental,Full,High Quality,https://pillows.su/f/c7578d028bf2fc0ec944796563c8b697
Detox [V1],"Obie Trice - Shit Hits The Fan (Instrumental)
(prod. Dr. Dre & Mike Elizondo)","Official instrumental for ""Shit Hits The Fan"".",CD Single,Instrumental,Full,Lossless,https://pillows.su/f/7dd143cb89f9263163e04238bd3b2cd5
Detox [V1],"Obie Trice - The Set Up (Instrumental)
(prod. Dr. Dre & Mike Elizondo)","Official instrumental for ""The Set Up"".",Single Vinyl,Instrumental,Full,High Quality,https://pillows.su/f/014518566b23f7f819347b857834d28f
Detox [V1],"Snoop Dogg - Lay Low (Instrumental)
(prod. Dr. Dre & Mike Elizondo)","Official instrumental for ""Lay Low"".",CD Single,Instrumental,Full,Lossless,https://pillows.su/f/cb3ecb53eeafa07228b37b74da321c85
Detox [V1],"The Game - Westside Story (Instrumental)
(prod. Dr. Dre & Scott Storch)
(Pulse Piano 87)","Official instrumental for ""Westside Story"".",CD Single,Instrumental,Full,CD Quality,https://pillows.su/f/bfb9bd4f8f7f7882411e97874ffde426
Detox [V1],"Truth Hurts - Addictive (Instrumental)
(prod. Dr. Dre & DJ Quik)","Official instrumental for ""Addictive"".",Single Vinyl,Instrumental,Full,Lossless,https://pillows.su/f/d29c85bbfe981819043170829e66352e
Detox [V1],"Truth Hurts - Addictive (Remix) [Instrumental]
(prod. Dr. Dre & DJ Quik)","Official instrumental for ""Addictive (Remix)"".",Promo Vinyl,Instrumental,Full,CD Quality,https://pillows.su/f/4c4fa408a414c12f06787364ca8737e2
Detox [V1],"Warren G - Lookin' At You (Instrumental)
(prod. Dr. Dre)","Official instrumental for ""Lookin' At You"".",CD Single,Instrumental,Full,CD Quality,https://pillows.su/f/43b3b3f9e4cefc55411ae5b3273a5f1b
Detox [V1],"Xzibit - X (Instrumental)
(prod. Dr. Dre, Mel-Man & Scott Storch)","Official instrumental for ""X"".",CD Single,Instrumental,Full,Lossless,https://pillows.su/f/a44a55e8c3af437d7d126cac547b4776
Detox [V1],Unknown [Xzibit Beat CD],In a June 2001 MTV article Xzibit said that Dre gave him a beat CD with 38 beats on it.,Info,Instrumental,Confirmed,Not Available,https://web.archive.org/web/20100109084736/http://www.mtv.com/news/articles/1444763/20010625/xzibit.jhtml
,Acapellas,,,,,,
Detox [V1],50 Cent - Back Down (Acapella),"Acapella for ""Back Down"".",Leak,Acapella,Full,High Quality,https://pillows.su/f/e203b20bd6ae228dd7b5a0f8898207a0
Detox [V1],"Bilal - Fast Lane (Remix) [Acapella]
(feat. Dr. Dre & Jadakiss)","Official acapella for ""Fast Lane (Remix)"".",Single Vinyl,Acapella,Full,High Quality,https://pillows.su/f/521c2d87562b745bc95f10a064ead566
Detox [V1],"Ice Cube - Hello (Acapella)
(feat. Dr. Dre & MC Ren)","Official acapella for ""Hello"".",Promo Vinyl,Acapella,Full,High Quality,https://pillows.su/f/06b78cef2576ff8ab62b309669d87c78
Detox [V1],"Knoc-Turn'al - Knoc (Acapella)
(feat. Missy Elliot)","Official acapella for ""Knoc"".",Promo Vinyl,Acapella,Full,CD Quality,https://pillows.su/f/48ba4048d84dcb09ece4c2b861c6309f
Detox [V1],Mary J. Blige - Family Affair (Acapella),"Official acapella for ""Family Affair"".",Single Vinyl,Acapella,Full,High Quality,https://pillows.su/f/711810eed90251a06228116b724b8b69
Detox [V1],"Mary J. Blige - Not Today (Acapella)
(feat. Eve)","Official acapella for ""Not Today"".",Promo Vinyl,Acapella,Full,CD Quality,https://pillows.su/f/15e1cc0df663a97867dbdc0f9ee69382
Detox [V1],"Obie Trice - Oh! (Acapella)
(feat. Busta Rhymes)","Official acapella for ""Oh!"".",Promo Vinyl,Acapella,Full,High Quality,https://pillows.su/f/1941c7e0ab335464458a72b0e0f0e9db
Detox [V1],"Obie Trice - Shit Hits The Fan (Acapella)
(feat. Dr. Dre & Eminem)","Official acapella for ""Shit Hits The Fan"".",CD Single,Acapella,Full,Lossless,https://pillows.su/f/20b2ea50d82a85d3158b0b89ed93498e
,TV Tracks,,,,,,
Detox [V1],"Knoc-Turn'al - Knoc (TV Track)
(feat. Missy Elliot) (prod. Dr. Dre)","Official TV Track for ""Knoc"".",Promo Vinyl,TV Track,Full,CD Quality,https://pillows.su/f/b55ed5e098add1416f226d85e02a66f5
"4 Total
2 Instrumental
2 Acapella","The Wash (The Original Motion Picture Soundtrack)
(Soundtrack for The Wash, Collaboration with multiple artists)","(??/??/2001) (Recording sessions start)
(11/6/2001) (The Wash OST releases)
(11/16/2001) (The Wash releases)",,The Wash was a movie written and directed by notable producer DJ Pooh and starred multiple Aftermath related artists. It was received very poorly by critics. Despite this a soundtrack for it was also put out containing several original songs.,,,
,Instrumentals,,,,,,
The Wash,"Bad Intentions (Instrumental)
(prod. Mahogany & Dr. Dre)",Official instrumental for Bad Intentions.,CD Single,Instrumental,Full,CD Quality,https://pillows.su/f/1f492237eb4ad7dac1b29ea761680e86
The Wash,"The Wash (Instrumental)
(prod. DJ Pooh & Dr. Dre)",Official instrumental for The Wash.,Promo CD,Instrumental,Full,CD Quality,https://pillows.su/f/a58608bf2a42ba2e610d2431125b1692
,Acapellas,,,,,,
The Wash,"Bad Intentions (Acapella)
(feat. Knoc-Turn'Al)",Official acapella for Bad Intentions.,CD Single,Acapella,Full,CD Quality,https://pillows.su/f/dc436b24eb1ff599873f88c6f19f9b07
The Wash,"The Wash (Acapella)
(feat. Snoop Dogg)",Official acapella for The Wash.,Single Vinyl,Acapella,Full,High Quality,https://pillows.su/f/b349be93da64a74ba365ca917504846e
"37 Total
32 Instrumental
5 Acapella",Detox [V2],"(11/??/2004) (Dre announces that he's back to working on Detox)
(??/??/2005) (The D.O.C. reunites with Dre and starts working on Detox)
(09/??/2007) (Dr. Dre flies out to Detroit to help Eminem finish his mixtape)",,Detox V2 was quite the busy time for Dre and was the start of the many delays that would happen to Detox. During this time Dre would start to branch out for working with artists and would change up the Detox sound. This was also the era when his working relationship with JAY-Z really came to a start. We dont have many leaks from this time but from what we know this was a promising iteration of Detox.,,,
,Instrumentals,,,,,,
Detox [V2],"Congo (Instrumental)
(prod. Dr. Dre & Mark Batson)
(Catalina)","Official instrumental for Raekwon's ""Catalina"", said to be originally titled ""Congo"" by Raekwon himself.",Instrumental Album,Instrumental,Full,High Quality,
Detox [V2],"Final Fire House
(prod. Klypso)","An instrumental that Klypso made to submit for Detox, unknown if it was ever recorded on.",Leak,Instrumental,Full,High Quality,https://pillows.su/f/be99ee5b05bf5919c5d360d8a488414c
Detox [V2],"50 Cent - Fire (Instrumental)
(prod. Dr. Dre, Dawaun Parker & Mark Batson)","Official instrumental for ""Fire"".",Single Vinyl,Instrumental,Full,High Quality,https://pillows.su/f/e4fd7a6b7ca560e7acaa975869d0678d
Detox [V2],"50 Cent - Gunz Come Out (Instrumental)
(prod. Dr. Dre)",Source unknown.,Unknown,Instrumental,Full,Lossless,https://pillows.su/f/a5949ae981a1d42f712927cfb1f7784b
Detox [V2],"50 Cent - Outta Control (Instrumental) [Remix]
(prod. Dr. Dre & Mike Elizondo)","Official instrumental for the ""Outta Control"" remix.",CD Single,Instrumental,Full,CD Quality,https://pillows.su/f/c047227b15bad5e7d7390027d6db4601
Detox [V2],"50 Cent - Straight To The Bank (Instrumental)
(prod. Ty Fyffe & Dr. Dre)","Official instrumental for ""Straight To The Bank"".",CD Single,Instrumental,Full,CD Quality,https://pillows.su/f/027b60c19ede0279d50fd9140baf98aa
Detox [V2],"50 Cent - Talk About Me (Instrumental)
(prod. Dr. Dre, Che Pope & Mike Elizondo)","Official instrumental for ""Talk About Me"".",Single Vinyl,Instrumental,Full,High Quality,https://pillows.su/f/cc07a3156e27410f388cacf1f41ab14b
Detox [V2],"Busta Rhymes - Been Through the Storm (Instrumental)
(prod. Sha Money XL, Black Jeruz & Dr. Dre)","Official instrumental for ""Been Through the Storm"".",Single Vinyl,Instrumental,Full,High Quality,https://pillows.su/f/c5e750f5595b945b89d341e46a7ff25e
Detox [V2],"Busta Rhymes - Get You Some (Instrumental)
(prod. Dr. Dre & Mark Batson)","Official instrumental for ""Get You Some"".",Single Vinyl,Instrumental,Full,High Quality,https://pillows.su/f/e8f0ccc546e757269789f693020233ce
Detox [V2],"Busta Rhymes - How We Do It Over Here (Instrumental)
(prod. Dr. Dre)","Official instrumental for ""How We Do It Over Here"".",CD Single,Instrumental,Full,CD Quality,https://pillows.su/f/4cb66e9f541cbfcf7b584ba02d00f8fb
Detox [V2],"Busta Rhymes - In The Ghetto (Instrumental)
(prod. DJ Green Lantern & Dr. Dre)","Official instrumental for ""In The Ghetto"".",Single Vinyl,Instrumental,Full,High Quality,https://pillows.su/f/0c99603d85291d94bc79bd3ad000f261
Detox [V2],"Eminem - Ass Like That (Instrumental)
(prod. Dr. Dre & Mike Elizondo)","Official instrumental for ""Ass Like That""",CD Single,Instrumental,Full,Lossless,https://pixeldrain.com/u/AmauCo4z
Detox [V2],"Eminem - Encore (Instrumental)
(prod. Dr. Dre & Mark Batson)",Source unknown.,Unknown,Instrumental,Full,Lossless,https://pixeldrain.com/u/CeGr2dhm
Detox [V2],"Eminem - Evil Deeds [V1] (Instrumental)
(prod. Dr. Dre)","Leaked by Joe Strange. Lacks the Curtains Up and Never Enough transitions, has a very long outro fadeout and breathing noises in the intro.",Leak,Instrumental,Full,CD Quality,https://pillows.su/f/bf2db34e8a0d4d2e3f0705dc43571b06
Detox [V2],"Eminem - Just Lose It (Instrumental)
(prod. Dr. Dre & Mike Elizondo)","Official instrumental for ""Just Lose It""",CD Single,Instrumental,Full,Lossless,https://pillows.su/f/2a0dfcf6bef9782eff9dc22235a4ced5
Detox [V2],"Eminem - Never Enough (Instrumental)
(prod. Dr. Dre & Mike Elizondo)",Leaked by Joe Strange. Lacks the Evil Deeds transition.,Leak,Instrumental,Full,CD Quality,https://pillows.su/f/9160f70152535088707524daa5b9804f
Detox [V2],"Eminem - Rain Man (Instrumental)
(prod. Dr. Dre)",Leaked by Joe Strange.,Leak,Instrumental,Full,High Quality,https://pillows.su/f/e4fcd3043b77f87176b280dd16c1d0c1
Detox [V2],"Gwen Stefani - Rich Girl (Instrumental)
(prod. Dr. Dre)","Official instrumental for ""Rich Girl"".",Single Vinyl,Instrumental,Full,High Quality,https://pillows.su/f/90baca254852d3bc6f8d8e9d04d52036
Detox [V2],"Gwen Stefani - Rich Girl (Instrumental) [Get Rich Mix]
(prod. Dr. Dre)","Official instrumental for the Get Rich mix of ""Rich Girl"".",Single Vinyl,Instrumental,Full,High Quality,https://pillows.su/f/5547b7578c5275c43d184d5a2a73947b
Detox [V2],"Gwen Stefani - Rich Girl (Instrumental) [Get Rich Quick Mix]
(prod. Dr. Dre)","Official instrumental for the Get Rich Quick mix of ""Rich Girl"".",Single Vinyl,Instrumental,Full,High Quality,https://pillows.su/f/18eb7c8d41b4ca47cad3379a5a803087
Detox [V2],"JAY-Z - 30 Something (Instrumental)
(prod. Dr. Dre)","Official instrumental for ""30 Something"".",Single Vinyl,Instrumental,Full,High Quality,https://pillows.su/f/5ddb5cfebccf6e878a6ba76a6e3cc4b7
Detox [V2],"JAY-Z - Lost One (Instrumental)
(prod. Dr. Dre & Mark Batson)","Official instrumental for ""Lost One"".",Promo Vinyl,Instrumental,Full,High Quality,https://pillows.su/f/ba9fdbd24609954d1301507b59848f2b
Detox [V2],"JAY-Z - Trouble (Instrumental)
(prod. Dr. Dre & Mark Batson)",Source unknown.,Unknown,Instrumental,Full,High Quality,https://pillows.su/f/e925e4fce7a1523a011ab041554a040d
Detox [V2],"Obie Trice - ??? (Instrumental)
(prod. Dr. Dre)
(Bottoms Up / Intro)",The instrumental to the Bottoms Up intro originates from 2006.,Info,Instrumental,Confirmed,Not Available,
Detox [V2],"Snoop Dogg - Boss' Life (Instrumental)
(prod. Dr. Dre & Dawaun Parker)","Official instrumental for ""Boss' Life"".",CD Single,Instrumental,Full,Lossless,https://pillows.su/f/66d9fd6e5e5baf6052939340fa48f1f6
Detox [V2],"Stat Quo - G.R.I.T.S. (Instrumental)
(prod. Dr. Dre, Che Pope & Mark Batson)","Official instrumental for ""G.R.I.T.S."".",Promo CD,Instrumental,Full,High Quality,https://pillows.su/f/c5575762f1edf3684bf549bdea937645
Detox [V2],"Stat Quo - Get Low (Instrumental)
(prod. Dr. Dre & Dawaun Parker)","Official instrumental for ""Get Low"".",CD Single,Instrumental,Full,High Quality,https://pillows.su/f/b05da1a87c3dd3232272a407b09a77fb
Detox [V2],"Stat Quo - Here We Go (Instrumental)
(prod. Dr. Dre)","Official instrumental for ""Here We Go"".",CD Single,Instrumental,Full,CD Quality,https://pillows.su/f/4375d96ff14e671db22028221eb94d11
Detox [V2],"The Game - Hate It Or Love It (Instrumental)
(prod. Cool & Dre)","Official instrumental for ""Hate It Or Love It"".",CD Single,Instrumental,Full,CD Quality,https://pillows.su/f/1e1142012c7d323a79d3cda111b025ca
Detox [V2],"The Game - Higher (Instrumental)
(prod. Dr. Dre, Mark Batson & Mike Elizondo)","Official instrumental for ""Higher"".",CD Single,Instrumental,Full,High Quality,https://pillows.su/f/421d8f678d03038daf9bfa226563e08d
Detox [V2],"The Game - How We Do (Instrumental)
(prod. Dr. Dre & Mike Elizondo)","Official instrumental for ""How We Do"".",CD Single,Instrumental,Full,CD Quality,https://pillows.su/f/d5580a7eee331d43ed73707e657e3f82
Detox [V2],"The Game - ???
(prod. Dr. Dre)","Right after The Documentary came out Game had Dre work on a beat that sampled ""1st of tha Month"" by Bone Thugs-N-Harmony for Game to use. Unfortunately, Dre never finished the beat and Game never recorded for it.",Info,Instrumental,Confirmed,Not Available,https://web.archive.org/web/20240518134947/https://www.complex.com/music/a/ernest-baker/interview-game-jesus-piece-kendrick-lamar-life-is-good
,Acapellas,,,,,,
Detox [V2],"Busta Rhymes - How We Do It Over Here (Acapella)
(feat. Missy Elliott) (add. Deana Evans)","Official acapella for ""How We Do It Over Here"".",CD Single,Acapella,Full,CD Quality,https://pillows.su/f/c82c768c61405667a39a316a8344a44e
Detox [V2],"Eminem - Encore (Acapella)
(feat. Dr. Dre & 50 Cent)","Official acapella for ""Encore"".",Single Vinyl,Acapella,Full,Lossless,https://pixeldrain.com/u/dxGT1H5e
Detox [V2],Stat Quo - Get Low (Acapella),"Official acapella for ""Get Low"".",CD Single,Acapella,Full,High Quality,https://pillows.su/f/b7fc52fb9ef8acc38a4ab4567e74fcfa
Detox [V2],Stat Quo - Here We Go (Acapella),"Official acapella for ""Here We Go"".",CD Single,Acapella,Full,High Quality,https://pillows.su/f/4a10e4f56a5e933e2d1f268a6b582156
Detox [V2],"The Game - How We Do (Acapella)
(feat. 50 Cent)","Official acapella for ""How We Do"".",CD Single,Acapella,Full,CD Quality,https://pillows.su/f/d590d317351120e3ba0f8441f5bc5dae
"5 Total
4 Instrumental
1 Acapella",Detox [V3],"(09/??/2007) (Dr. Dre flies out to Detroit to help Eminem finish his mixtape)
(03/16/2009) (Eminem, Dr. Dre & 50 Cent fly to Vegas to shoot the We Made You music video)",,"One of the more lesser heard from eras of Detox is the third iteration, it was mostly carried by Bishop Lamont & Hayes with Slim The Mobster only getting involved near the end of this version around 2007. Dre was noticeably quiet on the released music side with not much content involving his name coming out. This version of Detox would also start to introduce different producers into the sound such as Jake One and DJ Khalil along with working with other artists such as T.I. & Rain 910. Lastly, this era would also introduce Sly Pyper, Dre's most underrated Aftermath artist.
",,,
,Instrumentals,,,,,,
Detox [V3],"Coming Back (Instrumental) [V1?] 
(prod. Hi-Tek)",A version of the Coming Back/Early Days of George instrumental was played during the Problem (now known as JasonMartin) and T.I. studio session in 2013. Likely from T.I.'s original reference track.,Other,Instrumental,Snippet,Recording,LINK NEEDED
Detox [V3],"50 Cent - I Get It In (Instrumental)
(prod. Dr. Dre, Dawaun Parker, Mark Batson & Trevor Lawrence Jr.)","Official instrumental for ""I Get It In"".",CD Single,Instrumental,Full,CD Quality,https://pillows.su/f/ac87546faa14d864d32b71ee6d121058
Detox [V3],"Eminem - Crack A Bottle (Instrumental)
(prod. Dr. Dre, Mark Batson, Dawaun Parker, & Erick “Jesus” Coomes)","Official instrumental for ""Crack A Bottle"".",CD Single,Instrumental,Full,Lossless,https://pixeldrain.com/u/8XpBcXUD
Detox [V3],"Eminem - So Bad [V1] (Instrumental)
(prod. Nick Brongers)","In 2008, Nick Brongers sent over ""samples"" that he made to Dre for use on Detox. One of these ended up being used for So Bad.",Info,Instrumental,Confirmed,Not Available,https://vernonmorningstar.com/2011/02/15/local-hopes-to-produce-a-few-grammys/
,Acapellas,,,,,,
Detox [V3],50 Cent - I Get It In (Acapella),"Official acapella for ""I Get It In"".",CD Single,Acapella,Full,CD Quality,https://pillows.su/f/ac87546faa14d864d32b71ee6d121058
"26 Total
22 Instrumental
4 Acapella",Detox [V4],"(03/16/2009) (Eminem, Dr. Dre & 50 Cent fly to Vegas to shoot the We Made You music video)
(11/14/2011) (Dre announces a break from solo music)",,"The most wanted version of Detox. Coming out of ""Relapse"" sessions ""Detox"" is finally put into full focus by Dr. Dre, and the most extensive sessions are held through this period. Singles are released and the album comes the closest it ever did to releasing, but ultimately burns out and Dre steps back from working on his own music again in 2011.",,,
,Instrumentals,,,,,,
Detox [V4],"Kush (Instrumental)
(prod. DJ Khalil, Bēkon & Dr. Dre)",Official instrumental for Kush.,Promo CD,Instrumental,Full,High Quality,https://pillows.su/f/cfa66a4c3b99a6e8521b02a4acc91d40
Detox [V4],"I Need A Doctor (Instrumental)
(prod. Alex Da Kid)",Source unknown.,Unknown,Instrumental,Full,High Quality,https://pillows.su/f/6b29d032efe7c0e890757c07938d8c86
Detox [V4],"I'm Psycho (Instrumental) [V3] 
(prod. Dr. Dre & Mark Batson)
(Good Things)","A more developed ""I'm Psycho"" instrumental featuring a new intro and background orchestral strings was used in a 2011 Chrysler 300S commercial promoting the new Beats sound system.",Other,Instrumental,Partial,High Quality,https://www.youtube.com/watch?v=qhKUZ4ePWos
Detox [V4],"Shit Popped Off (Instrumental)
(prod. Dr. Dre)",The instrumental was played in a Dr. Pepper commercial.,Other,Instrumental,Snippet,High Quality,https://www.youtube.com/watch?v=1oIMwxg8-J0
Detox [V4],"Talking To My Diary (Instrumental) [V1]
(prod. DJ Silk)",An early version of the instrumental was played in a HP Envy Beats commercial.,Other,Instrumental,Snippet,High Quality,https://www.youtube.com/watch?v=_AIyGBgnWys
Detox [V4],"That's The Way It's Got To Be (Instrumental) [V1] 
(prod. Just Blaze)","OG Filename: THATS THE WAY ITS GOT TO BE INST
A longer instrumental of the song with space for another verse and a hook got leaked after the song itself was forceleaked. It is rumored that this instrumental is from a further version of the song but it's more likely just the original instrumental that was sent in by Just Blaze. Encoded by iTunes 10.1.2 so it's likely from January 2011 or late December.",Leak,Instrumental,OG File,CD Quality,https://pillows.su/f/f856bb5d173a68a3f6ab1f1f123fb5e9
Detox [V4],"Under Pressure (Instrumental)
(prod. Dr. Dre & Scott Storch)",A short snippet of the instrumental was played in a Beats commercial.,Other,Instrumental,Snippet,High Quality,https://www.youtube.com/watch?v=awIRXQth1r4
Detox [V4],??? (Instrumental),"The instrumental dubbed as ""Compton Sirens"", judging by the fact it was used in a commercial (like a few of the other known Detox instrumentals) it's likely that it comes from an unheard song.",Other,Instrumental,Snippet,Recording,"https://pillows.su/f/88574e760317dd52ca0779774d57c76c
https://pillows.su/f/26c27a3b840c3db7ac0d7674d936bb58"
Detox [V4],"50 Cent - Ok, You're Right (Instrumental)
(prod. Dr. Dre & Mark Batson)","Official instrumental for ""Ok, You're Right"".",CD Single,Instrumental,Full,Lossless,https://pillows.su/f/28d545464ca1970367aa27171c514e18
Detox [V4],"50 Cent - Psycho (Instrumental)
(prod. Dr. Dre)",Official instrumental for Psycho. Included in a CD for DJs to promote Before I Self Destruct.,Promo CD,Instrumental,Full,Lossless,https://pillows.su/f/6cb75ef56f1d5c8a130806e56e4e65bd
Detox [V4],"Eminem - 3 A.M. (Instrumental)
(prod. Dr. Dre, Mike Elizondo, Trevor Lawrence Jr., Dawaun Parker & Mark Batson)",Snippet of the instrumental posted by 92Bricks (who recently became an Aftermath affiliate) on their Instagram page.,Other,Instrumental,Snippet,High Quality,https://pillows.su/f/0d690e1c5d064247db105337a8f1e555
Detox [V4],"Eminem - Bagpipes From Baghdad [V2] (Instrumental)
(prod. Dr. Dre & Trevor Lawrence Jr.)",Leaked by Joe Strange. Has a slightly longer outro and lacks the Hello transition.,Leak,Instrumental,Full,CD Quality,https://pillows.su/f/be831dc49a1cb763c7a65efcba390241
Detox [V4],"Eminem - Deja Vu [V1] (Instrumental)
(prod. Dr. Dre)","Version of the Deja Vu instrumental that is slightly longer, featuring more of the electric guitar in the outro. Leaked by Joe Strange.",Leak,Instrumental,Full,CD Quality,https://pillows.su/f/8b71c73e3ed0a3f9d61b3f99c725e244
Detox [V4],"Eminem - Hello (Instrumental)
(prod. Dr. Dre, Trevor Lawrence Jr., Dawaun Parker & Mark Batson)",Snippet of the instrumental posted by 92Bricks (who recently became an Aftermath affiliate) on their Instagram page. Lacks the Bagpipes From Baghdad transition.,Other,Instrumental,Snippet,High Quality,https://pillows.su/f/b5179728a7196cc4373ee8f6aded61b2
Detox [V4],"Eminem - Insane (Instrumental)
(prod. Dr. Dre)",Leaked by Joe Strange.,Leak,Instrumental,Full,CD Quality,https://pillows.su/f/3ce7ec4806ae014a8a8cf7050c125816
Detox [V4],"Eminem - My Mom (Instrumental)
(prod. Dr. Dre, Trevor Lawrence Jr., Dawaun Parker & Mark Batson & Erick “Jesus” Coomes)",Snippet of the instrumental posted by 92Bricks (who recently became an Aftermath affiliate) on their Instagram page.,Other,Instrumental,Snippet,High Quality,https://pillows.su/f/0e12a91c96065051ec05507cbb5692fb
Detox [V4],"Eminem - Medicine Ball (Instrumental)
(prod. Dr. Dre, Mark Batson & Dawaun Parker)",Snippet of the instrumental posted by 92Bricks (who recently became an Aftermath affiliate) on their Instagram page.,Other,Instrumental,Snippet,High Quality,https://pillows.su/f/5ff1c3acb4ed1587ed3de8f488af415a
Detox [V4],"Eminem - Must Be The Ganja (Instrumental)
(prod. Dr. Dre, Mark Batson, Dawaun Parker & Trevor Lawrence Jr. & Erick “Jesus” Coomes)",Snippet of the instrumental posted by 92Bricks (who recently became an Aftermath affiliate) on their Instagram page.,Other,Instrumental,Snippet,High Quality,https://pillows.su/f/a9fe3ebc9ff217ffa47567d267af4fea
Detox [V4],"Eminem - Same Song & Dance (Instrumental)
(prod. Dr. Dre & Dawaun Parker)",Leaked by Joe Strange.,Leak,Instrumental,Full,CD Quality,https://pillows.su/f/264c993211c1281550a70b9604c858c4
Detox [V4],"Eminem - So Bad (Instrumental) [V2] 
(prod. Dr. Dre & Nick Brongers)",Leaked by Joe Strange. Has a longer outro.,Leak,Instrumental,Full,CD Quality,https://pillows.su/f/18ce59e0ea8044065d97bd13a55999b4
Detox [V4],"Eminem - We Made You (Instrumental)
(prod. Dr. Dre & Doc Ish)","Official instrumental for ""We Made You""",Promo CD,Instrumental,Full,Lossless,https://pillows.su/f/9d8060a8ba577d7cbe755f796288ddad
Detox [V4],"Slim the Mobster - Back Against the Wall (Instrumental)
(prod. Jake One & Dr. Dre)","OG Filename: BACK AGAINST THE WALL INSTRUMENTAL 9.4.13_05
Instrumental for Back Against the Wall. Leaked in a mass Box leak from The Engine Room recording studios in NYC on March 14th, 2026.",Leak,Instrumental,OG File,Lossless,https://pillows.su/f/47832774dcbd2043555e1ecf9e7d057b
,Acapellas,,,,,,
Detox [V4],"Eminem - Crack A Bottle (Acapella)
(feat. Dr. Dre & 50 Cent)","OG Filename: Crack A Bottle - A Cappella 12-12-08
Leaked in an acapella package on April 16th, 2025.",Leak,Acapella,OG File,Lossless,https://pillows.su/f/ce404da12ac033f488ae481f400c847c
Detox [V4],"Eminem - Hell Breaks Loose (Acapella)
(feat. Dr. Dre)","OG Filename: Hell Breaks Loose Aca
Modified on November 17th, 2009 when Relapse 2 was scrapped. Leaked in an acapella package on April 16th, 2025.",Leak,Acapella,OG File,Lossless,https://pillows.su/f/25d51e7c441f802cf790b4726cf242c9
Detox [V4],"Eminem - Old Time's Sake (Acapella)
(feat. Dr. Dre)","OG Filename: 1.20.09 OL Times Sake #3 Acca_01
Lacks the Must Be The Ganja transition, likely recorded over a longer version of the instrumental. Leaked in an acapella package on April 16th, 2025.",Leak,Acapella,OG File,Lossless,https://pillows.su/f/8d719c795354ceb5123715a751a249a4
Detox [V4],"Slim the Mobster - Back Against the Wall (Acapella)
(feat. Dr. Dre & Sly Pyper)","OG Filename: BACK AGAINST THE WALL ACAPELLA 9.4.12_04
Acapella for Back Against the Wall. Leaked in a mass Box leak from The Engine Room recording studios in NYC on March 14th, 2026.",Leak,Acapella,OG File,Lossless,https://pillows.su/f/2fac323372b55caf71bcf9c939bf2c14
"9 Total
5 Instrumental
4 Acapella","Detox [V5]
(Thanks To My Patients For Your Patience)","(11/14/2011) (Dre announces a break from solo music)
(08/05/2014) (Princple photography for Straight Outta Compton begins)",,"Taking a step back from solo music Dre focuses heavily on ushering in a new era of Afermath artists while giving some side time to another version of Detox. From this stretch of time emerges Jon Connor, Kendrick Lamar and the formation of the ICU. Though this version of Detox didnt bear much fruit it morphed into what we now know as Compton.",,,
,Instrumentals,,,,,,
Detox [V5],"50 Cent - New Day (Instrumental)
(prod. Dr. Dre, Swizz Beatz & Eminem)","OG FIlename: New Day INST FINAL 7 12 12
Leaked in a mass Box leak from The Engine Room recording studios in NYC.",Leak,Instrumental,OG File,Lossless,https://pillows.su/f/c94f6e27f1d9164536a070eac068b2a0
Detox [V5],"50 Cent - Smoke (Instrumental)
(prod. Dr. Dre & Dawaun Parker)","OG Filename: 05 Smoke (INST)
Instrumental for Smoke, found in an instrumental album folder for Animal Ambition. Leaked in a mass Box leak from The Engine Room recording studios in NYC.",Leak,Instrumental,OG File,Lossless,https://pillows.su/f/77e0a8c789befecaec2b08e0ec33b0ba
Detox [V5],"Jake One - Crowning (Instrumental) [V1] 
(prod. Jake One)
(3 Kings)",Earlier and shorter version of the 3 Kings instrumental that Jake One posted in a SoundCloud beats playlist.,Other,Instrumental,Full,High Quality,https://pillows.su/f/79c0cccd372e6a96543a81dbd3063dad
Detox [V5],"Kendrick Lamar - The Recipe (Instrumental)
(prod. Scoop DeVille)",Official instrumental for The Recipe.,Promo CD,Instrumental,Full,Lossless,https://pillows.su/f/e9381f376db9f465fdae89ff0b964e88
Detox [V5],"Slaughterhouse - LBC (Instrumental) [V1]
(prod. !llmind)",Previewed by !llmind during an iStandard performance. Found by Ironman_45.,Other,Instrumental,Snippet,Recording,https://web.archive.org/web/20130808073139/https://www.youtube.com/watch?v=Pr03gIcYkYc
,Acapellas,,,,,,
Detox [V5],"50 Cent - New Day (Acapella) [V1]
(feat. Dr. Dre & Alicia Keys)","OG Filename: New Day ACA MAIN 4 9 12
Acapella for New Day, does not have the skit at the start.",Leak,Acapella,OG File,Lossless,https://pillows.su/f/b75a2dd7a4dfe02683bb53cd8f8d7baf
Detox [V5],"50 Cent - New Day (Acapella) [V2]
(feat. Dr. Dre & Alicia Keys)","OG Filename: New Day 16Bit BNC ACA FINAL 10 15 1201
Acapella for the release version of New Day. Has the skit at the start.",Leak,Acapella,OG File,Lossless,https://pillows.su/f/4b9c9643a4e2e6208f9cb9a453af9f52
Detox [V5],"50 Cent - Smoke (Acapella)
(feat. Trey Songz)","OG Filename: Smoke ACA 16Bit FINAL 4 22 1401
Acapella for Smoke, found in an acapella album folder for Animal Ambition. Leaked in a mass Box leak from The Engine Room recording studios in NYC.",Leak,Acapella,OG File,Lossless,https://pillows.su/f/35490c508c2df4d348b1c6397ba12903
,TV Tracks,,,,,,
Detox [V5],"50 Cent - Smoke (TV Track)
(feat. Trey Songz) (prod. Dr. Dre & Dawaun Parker)","OG Filename: 05 Smoke (TV)
TV track for Smoke, found in an acapella album folder for Animal Ambition. Leaked in a mass Box leak from The Engine Room recording studios in NYC.",Leak,Acapella,OG File,Lossless,https://pillows.su/f/80be8cc3be2cb9625c3b94acd7aa6048
"16 Total
16 Instrumental","Compton
(Compton: A Soundtrack By Dr. Dre)","(08/05/2014) (Principal photography for Straight Outta Compton begins)
(08/07/2015) (Compton officially releases)",,"Inspired by working on ""Straight Outta Compton"" and the memories of his early career, Dr. Dre works on ""Compton"", first intended as a tie-in soundtrack for the movie but evolving to take its place as his long-awaited third studio album.",,,
,Instrumentals,,,,,,
Compton,Compton (Instrumentals),"The full Compton instrumentals album. Only a decent rip is available as of currently due to the album being vinyl exclusive, and that is what is linked.",Instrumental Album,Instrumental,Full,CD Quality,https://mega.nz/folder/XVV0GQzb#eEkWD0F6zXx1yFT9vlXCfg
Compton,"Talk About It (Instrumental)
(prod. DJ Dahi & Free School)",Official instrumental for Talk About It.,Instrumental Album,Instrumental,Full,CD Quality,https://mega.nz/folder/XVV0GQzb#eEkWD0F6zXx1yFT9vlXCfg/file/uZVA2RwK
Compton,"Genocide (Instrumental)
(prod. Dem Jointz)",Official instrumental for Genocide.,Instrumental Album,Instrumental,Full,CD Quality,https://mega.nz/folder/XVV0GQzb#eEkWD0F6zXx1yFT9vlXCfg/file/CVVmgT7L
Compton,"It's All On Me (Instrumental)
(prod. Dr. Dre & Bink!)",Official instrumental for It's All On Me.,Instrumental Album,Instrumental,Full,CD Quality,https://mega.nz/folder/XVV0GQzb#eEkWD0F6zXx1yFT9vlXCfg/file/fIFGRbCA
Compton,"All In A Day's Work (Instrumental)
(prod. DJ Dahi & DJ Khalil)",Official instrumental for All In A Day's Work.,Instrumental Album,Instrumental,Full,CD Quality,https://mega.nz/folder/XVV0GQzb#eEkWD0F6zXx1yFT9vlXCfg/file/7YNCRJrA
Compton,"Darkside/Gone (Instrumental)
(prod. Dr. Dre, Best Kept Secret & D.R.U.G.S. Beats)",Official instrumental for Darkside/Gone.,Instrumental Album,Instrumental,Full,CD Quality,https://mega.nz/folder/XVV0GQzb#eEkWD0F6zXx1yFT9vlXCfg/file/HVVW3TqL
Compton,"Loose Cannons (Instrumental)
(prod. Dr. Dre, Focus... & Trevor Lawrence Jr.)",Official instrumental for Loose Cannons.,Instrumental Album,Instrumental,Full,CD Quality,https://mega.nz/folder/XVV0GQzb#eEkWD0F6zXx1yFT9vlXCfg/file/iRdwVTDL
Compton,"Issues (Instrumental)
(prod. Dr. Dre, Focus..., Neff-U, Curt Chambers & Trevor Lawrence Jr.)",Official instrumental for Issues.,Instrumental Album,Instrumental,Full,CD Quality,https://mega.nz/folder/XVV0GQzb#eEkWD0F6zXx1yFT9vlXCfg/file/WREiARyY
Compton,"Deep Water (Instrumental)
(prod. Dr. Dre, Dem Jointz, Cardiak, DJ Dahi & Focus...)",Official instrumental for Deep Water.,Instrumental Album,Instrumental,Full,CD Quality,https://mega.nz/folder/XVV0GQzb#eEkWD0F6zXx1yFT9vlXCfg/file/KVEElDKa
Compton,"One Shot One Kill (Instrumental)
(prod. Dr. Dre, Focus... & Trevor Lawrence Jr.)",Official instrumental for One Shot One Kill.,Instrumental Album,Instrumental,Full,CD Quality,https://mega.nz/folder/XVV0GQzb#eEkWD0F6zXx1yFT9vlXCfg/file/uNcigRpC
Compton,"Just Another Day (Instrumental)
(prod. Neff-U & Trevor Lawrence Jr.)",Official instrumental for Just Another Day.,Instrumental Album,Instrumental,Full,CD Quality,https://mega.nz/folder/XVV0GQzb#eEkWD0F6zXx1yFT9vlXCfg/file/KdcyEbqI
Compton,"For The Love Of Money (Instrumental)
(prod. Cardiak)",Official instrumental for For The Love Of Money.,Instrumental Album,Instrumental,Full,CD Quality,https://mega.nz/folder/XVV0GQzb#eEkWD0F6zXx1yFT9vlXCfg/file/DYM2mJBR
Compton,"Satisfiction (Instrumental)
(prod. Dem Jointz)",Official instrumental for Satisfiction.,Instrumental Album,Instrumental,Full,CD Quality,https://mega.nz/folder/XVV0GQzb#eEkWD0F6zXx1yFT9vlXCfg/file/qYF2nZwK
Compton,"Animals (Instrumental)
(prod. DJ Premier & BMB Spacekid)",Official instrumental for Animals.,Instrumental Album,Instrumental,Full,CD Quality,https://mega.nz/folder/XVV0GQzb#eEkWD0F6zXx1yFT9vlXCfg/file/iNUkRB7I
Compton,"Medicine Man (Instrumental)
(prod. Dem Jointz & Focus...)",Official instrumental for Medicine Man.,Instrumental Album,Instrumental,Full,CD Quality,https://mega.nz/folder/XVV0GQzb#eEkWD0F6zXx1yFT9vlXCfg/file/7NFGTRTa
Compton,"Talking To My Diary (Instrumental)
(prod. DJ Silk, Mr. Choc & Dr. Dre)",Official instrumental for Talking To My Diary.,Instrumental Album,Instrumental,Full,CD Quality,https://mega.nz/folder/XVV0GQzb#eEkWD0F6zXx1yFT9vlXCfg/file/SIFmWLbR
"5 Total
5 Instrumental",Detox [V6],"(??/??/2016) (Compton Deluxe is scrapped)
(03/19/2020) (California is placed under lockdown due to COVID-19, ushering in a new era of Detox)",,"Following the release of Compton, Dr. Dre enters a semi-retirement from solo music, mainly focusing on supporting new Aftermath signees and only sparatically working on music himself. However, Detox was still being made (being brought back after Compton released), but wasn't the main focus. In 2018, ESPN reporter Chris Haynes asked Dr. Dre is Detox would be coming out, and Dre's response to him was ""I'm working on a couple songs right now. We'll see"", meaning the title was still likely in use.",,,
,Instrumentals,,,,,,
Detox [V6],"Eminem - Little Engine (Instrumental)
(prod. Dr. Dre, Dawaun Parker, Blu2th, Trevor Lawrence Jr.)",Leaked by Joe Strange.,Leak,Instrumental,Full,CD Quality,https://pillows.su/f/ca9d2a6dfa9d291a6269f985eac25e65
Detox [V6],"Anderson .Paak - Cheers (Instrumental)
(prod. Dr. Dre, Q-Tip & Focus...)","Official instrumental for ""Cheers"".",Instrumental Album,Instrumental,Full,Lossless,https://pillows.su/f/ef23357605e6fe4237a8d9501fb5bba4
Detox [V6],"Anderson .Paak - Left To Right (Instrumental)
(prod. Dr. Dre, J.LBS & MellBeets)","Official instrumental for ""Left To Right"".",Instrumental Album,Instrumental,Full,Lossless,https://pillows.su/f/6a4007128de9217e9694eeb516075dcc
Detox [V6],"Anderson .Paak - Mansa Musa (Instrumental)
(prod. Dr. Dre & MellBeets)","Official instrumental for ""Mansa Musa"".",Instrumental Album,Instrumental,Full,Lossless,https://pillows.su/f/3bcdaec98dd8ecf7c630304d71f2ea35
Detox [V6],"Anderson .Paak - Who R U? (Instrumental)
(prod. Dr. Dre & MellBeets)","Official instrumental for ""Who R U?"".",Instrumental Album,Instrumental,Full,Lossless,https://pillows.su/f/84fbebaabc93378d4235c137591697c7
"2 Total
2 Sessions","JESUS IS KING: The Dr. Dre Version
(Collaboration with Kanye West)
(JESUS IS KING II, JESUS IS LORD)","(10/25/2019) (JESUS IS KING officially releases)
(09/24/2020) (Dem Jointz reveals that Kanye is no longer focused on the project)",,"The release of JESUS IS KING was met with mixed reviews from fans and critics. Kanye then took to Twitter to announce that he was working on a new album with Dr. Dre. Initially conceived as a remix album, it eventually grew to incorporate mainly unreleased material. During the #WESTDAYEVER campaign, Kanye did on Twitter in 2020, it was supposed to release officially, but never did. It ended up being scrapped sometime in 2020, as stated by producer Dem Jointz. Kanye posted the cover in 2022, which is assumed to be for the album.",,,
,Sessions,,,,,,
JESUS IS KING: The Dr. Dre Version,"Use This Gospel (Remix)
(prod. Dr. Dre, Dem Jointz, Focus..., Blu2th & Travis Lawrence Jr.)
(Gospel, USE THIS GOSPEL (REMIX))","Snippet of the ""Use This Gospel (Remix)"". Unknown how large the session is, but according to the person who shared the snippet, there are various ""Use This Gospel"" / ""This Is The Glory"" freestyles. Snippet leaked 6/7/24.",Leak,Sessions,Snippet,High Quality,https://pillows.su/f/59619fad276efec61a5ebc62868fd809
JESUS IS KING: The Dr. Dre Version,"Use This Gospel (Remix)
(ref. CyHi) (prod. Dr. Dre, Dem Jointz, Focus..., Blu2th & Travis Lawrence Jr.)
(Gospel, USE THIS GOSPEL (REMIX))","OG Filename: Use This Gospel (Remix) 2.1_Cyhi - 200304
CyHi ""Use This Gospel"" reference track. Protools session with the name ""10. Use This Gospel (Remix) 2.1_Cyhi - 200304"" was shown by a trusted source.",Leak,Sessions,Rumored,Not Available,https://pillows.su/f/d486bd02ff36a3c1fba3813259629003
"7 Total
6 Instrumental
1 Acapella",Detox [V7],"(??/??/2020) (A new incarnation of Detox begins production)
(01/06/2021) (Dre suffers a brain aneursym)
(Q3-Q4 2022) (Dre shifts from ""Detox"" name)",,"The seventh iteration of the ever delayed Detox, this era starts a new phase where Dre might be at some of his busiest. While working on Detox he was also juggling Casablanco, Missionary, Hot Water, JESUS IS KING: The Dr. Dre Version, working with Eminem and whatever other secret things he has his hands on.",,,
,Instrumentals,,,,,,
Detox [V7],Compton Blocks (Instrumental),"OG Filename: Detox 26 (deepside) 95 bpm
Instrumental for Compton Blocks. 10 seconds longer than the reference track. Likely produced by MassV or Prince. Dated October 18th, 2021.",Leak,Instrumental,Full,High Quality,https://pillows.su/f/1a3ca90dd338244ac3f868dee556a2f6
Detox [V7],"Gospel [V4] (Instrumental)
(prod. LISTEN2KÖACH & Dr. Dre)",Leaked by Joe Strange. Has production differences and a different ending.,Leak,Instrumental,Full,CD Quality,https://pillows.su/f/a9d7d444c9ded6cf23b18219c2cb60ce
Detox [V7],"Wreckless (Instrumental)
(prod. MassV)",A video of MassV making the Wreckless beat was posted to MassV's Instagram in May 2020.,Other,Instrumental,Snippet,Recording,
Detox [V7],"Eminem - Guns Blazing [V4] (Instrumental)
(prod. J.LBS & Eminem)",Leaked by Joe Strange. Lacks the Favorite Bitch transition.,Leak,Instrumental,Full,CD Quality,https://pillows.su/f/4feccf9c3c3b619c51c66069f4305c35
Detox [V7],"Eminem - Discombobulated [V4] (Instrumental)
(prod. Dr. Dre, DJ Silk, Mr. Choc, Black Bethoven, S1, Lonestarrmuzik & Frano)","Leaked by Joe Strange. Has less production (more similar to Back And Forth), no pitch change, no intro scratch, and different mixing.",Leak,Instrumental,Full,CD Quality,https://pillows.su/f/0a165d90875ca7cf9dc0ff8ff24e887c
Detox [V7],"Sly Pyper - TItties Around The Bonfire (Instrumental)
(prod. Sly Pyper & Dr. Dre)","OG Filename: Titties Around The Bonfire (Sly.Dre) 1.0
Instrumental track meant for Sly Pyper's ""Hot Water"" EP. Unknown if any vocals were recorded for this.",Leak,Instrumental,OG File,High Quality,https://pillows.su/f/670018d88cc13d2e771ecd8c76042294
,Acapellas,,,,,,
Detox [V7],"Gospel (Acapella)
(feat. Eminem)","OG Filename: Gospel EM ACA
Only the acapella to Em's parts is available. Leaked in an acapella package on April 16th, 2025.",Leak,Acapella,Partial,CD Quality,https://pillows.su/f/0b005a0e2ca739c559a2085483997a7c
"17 Total
17 Instrumental","Missionary
(Collaboration with Snoop Dogg)","(??/??/2020) (Missionary starts development)
(??/??/2022) (Work on Missionary picks up)
(12/13/2024) (Missionary officially releases)",,Missionary is a collaborative album by Compton rappers Snoop Dogg and Dr. Dre. ,,,
,Instrumentals,,,,,,
Missionary,Missionary (Instrumentals),The full Missionary instrumentals album.,Instrumental Album,Instrumental,Full,Lossless,https://pixeldrain.com/u/Gdmerqrw
Missionary,"Fore Play (Instrumental)
(prod. Dr. Dre & The ICU)",Official instrumental for Fore Play.,Instrumental Album,Instrumental,Full,Lossless,https://pillows.su/f/0ff925de9e22de01014609c72f55bf11
Missionary,"Shangri-La (Instrumental)
(prod. Dr. Dre, Sam Sneed, Jason ""Sire"" Turnbull & Lawton ""Agent"" Bouhairie)",Official instrumental for Shangri-La.,Instrumental Album,Instrumental,Full,Lossless,https://pillows.su/f/994f0603aa5d337fdf7e6563a0714c4a
Missionary,"Outta Da Blue (Instrumental)
(prod. Dr. Dre, Dem Jointz, BoogzDaBeast & FNZ)",Official instrumental for Outta Da Blue.,Instrumental Album,Instrumental,Full,Lossless,https://pillows.su/f/64d21360db159a752fd921808367d72e
Missionary,"Hard Knocks (Instrumental)
(prod. Dr. Dre, Jesse ""Corparal"" Wilson, Self B Tru & Focus...)",Official instrumental for Hard Knocks.,Instrumental Album,Instrumental,Full,Lossless,https://pillows.su/f/336dc4283df1cc23178e8cee49dca144
Missionary,"Gorgeous (Instrumental)
(prod. Dr. Dre, Blu2th, Preach Bal4 & Fredwreck)",Official instrumental for Gorgeous.,Instrumental Album,Instrumental,Full,Lossless,https://pillows.su/f/358e5025de6c3162cf0d460b5ab468cf
Missionary,"Last Dance With Mary Jane (Instrumental)
(prod. Dr. Dre & The ICU)",Official instrumental for Last Dance With Mary Jane.,Instrumental Album,Instrumental,Full,Lossless,https://pillows.su/f/4d0f4ab6d57d264309461153c9c626e1
Missionary,"Thank You (Instrumental)
(prod. Dr. Dre & The ICU)",Official instrumental for Thank You.,Instrumental Album,Instrumental,Full,Lossless,https://pillows.su/f/8992fd66c4ce561e081ea9d8725e9745
Missionary,"Pressure (Instrumental)
(prod. Dr. Dre, Focus... & MellBeets)",Official instrumental for Pressure.,Instrumental Album,Instrumental,Full,Lossless,https://pillows.su/f/0e3e5b73f2557de56412d762ae8470f6
Missionary,"Another Part Of Me (Instrumental)
(prod. Dr. Dre & The ICU)",Official instrumental for Another Part Of Me.,Instrumental Album,Instrumental,Full,Lossless,https://pillows.su/f/da616dc7bdcfd19d5cf5728789362d85
Missionary,"Skyscrapers (Instrumental)
(prod. Dr. Dre, Sam Sneed, Jason ""Sire"" Turnbull & Lawton ""Agent"" Bouhairie)",Official instrumental for Skyscrapers.,Instrumental Album,Instrumental,Full,Lossless,https://pillows.su/f/58190a7c0824fb37679c4aacd8e75653
Missionary,"Fire (Instrumental)
(prod. Dr. Dre, Fredwreck & Focus...)",Official instrumental for Fire.,Instrumental Album,Instrumental,Full,Lossless,https://pillows.su/f/3eab1a2ed7839c0591d8ae038b309650
Missionary,"Gunz N Smoke (Instrumental)
(prod. Dr. Dre & C.S. Armstrong)",Official instrumental for Gunz N Smoke.,Instrumental Album,Instrumental,Full,Lossless,https://pillows.su/f/8a7bc8e54f70ef356c4d5c5580e1cc05
Missionary,"Sticcy Situation (Instrumental)
(prod. Dr. Dre, Eric Hudson & Ezra Murdock)",Official instrumental for Sticcy Situation.,Instrumental Album,Instrumental,Full,Lossless,https://pillows.su/f/2e39378f3a3c6fec55754dbcfa4a1b87
Missionary,"Now Or Never (Instrumental)
(prod. Dr. Dre & The ICU)",Official instrumental for Now Or Never.,Instrumental Album,Instrumental,Full,Lossless,https://pillows.su/f/928fb5887cc0c72526058ae8f9b265e5
Missionary,"Gangsta Pose (Instrumental)
(prod. Dr. Dre, J.LBS, MellBeats & Dem Jointz)",Official instrumental for Gangsta Pose.,Instrumental Album,Instrumental,Full,Lossless,https://pillows.su/f/cb4516a36cc6edb0bdb2f5e00954c9f9
Missionary,"The Negotiator (Instrumental)
(prod. Dr. Dre, Sam Sneed, Jason ""Sire"" Turnbull & Lawton ""Agent"" Bouhairie)",Official instrumental for The Negotiator.,Instrumental Album,Instrumental,Full,Lossless,https://pillows.su/f/6381e6ee1d6724bcf9714191cec6ab98
"2 Total
2 Instrumental",LP4,"(Q3-Q4 2022) (Dre shifts from ""Detox"" name)
(Ongoing)",,"It's unknown what solo project Dre has been working on since 2022, however we know that the ""Detox"" name likely isn't being used anymore. Nothing much is known.",,,
LP4,,,CD Single,Instrumental,Confirmed,Not Available,
LP4,,,CD Single,Instrumental,Confirmed,Not Available,