Row,Name,DL Text,DL URL,Stream Text,Stream URL
7,"Before The College Dropout
(Get Well Soon..., I'm Good..., Kon The Louis Vuitton Don)",,,,
9,⭐Dream Killers,MEGA,https://mega.nz/folder/oDYBHTzS#_Tby6acaaHWRT2Ipl5AsUA,,
11,"Freshmen Year
Remastered","MEGA
",https://mega.nz/folder/MYUFXCaA#HPltIZiLuej993oGzLn1HQ,,
11,,Pillowcase,https://pillowcase.su/f/4ed4d30eada09354d16ef2a3c963208f,,
12,The College Dropout,,,,
14,⭐Most Unlikely To Succeed,"MEGA
",https://mega.nz/file/jPp3QKIR#ng7JwFjYYA9c1jgUzd5eGZjheG6DwAVX0c-RdZNN9I4,"Yedits.net
",https://yedits.net/comp/t6XxIYt8D9Tgavsgj9Sf
14,,MEGA,https://mega.nz/folder/ywpVnAoL#ItVWk_K1wyBf3wHJHbQqUg,[untitled],https://untitled.stream/library/project/JGUNfiWYzlrqNqBevLVwr
14,,Google Drive,https://drive.google.com/drive/folders/1_KrAopt83jpZp0m-NOPLusDtJyQno1Ws?usp=sharing,,
16,"The College Dropout
Remastered","MEGA
",https://mega.nz/folder/BBV1TZYD#-C4wivGbpNutkexdBY09kQ,,
16,,Pillowcase,https://pillowcase.su/f/9d9ce9e005747bc26eb20b71ea3bbc92,,
17,Late Registration,,,,
19,"✨The Good, The Bad & The Ugly
(The Magnificent 2.0) (with Common & Consequence)",MEGA,https://mega.nz/folder/yA8VFKCb#6XDA-Ui-wBHu3mQN2alI6g,Yedits.net,https://yedits.net/comp/j2ymwjmjKIRCjGQOWs2r
19,,"
",https://mega.nz/folder/yA8VFKCb#6XDA-Ui-wBHu3mQN2alI6g,,
19,,MEGA,https://mega.nz/folder/DmA21RJZ#ifJjIAyVQjFSi62J34wMpg,,
19,," (Deluxe)
",https://mega.nz/folder/DmA21RJZ#ifJjIAyVQjFSi62J34wMpg,,
19,,MEGA,https://mega.nz/folder/iI0CzBDY#jlQzkIoDAR4NUkuoqJVqig,,
19,,MEGA,https://mega.nz/folder/v2hxFIyb#Qnqnz-rDdpA1BiORahDXIA,,
21,"⭐Sorry, Mr. West Is Gone",MEGA,https://mega.nz/file/DH5xVaTA#VQnj_556yDBMRhDtwygpGjF8tgT8QuUuiBRv1S5X6_Q,"Yedits.net
",https://yedits.net/comp/U8jILd5XepIIXKQNUYQO
21,,MEGA,https://mega.nz/folder/PkZQSZRR#l9HnrYmL4XvmGuuAWikcfg,[untitled],https://untitled.stream/library/project/zDNRCNloc5tym1jIq__Tv
23,"Late Registration
Remastered","MEGA
",https://mega.nz/folder/FNUhAZTT#5TKmIgjxxaMl9GvTKJoOTw,,
23,,Pillowcase,https://pillowcase.su/f/a97bdfa944f491ff9e6c244a3993d31c,,
24,Late Orchestration,,,,
26,⭐Late Orchestration,MEGA,https://mega.nz/folder/kxMCTbwQ#r-VveHTJUT39cSc_uzLUPw,[untitled],https://untitled.stream/library/project/Qqvn3Qm2QKlxFqfOv17zD
27,Graduation,,,,
29,"⭐Graduation
Reworked","MEGA
",https://mega.nz/folder/21oVBCYB#gbQlpkX38XkSFjkE_y0tdw,[untitled],https://untitled.stream/library/project/z8TFqiIGYxKKaDnYCyYsN
29,,Pillowcase,https://pillowcase.su/f/728b918b8d6c3a6c1c34c9a8a32ace73,,
31,Graduation - Rising Stars,"MEGA
",https://mega.nz/file/uTozyS6Q#2HFBS-pSFoAviloqseJbEvhOX-y_BDxZ4QC8nZt_tus,[untitled],https://untitled.stream/library/project/CGJG-eAsI53xw1hEYuaFN
31,,Google Drive,https://drive.google.com/drive/folders/1BSlALHVFHZZWwWgR20pjWI5RBC7-EOQi,,
32,Homecoming,"MEGA
",https://mega.nz/file/7egHzaKJ#eKzRF3pNN5G2D4DI2n7mhdjNUaoXVve5rY6W9GEdLPI,Yedits.net,https://yedits.net/comp/dkUmEdWgZOU9VZPtRNoY
32,,"MEGA
",https://mega.nz/folder/Dt5yWCSC#Mncjz5OVbr9IgM213Cfhqw,,
32,,Google Drive,https://drive.google.com/drive/folders/1JW0lVLbhkVnq8uP6iGeKILGwaKaxDxwF?usp=sharing,,
34,"Graduation
Remastered","MEGA
",https://mega.nz/folder/lcMWlY7Y#YpfxEr720J2XeDU3b8NN4Q,,
34,,Pillowcase,https://pillowcase.su/f/30356fe6c74fc34f07a8c64a74ad0502,,
35,808s & Heartbreak,,,,
37,"⭐808s & Heartbreak
(Rework)",MEGA,https://mega.nz/folder/WTYWAAiD#iQVZtVStvktLY-yodMkyTw,Yedits.net,http://yedits.net/
38,"Heartbreak
V2","MEGA
",https://mega.nz/folder/th5x0ZxA#ExO0y7aJDNsxcXYSGQencw,Yedits.net,https://yedits.net/comp/b3M2BRgidvjtNcZfnL46
38,,Pillowcase,https://pillowcase.su/f/e26b74cd84fe350391309d297af5b984,"
[untitled]",https://untitled.stream/library/project/OSuiRnXsxbeksgK1lzjDb
40,Welcome To Heartbreak,"MEGA
",https://mega.nz/file/HGpiQCpZ#3aOgIV-OdvyF-z1Y9P9b37jnajRcK4xMRqLTGv8ueWk,Yedits.net,https://yedits.net/comp/wT6Zxm9jKtEK22fxV2VQ
40,,"MEGA
",https://mega.nz/folder/Hkx3ESqb#XlJEbU2VRzTsQtuxahlMzA,,
40,,Google Drive,https://drive.google.com/drive/folders/1xzPQdOlrygM2awX-v5C0w-L8o0yJcksJ?usp=sharing,,
42,"808s & Heartbreak
Remastered","MEGA
",https://mega.nz/folder/8UsUwQDD#EFUS33EXpDNYCetuGCeS3Q,,
42,,Pillowcase,https://pillowcase.su/f/8636ebe600f3b762c3a2135d488b6eca,,
43,"Child Rebel Soldier
(Collaboration with Lupe Fiasco & Pharrell Williams) (God Unwilling)",,,,
45,Child Rebel Soldier,MEGA,https://mega.nz/folder/TYhUhbKD#-sw7nusFpf9LI0gpKPbWzQ,[untitled],https://untitled.stream/library/project/QTw1VVV4vmVvKFrZFkEoV
47,⭐Child Rebel Soldier,MEGA,https://mega.nz/folder/5WxD0QYJ#QGl0_qHES1d2CUa6YoX1VQ,Yedits.net,https://yedits.net/comp/NsUw3wvZ3kLjN6piBSQH
49,God Unwilling,"MEGA
",https://mega.nz/file/kV12FYCL#nXonCqTA-aQTM1bbF5CB4UNMlqEkB65B9Dkk4rkhaU8,,
49,,"Google Drive
",https://drive.google.com/drive/folders/1EDfrnLC8lk4YHBnmWw3diP4ieyoMZBlB?usp=sharing,,
49,,Pillowcase,https://pillowcase.su/f/7919e4e72a601bf36af6c394311d0145,,
50,"Good Ass Job
(Winter Spring Summer Fall)",,,,
52,⭐Good Ass Job,"MEGA
",https://mega.nz/folder/8eRB1Tob#MxJrpNSXY6v33AY6WsJ4zw,Yedits.net,https://yedits.net/comp/hAOTCQYMyt0gS3YBA3dx
52,,Pillowcase,https://pillowcase.su/f/231ca7531d43706c7645ee335c6bee2d,Yedits.net,https://yedits.net/comp/AshXacR15kDIBBK2QRuC
53,Winter-Spring-Summer-Fall,"MEGA
",https://mega.nz/folder/MXdWXYRR#hjT_mJ_nbMyhMrpNnZwlmA,[untitled],https://untitled.stream/library/project/Lf9GvEdcPXXRjLUkMywc8
53,,Google Drive,https://drive.google.com/drive/folders/1-Tv3GttF_ct0RudQH8DlDVonjIatz-w6,,
55,g00d a$$ Job,MEGA,https://mega.nz/folder/CYNHjRIS#fUDUEIifKw2UeREw3ibsFA,"Yedits.net
",https://yedits.net/comp/NfOHg4SM4dap9vFTpEil
55,,,,[untitled],https://untitled.stream/library/project/vFktSoDWnvkAaPCANZK5g
56,The 4 Seasons: W.S.S.F,MEGA,https://mega.nz/folder/BQgUXSoQ#aMse6aKQMM_gsKaag1mqkw,"Yedits.net
",https://yedits.net/comp/wyA57ZfCBMLis3jOTIoq
56,,,,[untitled],https://untitled.stream/library/project/shhzJ7r5MKPJONwoBfsZj
57,Good Ass Job,MEGA,https://mega.nz/folder/hQpWRCSL#ZhNRPK_nr_fsTF6scwVbgg,"Yedits.net
",https://yedits.net/comp/NpgCvbTRR72jIx2mWDAQ
57,,,,"[untitled]
",https://untitled.stream/library/project/n4gelcyIQNiavEvFLKTNA
57,,,,[untitled],https://untitled.stream/library/project/5acukvACYkHvPkGwGmDRo
58,Winter Spring Summer Fall,MEGA,https://mega.nz/folder/dPtzEYwL#x-58Zew28WrqiAmM0JhA7Q,Yedits.net,https://yedits.net/comp/QwHTIvnfO0qgNll92dlr
58,,,,"
[untitled]",https://untitled.stream/library/project/SFIbrIgdEJQKq0vP3bKZD
60,"🌟Good Ass Job
V2",MEGA,https://mega.nz/folder/FaIRhR5T#vVnP3FtpZH22bPvSB0Qvbg,Yedits.net,https://yedits.net/comp/7zaCcjWeRQKK8LBsmYy9
60,,,,"
[untitled]",https://untitled.stream/library/project/Es28n_4g_ZUvVim1PvjoB
61,"Good Foot Job
The Director's Cut",MEGA,https://mega.nz/folder/kSAmAZqC#ZQRYdEXGT7rcOV6hHypEaw,,
62,"Good Ass Job
V2",MEGA,https://mega.nz/folder/bkABET5K#TWwIOk9oxUXuYYvi-Aiy6Q,[untitled],https://untitled.stream/library/project/8ajxG9sd3cBtznPAYuQaH
64,"Good Ass Job
4.19.10",MEGA,https://mega.nz/folder/UAoTlDaB#o0Bedstv5oXN1y_G7DAWzQ,,
65,"My Beautiful Dark Twisted Fantasy
(My Dark Twisted Fantasy)",,,,
67,⭐My Beautiful Dark Twisted Symphony,"MEGA
",https://mega.nz/folder/qQxyGSLY#-SNMMqx5NhME7fFEm5FA3A,[untitled],https://untitled.stream/library/project/do-EGVkE6Zojkti_2hLQJ
67,,Google Drive,https://drive.google.com/drive/folders/15IPjt12WSyHmny2ImebysJhBbsXJ4Zby,,
69,"🌟My Beautiful Dark Twisted Fantasy
(Mike Dean Live Inspired)",MEGA,https://mega.nz/file/Wa40RAZQ#9pQI66s0u0XnA7-uTCJqbooFg6RtKO4d1wlxDTZ3G34,[untitled],https://untitled.stream/library/project/BZxsq9c1InIffgmdQ7h5i
71,"My Beautiful Dark Twisted Fantasy
(Extended)","MEGA
",https://mega.nz/file/rboyjAoY#SO1L3Z9fGrsufVI35Jnyu4TOIvP1I3HXU1BBjj2jp04,,
71,,"MEGA
",https://mega.nz/folder/rgBnSCKC#mFMrKF_aIbxlBxD3L74dqw,,
71,,Google Drive,https://drive.google.com/drive/folders/1pSHRiwGclAcLHpI8kk_FuIstSIDJVXDN?usp=sharing,,
72,Hell Of A Life,"MEGA
",https://mega.nz/file/aOp2xSAA#nYfjDcYI9nx2cY89c_NTeiP0oLl22krb0Fo7GVInLbg,"Yedits.net
",https://yedits.net/comp/3tipXA2Lxl0wgCpDjFo4
72,,MEGA,https://mega.nz/folder/n4QhlLzD#h3Knpezk4yfuXI0J2KlNWw,[untitled],https://untitled.stream/library/project/JhOOyl1lKbIEKNLyP1guC
73,Good Ass Job,"MEGA
",https://mega.nz/file/fTwQ3Ypb#glsMKcG6wniQAWE1Ufo4gZ4JUyBx0pXG65pxiaWnjww,[untitled],https://untitled.stream/library/project/NppHa29uvdJ6BxXKSmqX5
73,,Google Drive,https://drive.google.com/drive/folders/0B70bKNiF26UtLWhfbWZtcUtUb0k?resourcekey=0-fg3800UORyQVIzrgVbT8ZA,,
75,"My Beautiful Dark Twisted Fantasy
Remastered",MEGA,https://mega.nz/folder/AZlEjCBJ#vIRGAlBfXP-34Bxw2QRhSQ,,
76,"G.O.O.D. Fridays
(Remastered)",MEGA,https://mega.nz/folder/0lxDiS4D#DUMbWswUoiZxDSIojwFXuw,,
77,"✨Good Kid, Twisted Fantasy
(with Kendrick Lamar)",MEGA,https://mega.nz/folder/7oInSQJI#leFSrZs6VKgtRIiVtTSNAg,"YouTube
",https://www.youtube.com/watch?v=2_oks8eX5zg
77,,,,Yedits.net,http://yedits.net/
78,"Watch The Throne
(Collaboration with JAY-Z)",,,,
80,The Throne,"MEGA
",https://mega.nz/file/WC5mjYTI#Nak92T6wKh2EOdDfbGnsVSRhJsZIBLYMQQJdz-CcDEM,[untitled],https://untitled.stream/library/project/JViHqRbOYq6DdiKPsFJNB
80,,MEGA,https://mega.nz/folder/G0pElRxL#IgoLyY7i9XzBoxz7C1zrJw,,
82,⭐Return Of The Throne,MEGA,https://mega.nz/folder/SEonDJaT#37f2oyDI3NkXAfTMbIdOVQ,Yedits.net,https://yedits.net/comp/2CxUuvx15HK0DCDTk1pR
84,"Watch The Throne
Remastered",MEGA,https://mega.nz/folder/4Y0kFYTR#cvl_P18OTBRUnBYLwrORRw,,
85,"Cruel Summer
(Collaboration with G.O.O.D. Music)",,,,
87,✨Seasonal Affective Disorder,MEGA,https://mega.nz/file/Mrcy1S4C#V9UC7RfCERoqjo_C9huHlbBDQRkCJTj-LkBCQ9P46TM,[untitled],https://untitled.stream/library/project/VPknzeiGM7lrujiSTlAmE
88,Thank God For Drugs,,,,
90,⭐Thank God For Drugs,MEGA,https://mega.nz/folder/OjgzmSzL#aoiPHQWGX3HcbNwioSAOjA,"Yedits.net
",https://yedits.net/comp/r8lKxX7hdyiOohssrWdI
90,,,,[untitled],https://untitled.stream/library/project/YMaMWH1vaLimqzytXgnX7
91,Thank God For Drugs,"MEGA
",https://mega.nz/folder/yD5WwQbb#N0Ia65CYfDoPF-wHwpCY8A,,
91,,Google Drive,https://drive.google.com/drive/folders/1KWm_Q40tKR3mBrlbTzeQaNhTe-VanbDZ?usp=sharing,,
92,"Thank God For Drugs
Akimbo's Cut",MEGA,https://mega.nz/folder/zWJSlYjS#0bqoqJiz8YAS8uBfwFTV4w,"Yedits.net
",https://yedits.net/comp/X6vFLVeHnyK6YnfvRhmO
92,,,,[untitled],https://untitled.stream/library/project/okBVzDYVMy_OfylEQKNZQ
93,Black American Psycho,MEGA,https://mega.nz/folder/kUtGEARA#Knx0Jx7UDTHkeo9fB5UwRQ,Yedits.net,https://yedits.net/comp/R6ZwCTGT1PvqBfLt2yNO
95,"🌟Lost Yeezus
V2",MEGA,https://mega.nz/folder/IHAzhCQK#v_yV2r21MVOyro31xD7h1Q,Yedits.net,https://yedits.net/comp/GdJSVeNiFtguwrrOZv3H
96,Thank God For Drugs,MEGA,https://mega.nz/folder/o8pwCbhZ#TB1rOqf0TvV3EvYRoTXa_w,,
98,"Yedits Presents:
Thank God For Drugs","MEGA
",https://mega.nz/folder/WN4S3QbD#VMHyRjEYkrpg7K7jSCXGNQ,Yedits.net,https://yedits.net/comp/ngurzkCcswFNgvdsnwxq
98,,MEGA,https://mega.nz/folder/mVhilCrA#Cqi5Plx0GeGkHjzU42zU3A,,
98,,"Google Drive
",https://drive.google.com/drive/folders/1dWIa5MqPmRzqUgF4P-v4nkFekJ9TTe9v?usp=sharing,,
98,,Google Drive,https://drive.google.com/drive/folders/1dvN2P32F5RiR61ZWjioHqql3IoDvyjaC,,
99,Drugs Made Yeezus,MEGA,https://mega.nz/folder/PqYU1QqT#CembP_t-P_jYGUciKcbLGg,,
100,✨Thank God For Drugs,"MEGA
",https://mega.nz/folder/iN1TUbyK#ezKzBWg2L5GVEfc5ZzYHyg,Yedits.net,https://yedits.net/comp/Wcd1zVXe5ySGrIUAK4cD
100,,MEGA,https://mega.nz/folder/DQ4TmJjJ#ZshFBSB1ahDuaaijd4Wvtg,,
101,Thank God For Drugs,MEGA,https://mega.nz/folder/beYGQLrA#TzmNHvYm-CdQ_OvA29LIPg,,
102,Yeezus,,,,
104,⭐GOD WANTS YOU,MEGA,https://mega.nz/folder/XqBDhBLY#K8aCLRA-HT-Juf4gbv7FcQ,"Yedits.net
",https://yedits.net/comp/fynKQXcxriIbX22nNPs3
104,,,,[untitled],https://untitled.stream/library/project/naR2huRDx8GeUrrU32Rgg
106,"YEEZUS
REMASTERED",MEGA,https://mega.nz/folder/CU12yQgS#uldYpF1yBHryLf7yi3iw6g,Yedits.net,https://yedits.net/comp/6dQjlXQhp3FCfzj653fw
107,NOT FOR SALE,MEGA,https://mega.nz/folder/61wzWT5B#tVuedLCmlOj9IvdrjYVliw,Yedits.net,https://yedits.net/comp/Hlxm5DAREavcf8uPFyjf
109,"Yeezus
(Extended)","MEGA
",https://mega.nz/folder/A5ZAxSra#wmxgvOlevJdx0KUz3cjfHg,,
109,,"MEGA
",https://mega.nz/file/AfUhVRLA#n2ltaJbF1-_pgerdMmzhM353uhHsMMx3YsKNqQAyv1o,,
109,,Google Drive,https://drive.google.com/drive/folders/1Ws5YSVNGoHhq59G1V1nPWe2rUDHgyfNS?usp=sharing,,
110,Yeezification,"MEGA
",https://mega.nz/folder/XZgTlYjQ#ejP_Kz8CsA8wIspjJKAaRQ,[untitled],https://untitled.stream/library/project/KE8au0WnwAx9nWvGwu1Kr
110,,Google Drive,https://drive.google.com/drive/folders/1D2z0yufCClOlA-DY-j4x-VPDBy2FqErJ,,
112,"Yeezus
(Extended)","MEGA
",https://mega.nz/folder/ulgEmRZK#TAY_tEf5ADUUxFP_cNoKog,,
112,,Google Drive,https://drive.google.com/drive/folders/1VYdPwZAs9bAtjQ2WcmJDUzom7oHkUIxi?usp=sharing,,
114,"Yeezus
Remastered",MEGA,https://mega.nz/file/9BlQ1bDQ#Ttem3BGSpcx1goG-zrJcDHksE8hLEbYXLjcSpM6KOAA,,
115,Not For Sale,MEGA,https://mega.nz/folder/K8Y0GCaQ#xxrO0cPUskl0tnZ62IrKag,[untitled],https://untitled.stream/library/project/ajGE2AaOpO3sdv2-iE1hO
116,Black American Psycho,"MEGA
",https://mega.nz/folder/S0gmjCQQ#yP6lvV-IiZXo57E__9vulQ,YouTube,https://www.youtube.com/watch?v=t22hLU9k5uQ&list=PLPbYplX7Nu89ZpIkygF6y7j-7IQm34TYW
116,,Google Drive,https://drive.google.com/drive/folders/19016A1WlXyvf7vddLyxIrWIrFwxU34hE?usp=sharing,,
117,✨YESSIAH,"MEGA
",https://mega.nz/folder/EYRUiRDZ#cueypKU6K2GiY6gHYJiQVw,"YouTube
",https://www.youtube.com/watch?v=tUM_irvdhdY&t=2041s
117,,MEGA,https://mega.nz/file/v8wWHAra#P-TlGTNfAuj9EXdkUgH5kotfMCXDoGToDkM1kpB7LEA,[untitled],https://untitled.stream/library/project/dcbEn5jokkyd7xqHrDZM1
118,"✨YEEZUS
REDEEMED",MEGA,https://mega.nz/folder/eQIDCZBS#wSbjeQ5iDfwoaIpFqP7GgA,"YouTube
",https://www.youtube.com/watch?v=54Iu8GsOHWk
118,,,,[untitled],https://untitled.stream/library/project/LZ0h0pkAwmM867bkZX8N6
119,SPECIAL IMPORT,,,[untitled],https://untitled.stream/library/project/eZNEpqPSNZQOtcm7QWzAD
120,"Cruel Winter [V1]
(Collaboration with G.O.O.D. Music)",,,,
122,⭐Cruel Winter,MEGA,https://mega.nz/folder/vtABlKaC#FbeN0_EE-1UT7Hp_rBnhKQ,"Yedits.net
",https://yedits.net/comp/jYgsOlyBNB7PeHUWfrCA
122,,,,[untitled],https://untitled.stream/library/project/P2oP0nadoApJMKRVWyFMd
124,"Cruel Winter
(2014)",MEGA,https://mega.nz/folder/Kgs33DoY#3FU2lh25BCGvaPEm-PPaxg,[untitled],https://untitled.stream/library/project/OMMtL8SC4cPoAsscb0zU6
125,"Yeezus 2
(Lost Yeezus, New Yeezus)",,,,
127,SENSATIONAL,MEGA,https://mega.nz/folder/RddCkbKT#y5kWsCN2KKrxGKJg5Dmpaw,Yedits.net,https://yedits.net/comp/XIKmnYSUVnZsYpoeUr9S
129,⭐Yeezus II,MEGA,https://mega.nz/folder/FPEA2CCI#puXv1LHW8eC6WA-zkWQwXA,"Yedits.net
",https://yedits.net/comp/mCer0ChmhJT32M95Duua
129,,,,[untitled],https://untitled.stream/library/project/7kvpOAFObNYgK7lBPqW5y
130,"Yeezus 2
(hc's Version)",MEGA,https://mega.nz/folder/D6JGgZKZ#bpmitILuhzIup4hbJBJTIw,"YouTube
",https://www.youtube.com/watch?v=lOun8PnQnZc&t=1126s&pp=ygULaGMgeWVlenVzIDI%3D
130,,,,"Yedits.net
",https://yedits.net/comp/nQJx9OwY50tw4n6CHWdx
130,,,,[untitled],https://untitled.stream/library/project/d9yBFYWCa6CDKLL5DW7qn
131,Yeezus II,"MEGA
",https://mega.nz/folder/GtBjAQxQ#3K7_rE09HcA-znJcvzkUyg,"Yedits.net
",https://yedits.net/comp/EFGh06qqSO6xyXmfhTGX
131,,Pillowcase,https://pillowcase.su/f/e293c6fd47c0fd487b40c3ee3df616af,[untitled],https://untitled.stream/library/project/85_4Efw0VdwdfoOFSGW0Q
133,✨Halloween EP,"MEGA
",https://mega.nz/folder/pOITxRyZ#wMRPhYbHaH-31LxFdcnFAA/folder/NOgF1AhB,,
133,,Google Drive,https://drive.google.com/drive/folders/1lkA4jvAcuySINsfhJto12McCUcNrp6CT?usp=sharing,,
134,Yeezus II,"MEGA
",https://mega.nz/folder/SQAWhQqJ#ZPvYkOhqDjAgPP3F9JBPTA,,
134,,Pixeldrain,https://pixeldrain.com/u/MPchK9kt,,
135,Yeezus II: The Lost Chapter,"MEGA
",https://mega.nz/file/hcMzQRLL#7ACgOScVLfd-IGdP2F9QT6Mcy32KsdftOZ_OAfFo1dQ,"Yedits.net
",https://yedits.net/comp/4SLu7mt1TYAWGvinf91R
135,,Google Drive,https://drive.google.com/drive/u/0/folders/18jyyymTaKMkAPJPC-PpRj1SJicWYbRuy,[untitled],https://untitled.stream/library/project/EVyz671ZTvIHu3e_Njfxv
136,"✨Yeezus 2
(11.11.13)",MEGA,https://mega.nz/folder/GVpHXJAZ#isn-Ro_Zpc6i6gxUqY-zEw,[untitled],https://untitled.stream/library/project/v6xaZZsBpvq2Af7ycpFz7
137,"So Help Me God
(SWISH, Chiraq, Ye-Ye, Wolves, ULTRA)",,,,
139,"So Help Me God
V2",MEGA,https://mega.nz/folder/DxEBkAIZ#q_IORdR2z7CxjjoXwb4KEA/folder/bs9WHZjL,"YouTube
",https://www.youtube.com/watch?v=HrdL3sYc9Bc&t=1632s&pp=ygUUc28gaGVscCBtZSBnb2Qga2FueWU%3D
139,,,,"Yedits.net
",https://yedits.net/comp/jBRkXfLIQEBhnRCNjks9
139,,,,[untitled],https://untitled.stream/library/project/IjJfr1Zb6_i6qydF-14Up
140,✨CHIRAQ,MEGA,https://mega.nz/folder/yMN3DJJB#1k_ki33zZp6uKadYmOGVpA,Yedits.net,https://yedits.net/comp/LidKrDhOyuFPTCY6RVJY
140,,,, (Director's Cut),https://yedits.net/comp/LidKrDhOyuFPTCY6RVJY
140,,,,"
",https://yedits.net/comp/LidKrDhOyuFPTCY6RVJY
140,,,,[untitled],https://untitled.stream/library/project/jmfQ5Aah8m5O4EfZjDbwA
142,⭐So Help Me God,"MEGA
",https://mega.nz/file/OrYRiA4S#7U7RszwJ4Va0KxIltpjbzUmf4_Q00JwNiyNSSxqN5c4,"Yedits.net
",https://yedits.net/comp/0epsaCIv3zHyFVo8RhQq
142,,Pillowcase,https://pillowcase.su/f/abf049015bcef47f8d50b7b7198b19fa,[untitled],https://untitled.stream/library/project/lmbZzGowj3CgL9D6mxiQA
143,So Help Me God: Angels,MEGA,https://mega.nz/folder/8t8gSADC#RtO2KiBFRA9z_yvBWAHkGQ,"Yedits.net
",https://yedits.net/comp/EDMd3FqRyHqWCnYO6ssF
143,,,,[untitled],https://untitled.stream/library/project/UZHEVWjyvFk_aiLHF-zt1
144,So Help Me God,MEGA,https://mega.nz/folder/CNV0BT5Y#djEHPK0J8rLJU_J5W7fJpg,YouTube,https://www.youtube.com/watch?v=j7qstSV1UZ4&t=1470s
145,So Help Me God,MEGA,https://mega.nz/folder/gQ1QWbQA#j1cWYj5TLuF3yEtOkMGF8A,[untitled],https://untitled.stream/library/project/Y82dCWYmVjbZy16f4NoHV
147,"So Help Me God
V3",MEGA,https://mega.nz/folder/pTJi1bYL#QqMB61zdg9jc1HxVXd_srQ,,
148,So Help Me God,"MEGA
",https://mega.nz/folder/FoRxALiC#x60XQIvzY_-38Cqp8BEYig,,
148,,Google Drive,https://drive.google.com/drive/folders/10ZUkO7h7sy9bAd46C-awwZo7LAkTRjwX?usp=sharing,,
150,"So Help Me God
Remastered",MEGA,https://mega.nz/folder/4Y8HEIZD#GNmMV5gmYuu6kEw9wZj0Hg,,
151,SWISH,,,,
153,⭐WAVES,MEGA,https://mega.nz/folder/oFVSzQCZ#CEi_eSLJ8lECH9b1gR60OQ,"Yedits.net
",https://yedits.net/comp/RfuCmysLQpfguAR0we73
153,,,,[untitled],https://untitled.stream/library/project/AtiNdSY-Tiubo6fk_NW5W
154,"SWISH
(poofartpoo Edition)",MEGA,https://mega.nz/file/tQsiUYbA#ovfkfx2LP_d85wWePKAZhvZ6UzZ6Z5QUSH_cf_0CzpI,[untitled],https://untitled.stream/library/project/y-bLVOZzusswLJ90gSWHn
155,SWISH,"MEGA
",https://mega.nz/folder/uhgk1aJC#zzKlnxH2sg_GFw4UhDs2fw,,
155,,Google Drive,https://drive.google.com/drive/folders/17E3YzEf5Bu5afNjCtczFf0CsyHLTEcG5?usp=sharing,,
157,SWISH,"MEGA
",https://mega.nz/folder/ODYFTCqR#pNPh9g32Fe2nPZXAzlLY_Q,Yedits.net,https://yedits.net/comp/6cxZACT2QVLj6xLRdEHc
157,,Google Drive,https://drive.google.com/drive/folders/1e7beZ3tzut4tSPL1d5ovvczr8997B-Mb?usp=sharing,,
158,"✨YEFFERY
(with Young Thug)",,,[untitled],https://untitled.stream/library/project/zETFVYCy7ls8uKQSjvJnw
160,"SWISH
(Fern's Version)","MEGA
",https://mega.nz/folder/TvQghRYS#mVBLLI5FuF5gyBZLkhF9-Q,,
160,,Google Drive,https://drive.google.com/drive/folders/1UA5NY-yisDw9kNJBCuU7Y-aJVzYimJTm?usp=sharing,,
161,"✨THE OVERGROUND HELL ROAD
(with Kendrick Lamar)",MEGA,https://mega.nz/folder/TZkHVQKA#8KjTVeyclcSG9X1qN5NbsA,"YouTube
",https://www.youtube.com/watch?v=uUPXRL6N-lE
161,,,,Yedits.net,https://yedits.net/comp/HrODME6M1dybxnv5pDZD
162,"808s & Heartbreak
Live At The Hollywood Bowl",,,,
164,808s & Orchestration,"MEGA
",https://mega.nz/folder/T0BFyQDB#1qmQTpc59LPQrcQC8Vu-eQ,Yedits.net,https://yedits.net/comp/PkbWKiomEQ1vBz6YuHKE
164,,Pillowcase,https://pillowcase.su/f/10d55ed00d275a6590673853214b1f32,"
",https://untitled.stream/library/project/9m7RDJBhHUl4OeDRYIgH6
164,,,,[untitled],https://untitled.stream/library/project/9m7RDJBhHUl4OeDRYIgH6
166,"⭐808s & Heartbreak
Live At The Hollywood Bowl",MEGA,https://mega.nz/folder/pOITxRyZ#wMRPhYbHaH-31LxFdcnFAA/folder/cLoDXbIS,,
167,"808s & Heartbreak
Live At The Hollywood Bowl",MEGA,https://mega.nz/folder/eGx3AZhZ#mG9ysOmhJ1BGDZb_a9lOhw,,
168,"808s & Heartbreak
Live At The Hollywood Bowl",MEGA,https://mega.nz/folder/vaYE1JBb#heeTPiT3tIL9WT_4vzoWYg,[untitled],https://untitled.stream/library/project/lic7ulTwOLtRqEB9bUHdI
169,"808s & Heartbreak
At The Hollywood Bowl",MEGA,https://mega.nz/folder/wg1A1LQZ#ldPGIVvyqQWWP9Ru8S2yPw,[untitled],https://untitled.stream/library/project/xNMVx8CK1P-r9-DDDzipC
170,"The Life Of Pablo
(So Help Me God, SWISH, WAVES)",,,,
172,⭐My God Is Awesome,MEGA,https://mega.nz/folder/bEIlCLAI#_Jp4yuq8dNbHzhhXjyItrQ,[untitled],https://untitled.stream/library/project/JQPSMrcmyp4EjUHHqeIIA
173,Ultralight Beam,"MEGA
",https://mega.nz/folder/GQpDmAoA#8aIK4eu7vAwfAQ1RolMASQ,[untitled],https://untitled.stream/library/project/rnV5JaFVQCHQcd0ChYyv7
173,,Google Drive,https://drive.google.com/drive/folders/1gSDDOJ1LUPQilTBLAg9oVUt2UOSY9dOV,,
175,"🌟The Life Of Pablo
(Radikal Redux)",MEGA,https://mega.nz/folder/2UBxibJA#Ej8J5Kw4_nLzlce0c4XXgw,"Bandcamp
",https://jakradikal.bandcamp.com/album/tlop-rdkl-rdux-3-26-21
175,,,,[untitled],https://untitled.stream/library/project/l72oHL29VlF_XBUZ0NMn0
176,"The Life Of Pablo
(Extended Edition)","MEGA
",https://mega.nz/folder/yhImEbqY#q-I8JETclqOxuEiA1p_hQQ,,
176,,"Google Drive
",https://drive.google.com/drive/folders/18DSkKRfz1NEhBfMnY4po_GNcv3wTiHVD?usp=sharing,,
176,,Pillowcase,https://pillowcase.su/f/61d8a4471b77cac96202f9c738af545f,,
177,The Life Of Paul,MEGA,https://mega.nz/folder/r8RRXB6A#ufGq2IgUUVvukoPjShwhwA,[untitled],https://untitled.stream/library/project/cN4LTqUKk89P7zZBJu77Z
178,Album Of The Life,MEGA,https://mega.nz/folder/xvABkarR#62tmbg7JUBrcZe5z4-W4Mg,,
178,,Google Drive,https://drive.google.com/drive/folders/1rhH-Xyv-aDjYgTSEZhzPRgHgVyfYzIWK?usp=sharing,,
180,"The Life Of Pablo
Remastered",MEGA,https://mega.nz/folder/pI03XDhC#LzwPjKNw2A4A_eSHN3J-5A,,
181,Saint Pablo,MEGA,https://mega.nz/folder/PhxwkBqK#rIoEKxKDlg6xwedKj3R-Pw,[untitled],https://untitled.stream/library/project/RHI_5n5DnQTt3aakuzgfW
182,"✨The Death Of Pablo
+ The Legacy Of Pablo",,,YouTube,https://www.youtube.com/watch?v=6usjSB6PbFA
182,,,,YouTube,https://www.youtube.com/watch?v=UQPDhF_fd38
182,,,,"
",https://pacol.bandcamp.com/album/the-death-of-pablo
182,,,,Bandcamp,https://pacol.bandcamp.com/album/the-death-of-pablo
182,,,,Bandcamp,https://pacol.bandcamp.com/album/the-legacy-of-pablo
183,"Cruel Winter [V2]
(Collaboration with G.O.O.D. Music)",,,,
185,⭐Cruel Winter,MEGA,https://mega.nz/folder/vtABlKaC#FbeN0_EE-1UT7Hp_rBnhKQ,"Yedits.net
",https://yedits.net/comp/jYgsOlyBNB7PeHUWfrCA
185,,,,[untitled],https://untitled.stream/library/project/P2oP0nadoApJMKRVWyFMd
187,"Cruel Winter
(2017)",MEGA,https://mega.nz/folder/1fpSQCZA#QLBo68GbXo3o7dGiRkAfBQ,,
189,Cruel Winter,"MEGA
",https://mega.nz/folder/MON1CQBY#Acho2UOJUEVh5UT-xqPBtQ,,
189,,Google Drive,https://drive.google.com/drive/folders/1hJ1bm-slNIzR0WgxyaHMmm6sriH2OV8f?usp=sharing,,
190,TurboGrafx16,,,,
192,"TurboGrafx16
(poofartpoo Edition)",MEGA,https://mega.nz/folder/6gQi0QTB#pZNaePEM37AQtMMiUqWRIw,"Yedits.net
",https://yedits.net/comp/I3JFODQcyiKBQEubLrYd
192,,,,[untitled],https://untitled.stream/library/project/CZ73uMT74be13FZ00uPR-
194,⭐ULTRA!,MEGA,https://mega.nz/folder/2bAhQYgQ#IAqnI9fKEiMhUkwbypOqpg,Yedits.net,https://yedits.net/comp/kLOLjWjDGUyPJZM9OFnK
194,,MEGA,https://mega.nz/folder/JDMzmZyS#2H6UAatvz5pp9byhgGnLUA,"
Yedits.net",https://yedits.net/comp/HfCyVMZAz55Y8hkwWS9S
194,,Google Drive,https://drive.google.com/drive/folders/1b2tplTezdDvhLBjMgwQVaz1eCXZaM5Sy?usp=sharing,Yedits.net,https://yedits.net/comp/hLRZna9pzWuqKOBjVJ4O
195,TurboGrafx16: Indigo Sound,"MEGA
",https://mega.nz/folder/6A4jgIKD#MgiS1myuXQrz9Q1_8lI0Qw,Yedits.net,https://yedits.net/comp/s2IOFbJ9chljHb7hEaSt
195,,"MEGA
",https://mega.nz/file/YIkVUKpC#FkiZvF31cmXA8-1BAlXj8H1OfmiWBsdkjoA5gF_b3no,,
195,,Google Drive,https://drive.google.com/drive/folders/1oKGG6Ilc1JXBxQXuN8J4nTDwGNUDSNEx,,
196,TurboGrafx16: Zulu,MEGA,https://mega.nz/folder/2aAy3RCK#2hnXiNg8qaPzXK6yuXorbQ,[untitled],https://untitled.stream/library/project/i6R4SGp5cgjTQ5PHwtvJq
197,Turbo Grafx 16,"MEGA
",https://mega.nz/folder/yRAGDS7Q#nWpQifO_pa3qUPEHZmnRNw,Yedits.net,https://yedits.net/comp/9JcoOJv1YuIpxRbmjxdw
197,,Pilowcase,https://pillowcase.su/f/8a4912c1c9b55b561edcd569302f36bd,,
199,✨Graveyard,"MEGA
",https://mega.nz/folder/fgIX3CDC#0drWi88Panpv5RieXMZCqw,,
199,,Google Drive,https://drive.google.com/drive/folders/1SynycyWWy6uR3BGGLYimgQ0Qex_In7JH?usp=sharing,,
200,✨3A-TG16,MEGA,https://mega.nz/folder/dYZjmQIS#u9NtHZig4La9IAC1eMPt-A,[untitled],https://untitled.stream/library/project/i1eUvKwGZsP9qXzR0wUP3
201,"Wolves
(Collaboration with Drake)",,,,
203,⭐Wolves,MEGA,https://mega.nz/folder/2YNGgBIa#BJB-J9xYASYnKs15lq6Xng,Yedits.net,https://yedits.net/comp/AQpsKNYAT1Lp0BKcswen
205,✨For All The Wolves,Dropbox,https://www.dropbox.com/sh/n4osnd33c3au6xp/AAC1o5E1h82Fu_KZWsVfmxU2a?dl=0,YouTube,https://www.youtube.com/watch?v=coNXaXRdks0
206,LOVE EVERYONE,,,,
208,"✨Metta World Peace
(with Bon Iver)",MEGA,https://mega.nz/folder/Ma12RIzQ#GKeiFxyU4RDLVAi2_X-c4A,,
210,"Yedits Presents:
Love Everyone","MEGA
",https://mega.nz/folder/tat31ZoI#7BUMM64DZEZWfrMVXDKgcA,Yedits.net,https://yedits.net/comp/96RoGvNav0laBMNMht8w
210,,"Google Drive
",https://drive.google.com/drive/folders/1S5snWij-A_wh38js_q9jn8T-tz6YQ7ix?usp=sharing,,
210,,Pillowcase,https://pillowcase.su/f/9420ab0f123517e6ed586af2f05300b7,,
212,⭐Love Everyone: Spirits,"MEGA
",https://mega.nz/file/pk0HxQ6Y#M86aMuv3CSrv5jjBbBE0lNRCinZqfOBYTdc0hLssR8I,Yedits.net,https://yedits.net/comp/DZSXm74ySZQrIVSc8PJA
212,,Google Drive,https://drive.google.com/drive/folders/1760FNt71T0CG6Fl82_-W2B2FrQ6lNCnD?usp=sharing,,
213,Love Everyone,MEGA,https://mega.nz/folder/0fpU1KQJ#ErBqRgrlIXSoa4kMnE1Maw,,
214,Love Everyone,MEGA,https://mega.nz/folder/sSdyUZ7L#3NzLzD3AsQ_OvTrLx5gF7g,[untitled],https://untitled.stream/library/project/h7A1forVfZebVR5M9qMpU
215,Love Everyone,MEGA,https://mega.nz/folder/VqszlDrC#hwSpP6d9IdyO5_FbOBBPqA,Yedits.net,https://yedits.net/comp/bw8ah9eZqdgnh34ApSMU
217,Peace & Love,MEGA,https://mega.nz/folder/nIUQ2baK#7V_x29hBBNGE-s3-oX96Ag,YouTube,https://www.youtube.com/watch?v=yX67lMHrnoY
218,ye,,,,
220,"🌟Graveyard
(1st Anniversary Edition)","MEGA
",https://mega.nz/folder/mF0H3bbQ#fzybi0xg3FUDHo_uaTPimA,"YouTube
",https://youtu.be/Zu5UG_iWleQ?si=TdJuc_YGWFP2NILy
220,,MEGA,https://mega.nz/folder/SIEEla6C#GqjCvc0FTjcQdd8Ut72k-Q,YouTube,https://youtu.be/gkwp5VnVWug?si=qLTxJ2VBOm0tSOWN
220,, (V1),https://mega.nz/folder/SIEEla6C#GqjCvc0FTjcQdd8Ut72k-Q, (V1),https://youtu.be/gkwp5VnVWug?si=qLTxJ2VBOm0tSOWN
220,,,,"
",https://youtu.be/gkwp5VnVWug?si=qLTxJ2VBOm0tSOWN
220,,,,Yedits.net,https://yedits.net/comp/dcjb5DBoccTPo67S6EjM
222,"⭐Omari
(Deluxe)",MEGA,https://mega.nz/folder/9PdBHKSK#Q8-Wa9rmiDmjvYJxbA72xA,"Yedits.net
",https://yedits.net/comp/XupEOQ245y2nshwu52Sb
222,,"
MEGA",https://mega.nz/folder/NhBWVZJR#o2YQbvb3436Uvo1KhImAcg,[untitled],https://untitled.stream/library/project/EEaqjUY3jfJkEFWJExvA0
222,, (V1),https://mega.nz/folder/NhBWVZJR#o2YQbvb3436Uvo1KhImAcg,,
223,Love.,MEGA,https://mega.nz/folder/GXIxFL4I#heu-NayN7BXvSrVNJuVH-w,,
224,Thirty Mile Zone,"MEGA
",https://mega.nz/folder/kKRxxa4a#G0HX2TpRZB0kZV_Uof0OHQ,[untitled],https://untitled.stream/library/project/wwOfE1YSToDXQic8gb2ww
224,,Pillowcase,https://pillowcase.su/f/8dd10509dedba65ae0f9c9d164af9dd0,,
225,ye,MEGA,https://mega.nz/folder/PwY1yaaI#aMcrhBpG_Sy1ODCJQFf-rw,Yedits.net,https://yedits.net/comp/fzHihodZq1sM7IYor6MT
225,,,,"
[untitled]",https://untitled.stream/library/project/GdNs_29H8cgNOqmUqLBXP
226,"ye
(Mike Dean Inspired Edit)",MEGA,https://mega.nz/file/8ockzZzK#mXLxh0RZZsS-tuGcO_kn98Xmq2EdtnS2TrM_4iwEKNM,[untitled],https://untitled.stream/library/project/BgzU7hng65DcWTkE2JF1L
228,All That Matters,"MEGA
",https://mega.nz/file/1wMQzJga#APtbAA_Mi98bZJ9t5cUhl2bn7WxIIaG92u57a-rKvPc,[untitled],https://untitled.stream/library/project/LHSC3tQ_mukzR8EO9d5RG
228,,Google Drive,https://drive.google.com/drive/folders/17TAjG9WH2kYUveD5jeCI7rtnK6hoThLQ,,
229,In The Sunken Place,"MEGA
",https://mega.nz/file/F4EggRrS#SmFmaHNXRJBT1Vn25TyqS6rnZ0nAfYXC6MqxYQq4kE0,[untitled],https://untitled.stream/library/project/A8Ge-2LaJb_ieXj2KrI2T
229,,MEGA,https://mega.nz/folder/e1J0kKhQ#5uJlFhwCOPPAtZjnXbSn6Q,,
231,"ye
Remastered",MEGA,https://mega.nz/folder/oIEGgKLB#fjJabnj7NeVS1gltyJB6NA,,
232,"Wyoming
Remastered",MEGA,https://mega.nz/folder/4QtUWDQa#7jex6aObhi--o2EIXk2J9Q,,
233,Wyoming Love,MEGA,https://mega.nz/folder/AG8UwaCK#_XKigNKEspBorkfIt8WKaA,[untitled],https://untitled.stream/library/project/mMryntkYTqbILzIKR9_du
234,"KIDS SEE GHOSTS
(Collaboration with Kid Cudi) (Everybody Wins)",,,,
236,In The Sunken Place,"MEGA
",https://mega.nz/file/F4EggRrS#SmFmaHNXRJBT1Vn25TyqS6rnZ0nAfYXC6MqxYQq4kE0,[untitled],https://untitled.stream/library/project/A8Ge-2LaJb_ieXj2KrI2T
236,,MEGA,https://mega.nz/folder/e1J0kKhQ#5uJlFhwCOPPAtZjnXbSn6Q,,
238,⭐Kids See Ghosts 2,"MEGA
",https://mega.nz/folder/RfYxRAzA#HBs5q81FokH08NJMO2GOuA,,
238,,Pillowcase,https://pillowcase.su/f/cfa7e775b244bab2eb7cdb6ec2fdc15a,,
240,"Kids See Ghosts
Remastered",MEGA,https://mega.nz/folder/wNMmHZTI#yfqFZce6cNBVbLZXIrfSdA,,
241,"Good Ass Job (2018)
(Collaboration with Chance the Rapper) (Job Well Done)",,,,
243,⭐Job Well Done,MEGA,https://mega.nz/folder/6pVDlBZD#5SXzT24EDzGhLU6FeqLvKw,"Yedits.net
",https://yedits.net/comp/9TuQGGtFXpBOCB2kjSjb
243,,,,[untitled],https://untitled.stream/library/project/GkNLccJ0epZlKX1rmwpqm
245,Good Ass Job,"MEGA
",https://mega.nz/folder/beQCgArQ#z8_Jkro49-OK2i2IlFd5Ug,,
245,,Pillowcase,https://pillowcase.su/f/a3f5ca958b454d3045ee1d77e17a4c45,,
246,Job Well Done,MEGA,https://mega.nz/folder/QmtynLKb#vGn5BGWZaODhIPGCU4DovA,[untitled],https://untitled.stream/library/project/sqYOURcguYCQPstyMqbQJ
247,Job Well Done,MEGA,https://mega.nz/folder/dGNnWSbS#syJ7Ec7GjaeU1YDQTQYs3w,,
248,Yandhi [V1],,,,
250,"⭐Grandhi
V2",MEGA,https://mega.nz/folder/r4oWTJaT#dGsIGkO8J_bgZaROz1NEpA,"Yedits.net
",https://yedits.net/comp/d7ltno6fXaqHaxZAWK6Y
250,,"
MEGA",https://mega.nz/folder/XxIwlbaL#yOt72RrSftmQ9Pg04srGxw,[untitled],https://untitled.stream/library/project/YyAU6SxyFRhI0bT4sQxkQ
250,, (V1 Deluxe),https://mega.nz/folder/XxIwlbaL#yOt72RrSftmQ9Pg04srGxw,[untitled],https://untitled.stream/library/project/AYcDcCFFKawNbgV8a0Fxt
251,✨SpaceX,"MEGA
",https://mega.nz/folder/vYwBXKaT#4No-R6OTlerLFZw3U0N_OA,Yedits.net,https://yedits.net/comp/jixwa4UmOOFXz1A0vc1t
251,,Google Drive,https://drive.google.com/drive/u/1/folders/1_Jj23JYuSCrPHUeGj20FqxU4FaJIPEdD,,
253,"Yandhi
(Minerva's Edition)",MEGA,https://mega.nz/folder/xbNkQY5B#aC1nLl7n9Ah1bCznuyoUFA,Yedits.net,https://yedits.net/comp/1dvnlVYs5Yk9N67RrBZU
254,Yandhi,MEGA,https://mega.nz/folder/GGxxQZAI#XXUibvddt721vo5zbdhOQA,"Yedits.net
",https://yedits.net/comp/vGVeA9bSwPE2BNCvphBI
254,,,,[untitled],https://untitled.stream/library/project/PptC1LoAHcUbBwUxYpwvw
255,Yandhi,MEGA,https://mega.nz/folder/MWcy2QLJ#3cp0EcplJAgoPVtvumcGdw/folder/USkFzaBT,,
256,Yandhi,"MEGA
",https://mega.nz/folder/qFJ31QgZ#qgiYvbu-SaRi7fk26JNDrQ,,
256,,Google Drive,https://drive.google.com/drive/folders/1lcG6uQaPmnVSqYa5EVMYJjmQ6HM4UkvD,,
257,"Yandhi
Harley Banks Rework (Radikal Redux)",MEGA,https://mega.nz/folder/GEgH2bbZ#uXmQGmgvx_vUVt9zKrGVjg,"Bandcamp
",https://jakradikal.bandcamp.com/album/hrly-bnks-rwrk-rdkl-rdux-1-15-21
257,,,,[untitled],https://untitled.stream/library/project/UrImIB9mwaA14VLVV5pPD
258,"Yandhi
Harley Banks Rework",MEGA,https://mega.nz/file/N8s0jYBY#P7oKefn9cMoscWU8i_FTfFyPeWXOy7y8h7bn1VEjQxc,,
260,"🌟Yandhi
Revised Edition","MEGA
",https://mega.nz/file/QolSmZqC#6uhXBuUJ44li4Z1hLnLJMw6-ax2KQjG7V9tyhOunLLw,Yedits.net,https://yedits.net/comp/duh85P96CjuFJEkC9Ywh
260,,MEGA,https://mega.nz/folder/KUk0AD4Q#NM5YlxxTUIaV6ZjLTiC3aA,,
261,"Yandhi
CentralDogma Rework",MEGA,https://mega.nz/folder/mJRGxCpR#lkhkoUuJpab9qdEX0Ij5JA,[untitled],https://untitled.stream/library/project/zuvqBLslLulKT48X6Sydg
263,Black Friday,"MEGA
",https://mega.nz/file/pp0GFRSR#zee1O7qSdGPEI9PmzbApmJ1zFdhNcX8CVFySxL1dDt0,,
263,,MEGA,https://mega.nz/folder/WgowXADT#tkCvZwQdnV9bDddBRZVOQw,,
264,"Yandhi
Definitive Deluxe Edition",MEGA,https://mega.nz/folder/ELpwQRDS#C-P-ONfqvV-qGB99hBkR9w,,
265,YandhAI,MEGA,https://mega.nz/folder/jmw0zIzL#Vz8dFdkiGnn7lKbP1-wXaA,[untitled],https://untitled.stream/library/project/PckpLNnGKkt9RcrGcksO5
266,Yandhi [V2],,,,
268,⭐Voyager2,"MEGA
",https://mega.nz/folder/OERmHahK#jRZE4aYaSpOfaCUNV9CYBA,,
268,,Google Drive,https://drive.google.com/drive/folders/1NeGxAvsq9GUpGoTnZ5WH6myW8Pwd_zXV?usp=sharing,,
270,"Yandhi
ReSpin",MEGA,https://mega.nz/folder/PlghhbwC#-1PIpF92wh7rjdTAL7oq_A,,
272,Timbyeland,"MEGA
",https://mega.nz/file/pg10ETDL#2TZ4n4-CTOMXmb2Dr9nP__aFLTPmZ0b0szLMJ8GM2EQ,,
272,,MEGA,https://mega.nz/folder/LsRnUQSA#IeG_jXj9OGuBWXEgDLcWOg,,
274,✨Yandhi Is King,"MEGA
",https://mega.nz/file/TDRkWKCY#mb_5V9R5MImm1IB1Pfs1XiSCxTz5ETH-ZkQDrHshz1k,[untitled],https://untitled.stream/library/project/z_5Cti2MuCAURSRqUzurz
274,,Google Drive,https://drive.google.com/file/d/1SpvbvcP7v8UgOyQQ8KLRyYoyqP7ls6_X/view,,
275,"JESUS IS KING
(Christ Jesus)",,,,
277,"⭐Yedits Presents:
Jesus Is King",MEGA,https://mega.nz/folder/wBxWAQaT#18T7icQK09obyJz3SMnPng,"YouTube
",https://www.youtube.com/watch?v=Q16UvHEmT8E&pp=ygUdeWVkaXRzIHByZXNlbnRzIGplc3VzIGlzIGtpbmc%3D
277,,,,"Yedits.net
",https://yedits.net/comp/S93YUZwijJUROBxyqiJp
277,,,,[untitled],https://untitled.stream/library/project/BIzYSYzQTpXOpYzp9XaXI
278,"Jesus Is King
EP",MEGA,https://mega.nz/folder/XUUAXYpL#Vq_k3Ve8Rr9Hk_85-gkI9w,[untitled],https://untitled.stream/library/project/apoXuJrS14wUaYf013Qho
280,"🌟Jesus Is King
(Rework)",MEGA,https://mega.nz/folder/2HgXAL7B#atHWVbGVQy4pMmokjCJ63A/folder/nCh1xQDB,Yedits.net,https://yedits.net/comp/6l8U4s88sSyo1q8gXzNQ
281,✨worship,MEGA,https://mega.nz/folder/u8wQgZKK#_j7zB2e4oz7DB1amt98Z4Q,Yedits.net,https://yedits.net/comp/TxnsSFb4Y5fDnGGe0WdR
283,Jesus Is Lord,"MEGA
",https://mega.nz/folder/rtpjwKRa#qtyFGFwQ3n4KcvxlhhhqhQ,,
283,,Pillowcase,https://pillowcase.su/f/d05896378efcd76c21436bc042416a2d,,
285,SAVED,MEGA,https://mega.nz/folder/LghjGJyL#rracBdoQy1Ts-KpS7BaJKQ,[untitled],https://untitled.stream/library/project/8AFJmtpG7PMsPS1-Ne_u0
286,Jesus Is Born!,"MEGA
",https://mega.nz/folder/LEEBAL4I#hvZ0lf9JMEvqJLzZ_QjZlQ,"Yedits.net
",https://yedits.net/comp/5x6KhRTmuuJwvVi3HPLv
286,,MEGA,https://mega.nz/folder/jI0FGSCL#hIIk2iQc9qyykm83Ad6ULA,[untitled],https://untitled.stream/library/project/TqngHhtTO58j3SibPsCRx
287,Our King Jesus,"MEGA
",https://mega.nz/folder/ngZ2zYLA#SGD-ffQmDg17zUUrhFMNcg,,
287,,Google Drive,https://drive.google.com/drive/folders/1AcqRP9KhjS4Ipdb2dBLWuXg30Y-xhaTu,,
288,✨Jesu Is King,MEGA,https://mega.nz/folder/SklHxJhJ#h_I9M3ggKtOL82bolBg8jg,"YouTube
",https://www.youtube.com/watch?v=-nyXf1SM-uE
288,,,,[untitled],https://untitled.stream/library/project/K_96pNiNsr0w5fbiIm598
289,"JESUS IS KING: The Dr. Dre Version
(Collaboration with Dr. Dre) (JESUS IS KING II, JESUS IS LORD)",,,,
291,⭐Jesus Is King: The Dr. Dre Version,MEGA,https://mega.nz/folder/QxxQXBpJ#wSnqYCUNrhx3ZscfwZ4nVw,,
293,Jesus Is King PII,MEGA,https://mega.nz/folder/WdkE2QIY#rOD4Xmwn8ApQpBLsxtOqZw,,
294,"God's Country
(JESUS IS LORD, Our Beautiful Amazing Reality, Our Beautiful Light Clear Reality, Palm Springs)",,,,
296,"⭐God's Country
(v2.0)",MEGA,https://mega.nz/folder/M0okELYb#55Btv8Bh5ffoAeK5I93uAg,"Yedits.net
",https://yedits.net/comp/13hFQo8mh6xNnqGZiWN0
296,,,,[untitled],https://untitled.stream/library/project/a1cn2hUPgC07iygVaBqoO
297,God's Country,MEGA,https://mega.nz/folder/mexiETzS#yCgM_pL-sDR43tOPMin_cQ,"Yedits.net
",https://yedits.net/comp/nuZPDti66s9ACJnEl6hm
297,,,,[untitled],https://untitled.stream/library/project/KLbgGpWhP4JaK2tnb9swH
298,God's Country  ,MEGA,https://mega.nz/folder/v6hywBhL#Vtd-2I1D-3_TRl8rYQFZow,"Yedits.net
",https://yedits.net/comp/Ti393zJxFfBoAuxrjTBR
298,,,,[untitled],https://untitled.stream/library/project/JZ8Cngg4VRMwyvMAQep9b
299,"God's Country
(Jeen's Edition)","MEGA
",https://mega.nz/folder/CGRhlCAQ#3TlHYfjdYAONTJ2Cl1kpXA,,
299,,Pillowcase,https://pillowcase.su/f/e8c13c93f13e226eaae9de9314324a19,,
301,"🌟God's Country
V3",MEGA,https://mega.nz/folder/MD5mlBpK#jPHfShWFhhPN5BvLPookSw,,
303,Welcome To God's Kingdom,"MEGA
",https://mega.nz/folder/pHN30CyJ#MMwAa5CktvYK_HEH82Dpiw,,
303,,Pillowcase,https://pillowcase.su/f/74a8a52dd2edb421ef80df3d76e01ea8,,
304,"✨Wash Us In The Blood
(with Travis Scott)",MEGA,https://mega.nz/folder/tnM22RCI#D0QQSvWmZzrC-rqAj5DdOA,,
305,R God's Country,MEGA,https://mega.nz/folder/DwYHWahb#dK61uB48ydDnlx7h6Kzcxw,,
306,God's Country: Follow Me,"MEGA
",https://mega.nz/folder/rBoxQCYa#faCN0n9J-SY8QGOPrda__Q,,
306,,Pillowcase,https://pillowcase.su/f/c23248c10a2efad2677a00db7cff57f1,,
307,"DONDA [V1]
(DONDA: WITH CHILD, DND: WTH CHLD, DND)",,,,
309,⭐Donda: With Child,MEGA,https://mega.nz/folder/j0YEgDZa#-HmM04YI6NM-9_rFTTTWZg,,
310,"Donda: With Child
CentralDogma Rework","MEGA
",https://mega.nz/folder/DYI0Rbba#e5fD0j3DOmg5yDZFn3ZOIA,,
310,,Google Drive,https://drive.google.com/drive/folders/1ak-HS-y6nuJxEDjEegPgwAEYcAB-mx-8?usp=sharing,,
311,Donda: With Child,MEGA,https://mega.nz/folder/nAR0GTQY#0KyREDt2tvWh4wAyFkXgaw,[untitled],https://untitled.stream/library/project/Zl83Sv1kUVcgz4H_rB1SE
312,Future Sounds,MEGA,https://mega.nz/folder/MWJVRKrZ#iVOguJFDO9G0QwoYQVcrPw,[untitled],https://untitled.stream/library/project/TzwZWEIEmtWmMzZHyi5yT
314,"🌟Donda: With Child
(Rework)",MEGA,https://mega.nz/folder/yPB2AIRQ#V2BZzVkbZNBSHp9foRmfHg,"Yedits.net
",https://yedits.net/comp/pqeCsDxKPeorcicYY6iv
314,,,,[untitled],https://untitled.stream/library/project/n7Lvrm0ZDqdDSZ7uRR9uJ
316,Donda: With Child,MEGA,https://mega.nz/folder/CFdF3RjJ#uJibSbebxQdxRCgdLdhdkw,"YouTube
",https://www.youtube.com/watch?v=_P_iBryU2jo
316,,,,Yedits.net,https://yedits.net/comp/CzF1V3SJtxmsznx6Dg4W
317,Donda: With Child,MEGA,https://mega.nz/folder/4Kg2hQLb#541Fk3BDQodYCUcYvd-x4w,,
318,Donda: With Child,MEGA,https://mega.nz/folder/qmQE0SBT#c2Jbou3qZxB7s33WHzHBQw,,
319,Donda [V2],,,,
321,⭐Spirits Over The Horizon,MEGA,https://mega.nz/folder/OoRz0Q6L#AyzTk4gMsEJpzS6BAN1eqQ,[untitled],https://untitled.stream/library/project/J1Ct7sBwxMF4lj0e-IwfS
322,Donda: Flipside,MEGA,https://mega.nz/folder/kHJSSKoB#URCZORNyqjD9za7QMczxFA,,
323,"Dear Donda
V2","MEGA
",https://mega.nz/folder/SsBxHJoZ#jRj9KczDq6_vBHaKeAAr2Q,Yedits.net,https://yedits.net/comp/sj52HtJqf48alSvH5ah9
323,,Pillowcase,https://pillowcase.su/f/a2908bcdf3da37e293c4a831f3bcf49d,,
325,"🌟Orphan
V2","MEGA
",https://mega.nz/folder/GL4nGBDa#_ZBgiUlorggn6Xsoml7Xyw,"Yedits.net
",https://yedits.net/comp/IRYgiBkGvzm3JuAspM1Z
325,,MEGA,https://mega.nz/folder/OTo3iArB#5j577AH7Cxz8SnliaDYeLw,[untitled],https://untitled.stream/library/project/fCgNT7UkdaWQOZtJ9WTWA
325,, (V1),https://mega.nz/folder/OTo3iArB#5j577AH7Cxz8SnliaDYeLw,,
326,The Seraphim,"MEGA
",https://mega.nz/folder/i0oTCCSR#O1G4jtSKwW6lplPeF_7lSA,,
326,,Pillowcase,https://pillowcase.su/f/cd9bdc8d08b3cb4e4d652afaaae238c2,,
327,Spirits Over The Horizon,MEGA,https://mega.nz/folder/qagTBAAA#BeZoFrQL36m5u_cnsomUWQ,,
329,"Donda: Sing You Heart Out
(EP)",MEGA,https://mega.nz/folder/wGFgUT5B#99eZi2wJwQHg5zCO1atkSg,[untitled],https://untitled.stream/library/project/HUNQxgSTg3LzF8IylTRrB
330,✨Spirits Over The Horizon,MEGA,https://mega.nz/folder/YYp21aRQ#CBDloLMVJbq12WTH-ZIIUg,,
331,Donda [V3],,,,
333,⭐Spirit Of Donda,MEGA,https://mega.nz/folder/X9hlXSTQ#d1hU_zJfpfwAJO2HDhi4ig,Yedits.net,https://yedits.net/comp/6LRj6niRnZ3kzLvgmeo3
334,"Donda
(Arcxne Edition)",MEGA,https://mega.nz/folder/7NkWHShC#XXfy4mNJKkzRqIHXg46lqw,,
336,"Donda
(uhhjulian Edition)",MEGA,https://mega.nz/folder/Dv51ACBT#Qw7MU6wtTkiQBfP9j5sN6Q,"Yedits.net
",https://yedits.net/comp/tg2qNzkiXRpVv3upZafW
336,,,,[untitled],https://untitled.stream/library/project/_5k9mSo0DpIDIQkSG6qY-
337,"Donda
(Allison Fleischer Edit)",MEGA,https://mega.nz/folder/fcIG0aIZ#Tgp-uPP_j2KyaCv1O3-lDg,[untitled],https://untitled.stream/library/project/0-sWk75mM4rnAQk3tkUgs
338,Donda: Miracles,MEGA,https://mega.nz/folder/M0dRhLBb#pBonYSwZckHrq5wpHi0-ow,Yedits.net,https://yedits.net/comp/EFxtZZCUaNXnvxPMb3Zt
338,,,,"
[untitled]",https://untitled.stream/library/project/5ujNqcDcGEXQy8nVGP5lp
339,Donda: Spirits Won't Die,MEGA,https://mega.nz/folder/H9xRQaZS#JqwvP1HwxxWC8gqCz7UGVQ,[untitled],https://untitled.stream/library/project/_FmUFhNVk48mvnaXhdliY
341,"🌟Donda
Ojivolta",MEGA,https://mega.nz/folder/oDpDlSgA#uqdSQROYcpKiLVAMF1aBKQ,,
342,Donda,"MEGA
",https://mega.nz/folder/db1z0ATZ#u7hAmpfVXcaHIdkw182unA,,
342,,MEGA,https://mega.nz/folder/qXZXQLyS#S0zh_rCIdTp0evyjFSGZtg,,
343,"Donda
(Uncensored)",MEGA,https://mega.nz/folder/eH4ykAwJ#bVOlhbuk4KGsIXGQTxF8XQ,,
343,,MEGA,https://mega.nz/folder/jxdwGb6S#g0NoRsNNu6z-gEqgwnJNdg,,
345,"Donda
Endless Edition","MEGA
",https://mega.nz/folder/G04hjASI#MMCC0g6cQQ-VPAyJOqYe0Q,,
345,,Google Drive,https://drive.google.com/drive/folders/1_GKX0v6nBgun_dsL2ZtHjWHXN7pfCYCh?usp=sharing,,
346,✨Good Ass Job - Donda,"MEGA
",https://mega.nz/folder/K3IiwLbS#hqjGEiSTLxGnyWx4zjJrSA,Yedits.net,https://yedits.net/comp/lua00xNQ9gMPKWpK6l6H
346,,Pillowcase,https://pillowcase.su/f/05bb47f59c90bf4b39c7b8a01663e982,,
347,"✨blonda
(with Frank Ocean)",MEGA,https://mega.nz/folder/TkNDnQJC#wHUNui9bJ3QDpcphi3pQRA,"YouTube
",https://www.youtube.com/watch?v=SCTfA0r_Dd4
347,,,,Yedits.net,https://yedits.net/comp/S25Wgz5CEVEawJESepFb
348,✨The Spirit Of Donda,Google Drive,https://drive.google.com/drive/folders/1ipPk2pFnAP4aEpH1eP2As-UpemCf1rxj,YouTube,https://www.youtube.com/watch?v=Lq-PA3HcX_g
349,"Donda 2
(For The Children, Donda 2: 4 Da Kidz)",,,,
351,"🌟Donda 2
(Beach House Edition / Deluxe)",MEGA,https://mega.nz/folder/9vFVwTiB#Y5HMzakpawZPbwWNtYHF0A,"Yedits.net
",https://yedits.net/comp/buJTvLd1lpz5No7Ay4jJ
351,,,,[untitled],https://untitled.stream/library/project/SJBYKqC40w7vIS93MmeRj
353,⭐Chicago,MEGA,https://mega.nz/folder/aoYxTShT#3T1fJfcSazpkW1B0hqk4_Q,Yedits.net,https://yedits.net/comp/ON5MyBVtMf7vxQbMBF1U
354,Donda 2,MEGA,https://mega.nz/folder/Q4sihDhb#6voudWudDSSrqCOe4hGkAQ/folder/w8lCwAxB,Yedits.net,https://yedits.net/comp/O2G1Q0WrFx0mHehiNTUK
355,WAR,MEGA,https://mega.nz/folder/30lQVIaa#_98z8NUlQbx1igDW9GC8_Q,"Yedits.net
",https://yedits.net/comp/giqXyNTNi4yzwpbt20rV
355,,,,[untitled],https://untitled.stream/library/project/4D8hoB4fAO6LOQnbN1Sgz
356,Donda II: Love Is War,"MEGA
",https://mega.nz/folder/kbMQQQAZ#6PLscA_cTmNyTUJQCTqpSA,,
356,,Pillowcase,https://pillowcase.su/f/7d76a539fcff9b2bfce687e7771badc9,,
357,"Donda 2
(uhhjulian Edition)",MEGA,https://mega.nz/folder/XqZzwQSa#qUMk1ZGH8deemdhczIkqQA,[untitled],https://untitled.stream/library/project/15atF9OnXjZ3HKc1pEAxy
359,Donda 2,MEGA,https://mega.nz/folder/hKZ1XBgI#lDyU31yt9C8q-s6wCGkcUQ,,
361,"Donda 2
(Rework)",MEGA,https://mega.nz/folder/WLZA2IZC#NNyKEEyDqMWM-YHfFRdP3A,[untitled],https://untitled.stream/library/project/H6VWVwOifepvjrs0NfKuO
362,"How Long Until Black Future Month
(with Future)","MEGA
",https://mega.nz/folder/aN5i0CyA#X0WrDm2UHRD_S2HG26IssQ,Yedits.net,https://yedits.net/comp/pV3wk5jFgVb4kdowmyK8
362,,Pillowcase,https://pillowcase.su/f/2c94c728440d66708108d1129a1a492f,,
363,"✨Let Her Go
(with Don Toliver)",MEGA,https://mega.nz/folder/qV42mTqI#QYq_7MfqUs72fBZabXsnKg,"Yedits.net
",https://yedits.net/comp/4ViWFJl1XlTLekx3r3Zg
363,,,,[untitled],https://untitled.stream/library/project/NE2gVY1QxWc0d2AjWZUnq
364,✨Donda 3.11 For Workgroups,"MEGA
",https://mega.nz/folder/U6l0BLjb#GNsTQ3YpVHCtFvnkjPNPaw,Website,https://xavlabs.nl/music/donda2/
364,,Dropbox,https://www.dropbox.com/scl/fo/lb6yd967zu75az02an97i/AETabQ-UdMjFE4lqZR9f2Nc?rlkey=7aywm5asvq1kkyd5jtyileq30&e=1&st=dq4nmwwp&dl=0,"
YouTube",https://www.youtube.com/watch?v=1wZ_9Yv__0k
365,✨8 AM // Donda 3,MEGA,https://mega.nz/folder/lTVkTDyA#FR2kEgejgzmpQjF1yHylcQ,,
366,"WAR
(Collaboration with James Blake & No I.D.)",,,,
368,⭐WAR,"MEGA
",https://mega.nz/folder/W24DRRiB#c_9ntT0HzRpT6IGmVI3wrQ,Yedits.net,https://yedits.net/comp/vUpAR6sVvGeDEoZCPlrU
368,,Google Drive,https://drive.google.com/drive/folders/1KYuBO-b1PGLk3WfNIojMqOQJ3wiPZ2vA,,
369,IT'S WAR,"MEGA
",https://mega.nz/folder/jv42yZQb#igwcA8B5syrU3gLsilGj1g,,
369,,Google Drive,https://drive.google.com/drive/u/0/folders/14ydXtWfBnZR0-lmTmVXF00aplEHEODnJ,,
370,WAR,MEGA,https://mega.nz/folder/6BglRQza#vRCb5kX7Eol0yeqW1FZFkw,,
372,✨Echoes Talking,MEGA,https://mega.nz/folder/LBtTCLxS#98dqDqIKNh8qey6rzncHOg,"YouTube
",https://youtu.be/wUiIVIsoVSg
372,,,,Yedits.net,https://yedits.net/comp/T2oGB4ZhyJCKcFx0StB6
373,"YEBU
(Ye 3)",,,,
375,✨YESUKE,MEGA,https://mega.nz/folder/2E9mWThY#WYjwbXB7BRDrOmEMoKDyaA,Yedits.net,https://yedits.net/comp/WS3ichAu3DWAYwDjNRhW
377,⭐Exiled.,MEGA,https://mega.nz/folder/FK82xbQa#hnFbVCN2CPJkn9kAv6XPkw/folder/1Cs0WSYD,Yedits.net,https://yedits.net/comp/sadobrwHgncXMIDjp633
377,,,,"
[untitled]",https://untitled.stream/library/project/SOlHJV0eDkLJ40RlEgH9Q
377,,,, (Disc 1),https://untitled.stream/library/project/SOlHJV0eDkLJ40RlEgH9Q
377,,,,[untitled],https://untitled.stream/library/project/NOmXtbxZhCp2To8RSe5Jk
377,,,, (Disc 2),https://untitled.stream/library/project/NOmXtbxZhCp2To8RSe5Jk
378,¥,MEGA,https://mega.nz/folder/0nsVkaiK#M7MFp0WpDdrC39gYzTlzBA,"YouTube
",https://www.youtube.com/watch?v=UdGvbAK_tQw
378,,,,Yedits.net,http://yedits.net/
379,Y3,MEGA,https://mega.nz/folder/eJJBzL6R#QpuMiSXGXidDFqPb4jI34A,"YouTube
",https://youtu.be/jB51IDSiW5g
379,,,,Yedits.net,https://yedits.net/comp/osDxL7sZ14LUtmU1UmcX
379,,,,[untitled],https://untitled.stream/library/project/u3nZ0pX2BhzXDvj8k4bGi
380,GENESIS,"MEGA
",https://mega.nz/folder/a25H3QAT#dYo0idmMC3Q6gyCwjkDOKg,Yedits.net,https://yedits.net/comp/Wxw6X0XOFEzRe7Y5IQoX
380,,Google Drive,https://drive.google.com/drive/folders/1YSE2Qs4qgEBYrAbJJpvZsjpZE_085x_k?usp=sharing,,
382,Y3,MEGA,https://mega.nz/folder/MWcy2QLJ#3cp0EcplJAgoPVtvumcGdw,,
383,Y3,MEGA,https://mega.nz/folder/hlBBDCaT#OSNc7NOFlMXsOTDtCfg8bA,"YouTube
",https://www.youtube.com/watch?v=GTMmGgHxzBA
383,,,,[untitled],https://untitled.stream/library/project/7CybUA3m7IMWTZFgtCIBw
384,YEBU,MEGA,https://mega.nz/folder/Eu8ySRKa#_uo_9ZxWLy9WcqRkoK2rPQ,"YouTube
",https://youtu.be/JG3jDJ_coiQ
384,,,,[untitled],https://untitled.stream/library/project/WCSavvgc4qrE03WJupQ7n
385,"Bad Bitch Playbook
(Collaboration with Ty Dolla $ign) (Bad Bitch Playbook Vol. 1)",,,,
387,⭐Bad Bitch Playbook,MEGA,https://mega.nz/folder/RzhHUQZa#JIxXs5u1Asf0tPnu9H2a0A,Yedits.net,https://yedits.net/comp/xM0v3s71caAHWd2DYtGc
388,LIFESTYLE,MEGA,https://mega.nz/folder/LNcj0CbC#lEOVCI-vfRlzBZm41BgQUg,"YouTube
",https://youtu.be/0s9Yb18RsEY
388,,,,Yedits.net,http://yedits.net/
390,Bad Bitch Playbook Vol. 1,MEGA,https://mega.nz/folder/3GxkFDIZ#ZwwEUqSnefGebzibR2lYVw,[untitled],https://untitled.stream/library/project/8iHjhq9wEfQ8tD59sjojc
391,¥$,MEGA,https://mega.nz/folder/IGhn0RzJ#wL8lQ-IaVNoqe4WM56uU-Q,,
393,✨Bad Bitch Playbook,MEGA,https://mega.nz/folder/uaowzIgZ#I_sZI4jJITyr3kum7cMY-Q,[untitled],https://untitled.stream/library/project/zuddl1aRTuc8sEGKaW93x
394,"VULTURES 1
(Collaboration with Ty Dolla $ign) (Vultures)",,,,
396,"✨HEATHENS
(with Metro Boomin)",MEGA,https://mega.nz/folder/4fVlVZwD#feU2VpMdZHUrnMwWGjOuag,Yedits.net,https://yedits.net/comp/B4Ajbxq9ujvfozBSdyh8
398,⭐VULTURES,MEGA,https://mega.nz/folder/Ci4DQIIL#MEjeC9iz_y-eln0oScWouA,"Yedits.net
",https://yedits.net/comp/llD2RlSBRohFfVOZIMi0
398,,,,[untitled],https://untitled.stream/library/project/vaZ7s00Fc5JKdAaaNV8ng
400,THE VULTURES PROJECT,Pixeldrain,https://pixeldrain.com/u/oZZcMk5P,,
401,"VULTURES 1
Akimbo's Cut","MEGA
",https://mega.nz/folder/7T4jCSoR#_VLmLnPDBpgXdgx-cPgr7g,,
401,,Pillowcase,https://pillowcase.su/f/a5de3d113ca5ccc4226ef449695bae37,,
403,"VULTURES 1
MJ REWORK",MEGA,https://mega.nz/folder/DAYXnbSC#QEXx1Pr1_7BfSX55oJjAgA,[untitled],https://untitled.stream/library/project/Z_fhKz-37wocfYPojBA8D
404,VULTURES,"MEGA
",https://mega.nz/folder/1Wk1maQK#qI031RGmCv3R3UekiyPsWA,Yedits.net,https://yedits.net/comp/H9qcecyHy8G4yt0MIlKP
404,,MEGA,https://mega.nz/folder/MWcy2QLJ#3cp0EcplJAgoPVtvumcGdw/folder/BGlREBwA,,
405,"✨VULTURES 1
Dropout Edition",MEGA,https://mega.nz/folder/6FNxRRBD#XAv0JDPV_JbmcXz34hxDmw,"Yedits.net
",https://yedits.net/comp/HfC2okS45CjXFYgyDv6l
405,,,,[untitled],https://untitled.stream/library/project/K5MwgtlqiI13kLuuZfVjR
406,✨VULTURES,MEGA,https://mega.nz/folder/tTJSDZxb#BX2cKu5us2wjN26uUWevVA,Yedits.net,https://yedits.net/comp/PRryQAMHgKvFGLU2dpjD
407,"VULTURES 2
(Collaboration with Ty Dolla $ign)",,,,
409,⭐REPENT,MEGA,https://mega.nz/folder/pOITxRyZ#wMRPhYbHaH-31LxFdcnFAA,"YouTube
",https://youtu.be/ctDgLiV3kg8
409,,,,Yedits.net,http://yedits.net/
411,"🌟VULTURES 2
(hc's Version)",MEGA,https://mega.nz/folder/qjxgXTQa#uNSjf_34_qDg94Tk1UqP-g,Yedits.net,https://yedits.net/comp/4HCPIRuWMwNOesP1DFgB
411,,,, (Site Exclusive),https://yedits.net/comp/4HCPIRuWMwNOesP1DFgB
411,,,,[untitled],https://untitled.stream/library/project/VV5K9CPRe8EzCMrqJCyh8
412,"VULTURES 2
DELUXE (Rework)",MEGA,https://mega.nz/folder/mlwgjJxD#dDVI641LH8s7LdvJheleGw,YouTube,https://www.youtube.com/watch?v=HEntiZ7GLhc
412,,"
MEGA",https://mega.nz/folder/6o4XADgK#bhz4lCpoDHt9-qs6nkkeEQ,"
YouTube",https://youtu.be/lS-89rLprdc?si=t2JyWtVVxgJAC4oW
412,,,, (V1),https://youtu.be/lS-89rLprdc?si=t2JyWtVVxgJAC4oW
412,,,,"
",https://youtu.be/lS-89rLprdc?si=t2JyWtVVxgJAC4oW
412,,,,"Yedits.net
",https://yedits.net/comp/FcUEivemATOtiXkcCcZ9
412,,,,"[untitled]
",https://untitled.stream/library/project/7dJ9YBF7yUX0b2CIEgkJF
412,,,,[untitled],https://untitled.stream/library/project/GCf2w80TJ8rlIzPtuyUwG
413,"VULTURES 2
V2",MEGA,https://mega.nz/file/3ihVXBwJ#vDV4j6kfoa43kGHpDpdSkk1N31oigkq-m7fz5eetYxs,Yedits.net,https://yedits.net/comp/NzglwQzznCHgSxcVUSxH
415,"VULTURES 2
March/April Version","MEGA
",https://mega.nz/folder/M2VGXA6b#NXLwsj55R7aZGrqbNjTdmQ,Yedits.net,https://yedits.net/comp/YKCD5e878vgjo6aV6meR
415,,MEGA,https://mega.nz/folder/N7N2VZrS#98xLrua7YQ1_3IdDquwFXw,,
416,"VULTURES 2
jambajuice's Version",MEGA,https://mega.nz/folder/Oh8VzbDD#m7x4mZLqwWSXGZi3Ve-1Xg,"YouTube
",https://www.youtube.com/watch?v=kNNT6N7mxK4
416,,,,[untitled],https://untitled.stream/library/project/gDtiyf5rq27CKE7mHpsH4
418,"VULTURES 2
Akimbo's Cut",MEGA,https://mega.nz/folder/ebg3URJT#cOuBj3TFNxkW2y2C2HF3_g,,
419,"VULTURES 2
FIX",MEGA,https://mega.nz/folder/kPZkVYiZ#BX2t5pD3bDj75zBBinvcsg,,
420,BACK OUTSIDE,MEGA,https://mega.nz/folder/gL133CTB#znusvZoODXpGCzln7o30kw,"YouTube
",https://youtu.be/A9UUBe-RX34
420,,,,Yedits.net,http://yedits.net/
421,"VULTURES 2
MJ REWORK",MEGA,https://mega.nz/folder/PN52CB5D#2DIzvUzFKRNeSj0RIY155Q,[untitled],https://untitled.stream/library/project/eGMQDVNyopJrWzXMyXcwr
422,"✨VULTURES 2
Registration Edition",MEGA,https://mega.nz/folder/eQlgGLwK#6fHSFsJTtQhauZrwj69O-Q,"YouTube
",https://www.youtube.com/watch?v=LimAM-APIDI
422,,,,"Yedits.net
",https://yedits.net/comp/WTYfKc6l1tPGcyqopbcd
422,,,,[untitled],https://untitled.stream/library/project/tsW65kbNi3oRih2T7k6nV
423,VULTURES 3,,,,
426,BULLY,,,,
428,BULLY,MEGA,https://mega.nz/folder/vZY2UaQT#hGyqb3PW4kMMF8mnVSPbRQ,"YouTube
",https://youtu.be/1Pjsgvx-aec
428,,,,[untitled],https://untitled.stream/library/project/aIMru9iMRJZVPwPCJP6uH
429,BULLY,MEGA,https://mega.nz/folder/ZfNE0B7K#nsC8iJChBK6XoUb4YKrN-g,Yedits.net,https://yedits.net/comp/3j8q1PMoNDDw3KZwkSM0
429,,,,"
[untitled]",https://untitled.stream/library/project/qBZ2dT1OKX97NJLGYhgcK
430,BULLY,,,"YouTube
",https://www.youtube.com/watch?v=7JPgqyrNQGk
430,,,,[untitled],https://untitled.stream/library/project/AlsOBiqOdkWMVRJNdVQal
432,"BULLY
BEAT TAPE",MEGA,https://mega.nz/folder/3At1BK5R#A9ogAeAOtiSte8sSLeLpqw,"YouTube
",https://www.youtube.com/watch?v=nivEtWxB908
432,,,,"Yedits.net
",https://yedits.net/comp/50Q3ojgvFokI5LCqQ7vk
432,,,,[untitled],https://untitled.stream/library/project/AcdX8CqBLjX3Ur3gEDhGL
434,"BULLY!
v2",,,[untitled],https://untitled.stream/library/project/lsaOwQYMS1axYlaVkii7E
435,"Live
(Tours, Concerts, etc.)",,,,
437,Glow In The Dark Tour,MEGA,https://mega.nz/folder/Jx8A2YQR#Dqy09gGAJYnkURcMV_zW1w,[untitled],https://untitled.stream/library/project/MdWlaEbSN19LUqjBSmG3U
438,Live At Coachella,MEGA,https://mega.nz/folder/L5YkzAqJ#LhGGCcq_AMRU0_irixDzRg/folder/3txixCDB,,
439,"Watch The Throne Tour
(with JAY-Z)",MEGA,https://mega.nz/folder/o08V3Yia#oPTu4qNQgpDd04NjlYAKcg,[untitled],https://untitled.stream/library/project/cBm3L-pF-hT6Mn9M45P5g
440,"Yeezus Tour
From Fighting To Finding",MEGA,https://mega.nz/folder/jkhSSYwB#pw4lbqMavSFFrMrYyrVgWA/folder/P4xwHYwZ,,
441,"Saint Pablo Tour
(Redux)",MEGA,https://mega.nz/folder/c5lUHB7I#8Hix04-WeB4LqZVDUnHQJQ,,
443,"Watch The Throne Tour
In North Carolina",MEGA,https://mega.nz/folder/k9NQDJDa#1MR9Ci9RWGesG9G6B315cg,[untitled],https://untitled.stream/library/project/PUZve23Y4-ZMpVALneLyu
444,"Yeezus Tour
In Boston",MEGA,https://mega.nz/folder/M51VxLAZ#MCL9RPgQWHDppaBi77gxFA,[untitled],https://untitled.stream/library/project/815lx0dB0iNK5wCQ5aZBS
445,"Free Larry Hoover Benefit Concert
(Remastered)",MEGA,https://mega.nz/folder/yG4AUDDY#NTu5oZ6LyGlsj4GZLZxhPw,,
447,"Yeezus Tour Movie
(Remastered)",YouTube,https://www.youtube.com/watch?v=PdgZ2n8Ssek,,
448,Other,,,,
450,✨2049,Google Drive,https://drive.google.com/drive/folders/111pJGupYf6CT9shoCIxl0t9eBmfRdbl3,"Yedits.net
",https://yedits.net/comp/6ZhPHGbqXZuj2q3COeXK
450,,,,[untitled],https://untitled.stream/library/project/H551iiJsAdSqAJdYD5TLj
451,ClamYe,MEGA,https://mega.nz/folder/cDE1STZZ#79-rSXfvKu6hHnnZ94k4hQ,"YouTube
",https://www.youtube.com/watch?v=erjqQaMSWeY
451,,,,[untitled],https://untitled.stream/library/project/v9NgC4ropI15ao5ARdZQ9
452,KANYE MADE TPAB,YouTube,https://www.youtube.com/watch?v=WJqIYDfbFU0,,
453,✨Maybe We Can Make It To Christmas,Google Drive,https://drive.google.com/drive/folders/1OAW7BcFeB-xHAoX8xvsYqEcA_yFXSusx,[untitled],https://untitled.stream/library/project/e5i4DbFmSOXl1O_Naun3H
453,,,, (V1),https://untitled.stream/library/project/e5i4DbFmSOXl1O_Naun3H
454,"What's A Black Beetle
(with The Beatles)",MixtapeMonkey,https://mixtapemonkey.com/739/tutankhamun-brothers-kanye-west-the-beatles-whats-a-black-beatle,"YouTube
",https://www.youtube.com/watch?v=u3gAHkG3Iro
454,,,,[untitled],https://untitled.stream/library/project/TK5yT9DLMtlFDfdGvdoEF
455,"Yeezer
(with Weezer)",Google Drive,https://drive.google.com/file/d/1tBtoHOFxAFdTH6AoNI-OPTTr4GbhpFX7,YouTube,https://www.youtube.com/watch?v=-uEAAyM1ip4&t=30s
457,"✨Dope & Dreams
(with Pusha T)",MEGA,https://mega.nz/folder/z7oDQQ7J#75uwz7qnJ5qLg53EjxAp0w,"YouTube
",https://www.youtube.com/watch?v=2fzmFM_bhKM
457,,,,[untitled],https://untitled.stream/library/project/PuicreBLfC8JKyna4V4HX
458,✨Donda TV,MEGA,https://mega.nz/folder/DxEBkAIZ#q_IORdR2z7CxjjoXwb4KEA/folder/bsUwxTLR,[untitled],https://untitled.stream/library/project/I2t3DNxd26V2BHZ7gahAj
458,,MEGA,https://mega.nz/folder/DxEBkAIZ#q_IORdR2z7CxjjoXwb4KEA/folder/S8NWwZiK,,
459,GriseldYe,MEGA,https://mega.nz/folder/LVw03bjD#QRCA43UFn2wGTJK91WYBrA,,
460,✨Polo Ye,,,YouTube,https://www.youtube.com/watch?v=3FMdKH4r0Cc
462,"Skeletons
(with Travis Scott)","MEGA
",https://mega.nz/folder/AQhhzJgY#AFx6vtVb7zj95NsrPGwG0w/folder/MEwmAJqZ,,
462,,MEGA,https://mega.nz/folder/6wgjzTSJ#-iV9UiHrGvcLgGixzzlM9A,,
463,"What Do We Want
(with Future)",MEGA,https://mega.nz/folder/m0JHVCZC#iKElEjFTM7rUDlwp0NCfOA,,