Era,Name,Notes,Length,Date Made,Type,Available Length,Quality,Link(s)
"For a more extensive/in-depth look into Kanye media, check out the Ye Videos and Media Rarities Tracker! ",,,,,,,,
,"The College Dropout
(I'm Good...)","(08/18/2002) (Kanye announces he signed to Roc-A-Fella)
(02/10/2004) (The College Dropout officially releases)",,,"Following his signing to Roc-A-Fella Records, Kanye released his debut studio album, The College Dropout. It features string arrangements, choirs, and his signature soul sampling, frequently branded as ""chipmunk soul"" for its sped-up and high-pitched nature. Contrary to the popular gangster-persona lyrics at the time, his songs mostly revolved around themes of family, materialism, religion, and racism. The inspiration for finally making his music came when he was in a near-fatal car crash.",,,
,Unreleased,,,,,,,
The College Dropout,Get Em High [Music Video],"Confirmed to exist by Consequence on Twitter, who posted a now lost photo of him and Kanye behind the scenes on the set for the video.",,,Music Video,Confirmed,Not Available,https://twitter.com/ItsTheCons/status/830083297619308544
The College Dropout,Jesus Walks [V1-V3] [Music Video],All different versions of the music video we have today.,,,Music Video,Full,High Quality,"https://youtu.be/MYF7H_fpc-gns
https://archive.org/details/jesus-walks-mv-versions"
The College Dropout,Spaceship [Music Video],"A music video for the song was fully shot and made, but never released. It eventually leaked online years later, but never caught mainstream attention until Kanye uploaded it to his official website as part of the WESTDAYEVER campaign to represent his partnership with the clothing company, Gap.",4:58,,Music Video,Full,Low Quality,"https://drive.google.com/file/d/124hvLV1Yku5F8v9BHePu7FTlpq8JGQpm/view?usp=sharing
https://www.youtube.com/watch?v=wGM6N0qXeu4 "
The College Dropout,Two Words [Early Music Video],"It was shown in a MTV Direct Effect news report with Sway that the original music video for ""Two Words"" involved Kanye rapping on a couch in the Dropout Bear suit.",,,Music Video,Snippet,High Quality,"https://pillows.su/f/4de5575496bbd3b346ef22cc03484b23
https://drive.google.com/file/d/1LxRHPAG_iR7fO14SfiNtLWtYtd1fL1gC/view"
,Released,,,,,,,
The College Dropout,All Falls Down [Music Video],"Music video for ""All Falls Down"".",4:06,,Music Video,Full,High Quality,https://www.youtube.com/watch?v=8kyWDhB_QeI
The College Dropout,Jesus Walks [Music Video],"Version 4 of the ""Jesus Walks"" music video.",4:07,,Music Video,Full,High Quality,https://www.youtube.com/watch?v=MYF7H_fpc-g
The College Dropout,The New Workout Plan [Short Music Video],"Short version of the music video for ""The New Workout Plan"".",5:15,,Music Video,Full,High Quality,https://www.youtube.com/watch?v=Ua61XY84gGg
The College Dropout,The New Workout Plan [Long Music Video],"Long version of the music video for ""The New Workout Plan"".",8:07,,Music Video,Full,High Quality,https://www.youtube.com/watch?v=ylT16QB6Uig
The College Dropout,The New Workout Plan [MTV Music Video],"MTV version of the music video for ""The New Workout Plan"". Same length as the short version.",5:15,,Music Video,Full,High Quality,https://www.youtube.com/watch?v=X79oNWQ_tS4
The College Dropout,Through The Wire [Music Video],"Music Video for ""Through The Wire"".",,,Music Video,Full,High Quality,https://www.youtube.com/watch?v=uvb-1wjAtk4
The College Dropout,Two Words [Music Video],"Music Video for ""Two Words"".",,,Music Video,Full,High Quality,https://www.youtube.com/watch?v=tkFOBx6j0l8
,Late Registration,"(02/10/2004) (The College Dropout officially releases)
(08/30/2005) (Late Registration officially releases)",,,"Late Registration continues the social themes introduced in The College Dropout, but now with orchestral production influenced by co-producer Jon Brion. Kanye's newfound success allowed him to expand his ambitions from a single violinist to an entire string orchestra, mixing it with production including chipmunk soul and lullaby-like instrumentals. Lyrically, the album features a mix of more socially charged songs to more personal cuts. Production-wise, inspiration came from artists such as British trip-hop band Portishead and Fiona Apple's second album When The Pawn…",,,
,Unreleased,,,,,,,
Late Registration,"Cam'ron - Down And Out [Music Video]
(feat. Kanye West) (prod. AllDay)","Official music video for ""Down And Out"", Track 7 from Cam'ron's 2004 album Purple Haze.",,,Music Video,Full,High Quality,https://www.youtube.com/watch?v=eOGG4OBxJS0
Late Registration,Drive Slow [Music Video],"Unreleased music video for ""Drive Slow"" featuring a verse from T.I. not seen in the released version.",5:24,,Music Video,Full,High Quality,"https://drive.google.com/file/d/1xf6oC12fxlEfkO_A7EbI0-iuFAmcBs0g/view?usp=sharing
https://www.youtube.com/watch?v=xLZs_HTOp5U"
Late Registration,Heard 'Em Say [Alternate Music Video #1],"Alternate music video, featuring Adam Levine. Behind the scenes footage is available.",4:10,,Music Video,Full,High Quality,https://archive.org/details/heard-em-say-micehl-gondry-version
Late Registration,Heard 'Em Say [Alternate Music Video #2],"Alternate music video. Snippet leaked on Auger96's stream August 7th, 2025.",,,Music Video,Snippet,High Quality,https://drive.google.com/file/d/1Ev5vsuQgGYYIP7bODOZPuCk5HCGXtTGJ/view?usp=sharing
,Released,,,,,,,
Late Registration,Diamonds From Sierra Leone [Music Video],"Music video for ""Diamonds From Sierra Leone"".",,,Music Video,Full,High Quality,https://www.youtube.com/watch?v=92FCRmggNqQ
Late Registration,Gold Digger [Music Video],"Music video for ""Gold Digger"".",,,Music Video,Full,High Quality,https://www.youtube.com/watch?v=6vwNcNOTVzY&list=RD6vwNcNOTVzY&start_radio=1
Late Registration,Heard 'Em Say [Music Video],"Music video for ""Heard 'Em Say"".",,,Music Video,Full,High Quality,https://www.youtube.com/watch?v=elVF7oG0pQs&list=RDelVF7oG0pQs&start_radio=1
Late Registration,Touch The Sky [Music Video],"Music video for ""Touch The Sky"".",,,Music Video,Full,High Quality,https://www.youtube.com/watch?v=YkwQbuAGLj4
,Graduation,"(08/30/2005) (Late Registration officially releases)
(09/11/2007) (Graduation officially releases)",,,"Graduation is the third studio album from Kanye West. Inspiration came from stadium tours, indie rock, and house music. It was a considerable departure from the sound Kanye had used on his first two studio albums, which featured samples and inspirations from the soul and orchestral music Kanye grew up alongside. This album included a much more electronic sound, featuring layering synthesizers. Lyrically, Kanye analyzes himself and talks about his life after becoming famous and how the media criticize him.",,,
,Unreleased,,,,,,,
Graduation,"Can't Tell Me Nothing [Alternate Music Video]
(feat. Zach Galifianakis) ","On July 25, 2007, West premiered an alternate music video for ""Can't Tell Me Nothing"" on his website. This version was directed by Michael Blieden and featured comedian Zach Galifianakis and folk singer-songwriter Will Oldham. West had been introduced to Galifianakis' work through his personal trainer, and eventually asked him to perform in his second video after attending one of Galifianakis' stand-up shows in Los Angeles. The unscripted, low-budget music video was filmed at Galifianakis' farm in North Carolina and features him and Oldham lip-synching to the song. The alternate video was selected by Rolling Stone as the third best music video of 2007 while Pitchfork cited the version as thirtieth best music video of the decade.",5:05,"Jul 19, 2007",Music Video,Full,High Quality,"https://www.youtube.com/watch?v=vJwOg-B-T3w
https://pixeldrain.com/u/cYtGe5uj"
Graduation,Champion [Music Video Version],"Music video for ""Champions"" with a different beat during the bridge.",3:22,,Music Video,Full,CD Quality,"https://streamable.com/popz
https://pillows.su/f/579fb62548ae4fc7b7354a2b6c3a6169"
Graduation,Flashing Lights [Full Uncut Music Video],"Complete version of music video for ""Flashing Lights"".",3:27,,Music Video,Full,Low Quality,https://youtu.be/ynEcdjeFwjs
Graduation,Flashing Lights [Music Video V2],"Second version of music video for ""Flashing Lights"".",4:03,,Music Video,Full,High Quality,https://youtu.be/Vx5jlws8fwM
Graduation,Flashing Lights [Music Video V3],"Third version of music video for ""Flashing Lights"". 1080p version found September 25th, 2023.",3:58,,Music Video,Full,CD Quality,"https://pillows.su/f/e58213639a636340a1b55ff22076ca4b 
https://youtu.be/1PXZicFj6Og"
Graduation,Good Life [Music Video],"Music video for ""Good Life"" with an extended intro.",,,Music Video,Full,High Quality,https://pillows.su/f/82e749ccf984a36f7e1bc822afcdbd03
Graduation,Good Morning [Music Video],"HQ version of the ""Good Morning"" music video. Refound 9/2/24. ",3:06,,Music Video,Full,CD Quality,"https://pillows.su/f/8427c7767e35a024197fbd1630c2a026
https://vimeo.com/380442057"
Graduation,Throw Some D's (Remix) [Music Video],"Music video for the remix for ""Throw Some D's"".",2:50,,Music Video,Full,High Quality,https://www.youtube.com/watch?v=nbgg3_0oUe0
,Released,,,,,,,
Graduation,Can't Tell Me Nothing [Music Video],"Music video for ""Can't Tell Me Nothing"".",,,Music Video,Full,High Quality,
Graduation,Good Morning [Music Video],"Music video for ""Good Morning"" featuring the iconic Graduation Bear.",,,Music Video,Full,High Quality,
Graduation,Good Life [Music Video],"Music video for ""Good Life"".",,,Music Video,Full,High Quality,
Graduation,Flashing Lights [Music Video],"Music video for ""Flashing Lights.""",,,Music Video,Full,High Quality,
Graduation,Homecoming [Music Video],"Music video for ""Homecoming"", shot in Kanye's hometown of Chicago.",,,Music Video,Full,High Quality,
,808s & Heartbreak,"(09/11/2007) (Graduation officially releases)
(11/24/2008) (808s & Heartbreak officially releases)",,,"Following the death of his mother due to complications after cosmetic surgery, his relationship with fiancé Alexis Phifer finally ending for good, and a struggle to adapt to his celebrity status, Kanye felt emotionally drained and lost. Kanye dealt with his pain by channeling it into a sonically stripped-down album, one dominated by his use of the titular Roland TR-808 drum machine and Auto-Tune. This album significantly influenced future hip-hop music, having influenced Drake, Future, Travis Scott, and more.",,,
,Unreleased,,,,,,,
808s & Heartbreak,Paranoid [Demo Music Video #1],"An early version of the music video for ""Paranoid"" leaked the day before the official one was meant to drop. Kanye complained about it on his blog, saying, ""IT HURTS ME TO SEE THE OLD AND VERY WRONG VERSION OF THE PARANOID VIDEO GET LEAKED ALL OVER THE NET WHILE I WAS ON AN 11 HR FLIGHT AND COULDN'T DO ANYTHING ABOUT IT.""  Almost entirely different from the official video, except for the ending scene which becomes the intro in later versions. The video is also in color, whereas the official video is in black-and-white.",3:47,,Music Video,Full,High-Res,https://www.youtube.com/watch?v=Q9WV3JSWFwk
808s & Heartbreak,Paranoid [Demo Music Video #2],"In the blog post mentioned in the previous entry, Kanye says that another version of the music video had ""got leaked from the camera phone"" the week earlier, adding that this version was closer to the one that eventually released. This version is currently lost, and the differences from other versions are unknown.",,,Music Video,Confirmed,Not Available,https://imgur.com/a/P2y7yuM
808s & Heartbreak,Paranoid [Music Video Version],"Music video version, with a different mix and intro before the song.",3:24,,Music Video,Full,CD Quality,https://youtu.be/irBP5FnksKc
808s & Heartbreak,RoboCop [Music Video #1],"Music videos for ""RoboCop"". The video stars Amber Rose and Kanye West in a stop motion type of video. For a while only 1 confirmed snippet of footage existed, one upload of it even being struck by YouTube copyright. Uploaded in full HD to the PunkCity YouTube channel October 14th, 2024.",4:22,,Music Video,Full,CD Quality,https://pillows.su/f/cedb108d159f46e2078f719fe4e35961
808s & Heartbreak,RoboCop [Music Video #2],"OG Filename: robocop-v5_HD
Music videos for ""RoboCop"" without Amber Rose and with a doll lookalike instead in a stop motion type of video. Leaked November 10th, 2024.",4:10,,Music Video,Full,High-Res,"https://pillows.su/f/5890714d435e321c8c577e8ea3d2953c
https://drive.google.com/file/d/1wDM_x0ayywdpXQY4Li0Icjh8rCxoqQhD/view"
808s & Heartbreak,Street Lights [Music Video],"Music video for ""Street Lights"". While it looks very artificial, it was only a first draft simulated concept of what it would look like. It's currently unknown if any later versions of the music video exist.",3:11,,Music Video,Full,High-Res,"https://www.youtube.com/watch?v=5oPBzK_FCQ8
https://drive.google.com/file/d/1IN4dJxYPWe6M8WNf-l50NpgZA2sahbPe/view?usp=sharing"
,Released,,,,,,,
808s & Heartbreak,"Amazing [Music Video]
(dir. Hype Williams)","Official music video for ""Amazing"", directed by Hype Williams.",3:58,,Music Video,Full,High-Res,https://www.youtube.com/watch?v=PH4JPgVD2SM
808s & Heartbreak,Coldest Winter [Music Video Version],Music video version with a slightly different mix and info.,3:53,,Music Video,Full,High-Res,https://vimeo.com/9411122
808s & Heartbreak,Heartless [Music Video],"High-quality rip of the ""Heartless"" music video.",3:42,,Music Video,Full,High-Res,https://pillows.su/f/f7833bbe5b24f2b3c02a317967b45eeb
808s & Heartbreak,Paranoid [Music Video],"High-quality rip of the ""Paranoid"" music video.",3:29,,Music Video,Full,High-Res,https://pillows.su/f/4fc68084a5b1ec9aaae6e6a31946d89d
808s & Heartbreak,Welcome To Heartbreak [Music Video],"High-quality rip of the ""Welcome To Heartbreak"" music video.",,,Music Video,Full,High-Res,https://pillows.su/f/a77ddaedfffa1576c33433899c5a9d83
808s & Heartbreak,"Fonzworth Bentley - Everybody
(feat. André 3000 & Kanye West) (prod. Sa-Ra)","Music video for ""Everybody"" by Fonzworth Bentley. Never seen Kanye dance like this before, he's so choreographed.",4:00,,Music Video,Full,High-Res,https://youtu.be/mVAm0P5tbqI?si=zby9K__Gy-Q6bcz2
,"Good Ass Job
(Winter Spring Summer Fall)","(11/24/2008) (808s & Heartbreak officially releases)
(05/??/2010) (The project shifts into My Beautiful Dark Twisted Fantasy)",,,"As far back as 2003, Kanye had planned a four-album series revolving around going to college, with Good Ass Job concluding the series. The death of his mother derailed this plan, with his fourth album becoming the somber 808s & Heartbreak. People still expected Good Ass Job to release, though, as Kanye's next album as late as early 2010. When the wake of the 2009 VMAs incident happened, it would cause Good Ass Job not to release. The title seems to have changed to MBDTF around May 2010 or atleast not called GAJ anymore. The cover included for this era is the original cover for the single ""POWER.""",,,
,Unreleased,,,,,,,
Good Ass Job,"GLC - The Big Screen [Music Video]
(feat. Kanye West)","Hard to find Music Video for ""The Big Screen"".",4:09,,Music Video,Full,High-Res,"https://pillows.su/f/f25d2af1ab5bddef3076661a6a8af1ce
https://www.youtube.com/watch?v=mRhRZ3fOg6s"
,Released,,,,,,,
Good Ass Job,"88-Keys - Stay Up! (Viagra) [Music Video]
(feat. Kanye West) (prod. 88-Keys)"," Official music video for ""Stay Up! (Viagra)"", track 5 from 88-Keys' 2008 album The Death of Adam.",4:36,,Music Video,Full,High-Res,https://www.youtube.com/watch?v=wAawx1O52dw
Good Ass Job,"JAY-Z - Run This Town [Music Video]
(feat. Rihanna & Kanye West) (prod. Kanye West & No I.D.)","High-quality rip of the ""Run This Town"" music video.",5:08,,Music Video,Full,High-Res,https://pillows.su/f/28fa5daaea7d31f0d9329bdb3e11d5b5
,"My Beautiful Dark Twisted Fantasy
(My Dark Twisted Fantasy)","(05/??/2010) (The project shifts into My Beautiful Dark Twisted Fantasy)
(07/28/2010) (Kanye announces the album title is no longer Good Ass Job)
(11/22/2010) (My Beautiful Dark Twisted Fantasy officially releases)",,,"Conceived during West's self-imposed exile following the 2009 VMA incident and further influenced by his deteriorating relationship with model Amber Rose, My Beautiful Dark Twisted Fantasy is a genre-bending masterpiece that explores the darker sides of celebrity, fame, and love. With grand production that sounds like the natural evolution of all the albums that came before it, this is seen by many as Kanye's best album, even earning an extremely rare 10/10 rating from Pitchfork.",,,
,Unreleased,,,,,,,
My Beautiful Dark Twisted Fantasy,Lost In The World [Original Music Video],"OG Filename: KW_LOST_IN_THE_WORLD_MV_V1
Original version of the music video. Leaked April 18th, 2025.",4:18,"Feb 23, 2015",Music Video,OG File,High-Res,https://pillows.su/f/9a495f4bf0c0e8bdf5cf6f120800678f
My Beautiful Dark Twisted Fantasy,"⭐ Monster [Music Video]
(dir. Jake Nava)","A music video for ""Monster"" was supposed to be released, but MTV refused to air it. After hearing this, and because the video leaked a few days prior, Kanye took it off of YouTube. The text at the beginning is blurry, but is able to be read as, ""The following content is in no way to be interpreted as misogynistic or negative towards any group of people. It is an art piece and shall be taken as such."" This version includes an altered outro from the Bon Iver outro that is missing a single line. The music video depicts Nicki as a vampire, Kanye as Dr. Frankenstein, and has many other references to Thriller movies such as American Psycho, Saw, and Michael Jackson's ""Thriller"".",,,Music Video,Full,High-Res,https://youtu.be/bX7JW-L_jhg?t=30
My Beautiful Dark Twisted Fantasy,"Monster [Behind The Scenes]
(dir. Jake Nava)","Behind the scenes for the ""Monster"" music video. Depicts Rick Ross eating a fetus.",4:50,,Music Video,Full,High-Res,https://pixeldrain.com/u/6G8stZqk
My Beautiful Dark Twisted Fantasy,"Monster [Director's Cut]
(dir. Jake Nava)","Unfinished Director's Cut for the ""Monster"" music video.",5:54,,Music Video,Full,High-Res,https://pixeldrain.com/u/K678AHpU
My Beautiful Dark Twisted Fantasy,POWER [Music Video],"Alternate music video for ""POWER"" (NSFW).",1:30,,Music Video,Full,CD Quality,https://pillows.su/f/001564721d6e260e8e918fd6dadc81a6
My Beautiful Dark Twisted Fantasy,POWER [Alternate Music Video],"In an interivew with Power 105.1, Kanye stated that he had plans to do a 40-minute version of the ""POWER"" music video - same style as the original, just extended. He also said he wanted to put it out on DVD.",,,Music Video,Rumored,Not Available,https://www.dailymotion.com/video/xeftxh
My Beautiful Dark Twisted Fantasy,"Katy Perry - E.T. [Music Video] [Alternate Master]
(feat. Kanye West)","OG Filename: Katy Perry feat. Kanye West - E.T. 1080p MASTER ProRes LPCM2.0
High-quality rip of the ""E.T."" music video. Alternate master.",,,Music Video,Full,High-Res,https://sharemania.us/threads/katy-perry-feat-kanye-west-e-t-1080p-master-prores-lpcm2-0.161229/
My Beautiful Dark Twisted Fantasy,"La Roux - In For The Kill (Remix) [Music Video]
(feat. Kanye West)","Multiple news sources, including MTV and Hypebeast, reported on the filming of a music video to accompany the release of the remix to La Roux's ""In For The Kill"" featuring a verse from Kanye. La Roux was quoted as saying that the music video for Kanye's remix of the song would have, ""a hyped-up Kanye West kind of feeling to it"". Most likely scrapped due to Kanye sexually assaulting a model on set.",,,Music Video,Confirmed,Not Available,"https://web.archive.org/web/20101112212553/http://www.mtv.com/news/articles/1649571/20101007/la_roux.jhtml 
https://web.archive.org/web/20101011002919/http://hypetrak.com/2010/10/kanye-west-assists-la-roux/ "
,Released,,,,,,,
My Beautiful Dark Twisted Fantasy,"Katy Perry - E.T. [Music Video]
(feat. Kanye West)","High-quality rip of the ""E.T."" Music Video.",,,Music Video,Full,High-Res,https://drive.google.com/file/d/1A0oQOQk0WSNyuEgXZcRc9RMB1Oo3kdJP/view
My Beautiful Dark Twisted Fantasy,"Lost In The World [Music Video]
(dir. Kanye West & Ruth Hogben)","Music video for ""Lost In The World"".",,,Music Video,Full,High-Res,https://www.youtube.com/watch?v=ofaRvNOV4SI
,"Watch The Throne
(Collaboration with JAY-Z as The Throne)","(08/27/2010) (Kanye announces a ""joint-EP"" with JAY-Z)
(11/22/2010) (My Beautiful Dark Twisted Fantasy officially releases)
(08/08/2011) (Watch The Throne officially releases)
(08/12/2011) (Watch The Throne (Deluxe) officially releases)",,,"Considered one of the most legendary collab albums of all time, Watch The Throne puts together two of the most legendary figures in music history for a full studio album. Kanye teams up with his big brother, JAY-Z, for an album, focused primarily on luxury, black excellence, and the American dream. The album's production also reflects that, and having been recorded by two future billionaires primarily in New York City's Tribeca Grand Hotel, how could it not?",,,
,Unreleased,,,,,,,
Watch The Throne,"No Church In The Wild [Music Video Master]
(feat. Frank Ocean & The-Dream)","OG Filename: Jay-Z x Kanye West - No Church In The Wild (feat. Frank Ocean & The-Dream) MASTER ProRes 1080p LPCM2.0
Master for the ""No Church In The Wild"" music video. Leaked March 6th, 2023.",,,Music Video,Full,High-Res,https://sharemania.us/threads/jay-z-x-kanye-west-no-church-in-the-wild-feat-frank-ocean-the-dream-master-prores-1080p-lpcm2-0.216418/
Watch The Throne,"Lift Off [Music Video]
(feat. Beyoncé, Don Jazzy, Seal, Mr Hudson, Bankulli & Ricardo Lewis)","According to a journalist who attended a ""private listening session"" at the Mercer, ""Lift Off"" was going to have a music video. It's unknown whether or not this was recorded.",,,Music Video,Confirmed,Not Available,https://hiphopdx.com/news/id.15880/title.details-emerge-on-jay-z-kanye-wests-watch-the-throne
Watch The Throne,"Niggas In Paris
(prod. Kanye West, MIKE DEAN, Anthony Kilhoffer & Hit-Boy)","Lossless music video for ""Ni**as In Paris"".",4:04,,Music Video,Full,Lossless,https://pillows.su/f/7529a09dba8374406b52d779d565a9c5
,Released,,,,,,,
Watch The Throne,Niggas In Paris [Music Video],"Music video for ""Niggas in Paris"".",4:11,,Music Video,Full,High-Res,https://www.youtube.com/watch?v=gG_dA32oH44&list=RDgG_dA32oH44&start_radio=1
Watch The Throne,No Church In The Wild,"Music video for ""No Church In The Wild.""",5:03,,Music Video,Full,High-Res,https://www.youtube.com/watch?v=FJt7gNi3Nr4&list=RDFJt7gNi3Nr4&start_radio=1
Watch The Throne,Otis [Music Video],"Music video for ""Otis"".",3:15,,Music Video,Full,High-Res,https://www.youtube.com/watch?v=BoEKWtgJQAU&list=RDBoEKWtgJQAU&start_radio=1
,"Cruel Summer
(Collaboration with G.O.O.D. Music)","(08/12/2011) (Watch The Throne (Deluxe) officially releases) 
(09/14/2012) (Cruel Summer officially releases)",,,"A compilation of new songs from Kanye's label, G.O.O.D. Music, 2012's Cruel Summer is one of the most collaborative Kanye projects he accomplished. Featuring various collaborations with Pusha T, Big Sean, 2 Chainz, John Legend, and many more, this album spawned many big hits, including ""Mercy"" and the remix of the Chief Keef song ""Don't Like."" This album also marks the first time Kanye would work with Travis Scott, an at-the-time complete unknown with no mixtape to his name.",,,
,Unreleased,,,,,,,
Cruel Summer,"Swizz Beatz - Skyscrapers [Music Video]
(feat. Kanye West & Bono)","Swizz Beatz said an animated music video was being made for ""Skyscrapers"".",,,Other,Confirmed,Not Available,https://www.mtv.com/news/v0ca1u/swizz-beatz-kanye-bono-skyscrapers
,Released,,,,,,,
Cruel Summer,"Mercy [Music Video]
(dir. Nabil Elderkin)","Official music video for ""Mercy"".",5:33,,Music Video,Full,High-Res,https://www.youtube.com/watch?v=7Dqgr0wNyPo
,Thank God For Drugs,"(06/29/2012) (No I.D. says he's working on Kanye's latest solo album)
(05/16/2013) (Kanye changes the album title to Yeezus)",,,"Before Kanye chose the name Yeezus for his sixth solo album, the name was Thank God For Drugs. Recording started in 2012 and accelerated in early 2013, with Kanye and his producers producing material very quickly. The tracklist for the album boasted 20 songs, with around 3.5 hours of rough material created for the album. After changing the album's name to Yeezus, Kanye recruited Rick Rubin to cut down this material and take the music in a minimal direction.",,,
,Unreleased,,,,,,,
Thank God For Drugs,"New Slaves [Music Video]
(feat. Frank Ocean) (prod. Kanye West, Noah Goldstein, MIKE DEAN, Hudson Mohawke, Travis Scott, Che Pope, Sham Joseph, Arca & Teachers)","Music video for ""New Slaves"". Projected onto 66 buildings across the world in May 2013. Contains different vocals in the outro of the song.",4:29,,Music Video,Full,CD Quality,https://pillows.su/f/e4e39f141ff704411c199e742f5006e8
,"Yeezus
(Nigger Cock)","(05/16/2013) (Kanye changes the album title to Yeezus)
(05/20/2013) (Yeezus pre-orders are taken down) (Era starts here)
(06/18/2013) (Yeezus officially releases)",,,"Yeezus marked a complete reverse from the bombastic production that Kanye accomplished on My Beautiful Dark Twisted Fantasy. He swapped lush soul and anthemic hooks for splintering electro, acid house, and industrial force while packaging some of his most lewd and heart-crushing tales. Initially envisioned as Thank God For Drugs, a much larger project, Kanye would play the album for Rick Rubin, he later recalled listening to roughly 3-hours of unfinished material that seemed to need months worth of work - despite the release date being a month away. Kanye enlisted Rubin to refine and complete the project, finishing a majority of the songs just two days before release.",,,
,Unreleased,,,,,,,
Yeezus,Black Skinhead [Demo Music Video],"Unfinished version of the music video that was leaked online, and was forcefully taken down by Kanye himself.",3:31,,Music Video,Full,High-Res,https://pillows.su/f/d78250792a0732d224e94ed8d2545a0c
Yeezus,"Black Skinhead (Remix)
(Rule The World, Everybody Wants To Rule The World)","Music video for the ""Black Skinhead"" remix. Leaked April 24th, 2024.",3:41,,Music Video,Full,High Quality,https://pillows.su/f/9af19dbfdadfc68970efbf38d9d2096e
Yeezus,"Black Skinhead (Remix)
(prod. ???)","Another remix for ""Black Skinhead"" with a music video, posted by library_archv.",,,Music Video,Snippet,High Quality,https://pillows.su/f/ed9c393c6f94fc2ba925ce03c354dde1
,Released,,,,,,,
Yeezus,Black Skinhead [Music Video],"Official music video for ""Black Skinhead"".",3:45,,Music Video,Full,High-Res,https://www.youtube.com/watch?v=q604eed4ad0&list=RDq604eed4ad0&start_radio=1
Yeezus,Bound 2 [Music Video],"Official music video for ""Bound 2"".",4:13,,Music Video,Full,High-Res,https://www.youtube.com/watch?v=BBAtAM7vtgc&list=RDBBAtAM7vtgc&start_radio=1
,"So Help Me God
(Chiraq, Ye-Ye, Wolves)","(07/16/2014) (Kanye begins hosting recording sessions while staying in Mexico)
(06/28/2015) (Kanye performs at Glastonbury)",,,"Announced in February 2015, So Help Me God is now one of Kanye's most infamous unreleased projects. Essentially being a more advanced version of the songs developed during the Yeezus 2 era, So Help Me God gained significant hype as the teaser tracks of ""Wolves,"" ""All Day,"" and ""Only One"" was revealed to the public. Despite intending to release the album in March 2015, Kanye never finished So Help Me God, and only a few songs from the era ended up on The Life Of Pablo.",,,
,Unreleased,,,,,,,
So Help Me God,"⭐ All Day / I Feel Like That [Music Video]
(dir. Steve McQueen)","A music video containing ""All Day"" and unreleased track ""I Feel Like That"". Directed by Steve McQueen and played by Kanye for several fans in Paris. Many recordings of this video were taken and uploaded online until the full video was accidentally uploaded by the production studio. Later was leaked in full 4K on Christmas Eve 2020, but nobody fucking downloaded it. Then it leaked again in 4K as a bonus to a Childish Gambino groupbuy.",9:02,,Music Video,Full,Lossless,"https://pillows.su/f/8469fb6716d486a2f02d1bee373dc6b0
https://mega.nz/file/71MHAQzC#ug_MbtiMmMTkLFwgptoPmQAVIDj2K7N9f140nqnhO8g"
So Help Me God,"FourFiveSeconds [Music Video Master]
(feat. Rihanna & Paul McCartney)
(3)","OG Filename: FourFive_1920x1080_MASTER_150201_H264
Filename for the master of the music video, said to exist by Saya. Nothing else is known.",,,Music Video,Confirmed,Not Available,
,Released,,,,,,,
So Help Me God,"FourFiveSeconds [Music Video]
(feat. Rihanna & Paul McCartney)","Official music video for ""FourFiveSeconds"".",3:12,,Music Video,Full,High-Res,https://www.youtube.com/watch?v=kt0g4dWxEBo
So Help Me God,Only One [Music Video],"Official music video for ""Only One"".",3:02,,Music Video,Full,High-Res,https://www.youtube.com/watch?v=WibQR0tQ0P8
,"The Life Of Pablo
(So Help Me God, SWISH, WAVES, ULTRA, The White Picket Fence)","(12/31/2015) (Kanye drops ""Facts"" and the rollout begins)
(02/14/2016) (The Life Of Pablo officially releases)
(06/14/2016) (The Life Of Pablo receives its last update)",,,"The Life Of Pablo is Kanye's 7th studio album, with constant name changes before release. Sporadic and scatter-shot, the album is one of a kind. The title refers to three people: artist Pablo Picasso, drug dealer Pablo Escobar, and Paul the Apostle, whose name is Pablo in Spanish. The album was initially released only on TIDAL, but later made its way to other streaming services with some updates. Kanye finally finished it by adding the track ""Saint Pablo.""",,,
,Unreleased,,,,,,,
The Life Of Pablo,Highlights [Music Video],Reported that it was filmed in Iceland. No snippet.,,,Music Video,Rumored,Not Available,https://www.hotnewhiphop.com/Kanye-west-reportedly-filmed-highlights-video-in-iceland-news.22772.html
The Life Of Pablo,Pt. 2 [Music Video],"Footage of a music video for ""Pt. 2"" being made during the same shoot as the ""Panda"" music video was posted by Luka Sabbat on Vine. Apparently it was uploaded on Vimeo, but the link is now dead.",,,Music Video,Snippet,Recording,https://pixeldrain.com/u/vrqPxWBf
The Life Of Pablo,Waves [Music Video],"A music video for ""Waves"" was supposedly being filmed in Scotland.",,,Music Video,Rumored,Not Available,https://www.heraldscotland.com/news/14422207.Kanye-west-in-scotland-shooting-scenes-for-new-music-video/
The Life Of Pablo,"Wolves [Alternate Music Video]
(dir. Steven Klein)","Alternate/directors cut of the ""Wolves"" music video.",,,Music Video,Full,High-Res,https://pillows.su/f/ef6c0c584454cf78606dfd7f27c8ea94
,Released,,,,,,,
The Life Of Pablo,"Fade [Music Video]
(dir. Eli Linnetz)","Official music video for ""Fade"". Features choreography from Teyana Taylor.",3:44,,Music Video,Full,High-Res,https://www.youtube.com/watch?v=IxGvm6btP1A
The Life Of Pablo,"Famous / Father Stretch My Hands, Pt. 1 [Music Video]
(dir. Kanye West & Eli Linnetz)","The infamous music video for ""Famous"". Features wax figures of celebrities laying in a giant bed together, including Donald Trump, Rihanna, Chris Brown, Taylor Swift, Bill Cosby, Anna Wintour, George Bush, Ray-J, Caitlyn Jenner, and Amber Rose. Also includes a short music video for ""Father Stretch My Hands, Pt. 1"" at the end. [NSFW]",10:36,,Music Video,Full,High-Res,https://www.youtube.com/watch?v=p7FCgw_GlWc&list=RDp7FCgw_GlWc&start_radio=1&pp=ygUMZmFtb3VzIGthbnlloAcB
The Life Of Pablo,"Wolves [Music Video]
(dir. Steven Klein)","Official music video for ""Wolves"".",7:00,,Music Video,Full,High-Res,https://youtu.be/LsA84bXrBZw
,ye,"(05/15/2018) (Kanye restarts the project)
(06/01/2018) (ye officially releases)
(11/07/2018) (ye receives its last update)",,,"ye discusses topics in Kanye's life, including mental health, family, and addiction. He also explicitly announced his diagnosis of bipolar disorder through the album's artwork and a proclamation within the album. The seven-song project, created in Jackson Hole, Wyoming, was released alongside five other projects. Kanye revealed in an interview that after his infamous TMZ interview (in which he stated that slavery was a choice), he completely re-did his album with an entirely new theme.",,,
,Unreleased,,,,,,,
ye,"Ant Clemons - Pooty Tang [Music Video]
(All Mine, Medulla Oblongota)","Music video for the Ant Clemons song that later became ""All Mine"". Only Ant Clemons is featured in the video. ",,,Music Video,Snippet,High Quality,https://www.instagram.com/p/BoZnTpsnmrF/?igshid=rl7p38mkrldf
,Released,,,,,,,
,Yandhi [V1],"(06/01/2018) (ye officially releases)
(11/13/2018) (Kanye delays Yandhi again after performing at Camp Flog Gnaw)",,,"Upon hearing the beat to ""Hurricane"" during sessions for Good Ass Job (2018), Kanye became inspired to create a whole new album titled Yandhi. With the album's concept in his mind, Kanye and his producers began frenzied work as they developed multiple new songs throughout September 2018, aiming for a September 29 release date. As they did not meet this deadline, Kanye went to Uganda to conduct further work on the album, but delayed it indefinitely on November 13.",,,
,Unreleased,,,,,,,
Yandhi [V1],⭐ New Body [Music Video],"OG Filename: KW_NM_NewBody_1028
Video for the Yandhi version of ""New Body"". Features Kanye and Ty Dolla $ign dressed up in fursuits. Was apparently shot with black light paint under black lights, had a rollercoaster which Nicki Minaj rode, someone being sick, wolf masks and a prison cell. Many photos of the set have leaked over the years from behind the scenes pictures. Only actual snippet of the video came on WESTDAYEVER in 2020. Leaked in full in October 2023.",3:43,"Nov 19, 2019",Music Video,OG File,High-Res,https://pixeldrain.com/u/ZK57s8qN
Yandhi [V1],We Got Love [Music Video],"Video for the Yandhi version of ""We Got Love"". Recorded in the TMZ parking lot after SNL.",,,Music Video,Partial,Recording,https://www.youtube.com/watch?v=yNIugeNhMF0
Yandhi [V1],"6ix9ine - MAMA [Music Video]
(feat. Nicki Minaj & Kanye West)","Nicki, Kanye, and 6ix9ine were supposed to film a music video for the track in Beverly Hills, but it was never finished due to a shooting on set, in December 2018. When 6ix9ine tried to record it again, he was arrested on racketeering charges.",,,Music Video,Never  Recorded,Not Available,https://www.independent.co.uk/arts-entertainment/music/news/kanye-west-shots-fired-nicki-minaj-music-video-6ix9ine-a8628656.html
,Released,,,,,,,
Yandhi [V1],"I Love It [Music Video]
(feat. Lil Pump)","OG Filename: Kanye West & Lil Pump _ I Love It (feat. Adele Givens) HD PAL
OG file for the ""I Love It"" music video. Found in a mass leak of Warner Records material.",2:04,"Sep 7, 2018",Music Video,OG File,High-Res,https://archive.org/details/kanye-west-lil-pump-i-love-it-feat.-adele-givens-hd-pal
,"JESUS IS KING
(Christ Jesus)","(04/21/2019) (Kanye performs at Coachella with Sunday Service Choir)
(10/25/2019) (JESUS IS KING officially releases)
(10/31/2019) (JESUS IS KING receives its last update)",,,"Following a revelation on Easter 2019 at Coachella, Kanye scrapped Yandhi and reworked it to focus on God and Christianity. This album ended up being JESUS IS KING. After a private listening party in Detroit, Kim Kardashian announced that the album would release on Sunday, September 29, following listening parties in Chicago and New York. It didn't, and there were no updates for almost a month. On October 20, 2019, Kanye suddenly reappeared on Twitter to announce the final release date.",,,
,Unreleased,,,,,,,
JESUS IS KING,Hands On [Music Video],"Planned music video for ""Hands On"", had visuals of a ""family, a mom and three kids with their hands on the dad"". Was mentioned in one of the ""Hands On"" freestyles. Unknown if this was ever actually recorded.",,,Music Video,Rumored,Not Available,
JESUS IS KING,"Water [Music Video]
(feat. Ant Clemons)","OG Filename: NEW WATER Sequence 1
Solo Ant Clemons. OG file leaked January 30th, 2024.",1:51,"Apr 23, 2019",Music Video,OG File,High-Res,https://pillows.su/f/39e140f2845ae3439d9315b0f3137496
,Released,,,,,,,
JESUS IS KING,"Closed On Sunday [Music Video]
(dir. Jake Schreier)","Official music video for ""Closed On Sunday"".",2:35,,Music Video,Full,High-Res,https://www.youtube.com/watch?v=MKM90u7pf3U
JESUS IS KING,"Follow God [Music Video]
(dir. Jake Schreier)","Official music video for ""Follow God"". Features Ye's dad Ray West.",2:27,,Music Video,Full,High-Res,https://www.youtube.com/watch?v=ivCY3Ec4iaU
,"God's Country
(JESUS IS LORD, JESUS IS LORD: END OF NIGHT, No Country For Old Men, Our Beautiful Amazing Reality, Our Beautiful Light Clear Reality, Palm Springs, The Light)","(10/25/2019) (JESUS IS KING officially releases)
(07/18/2020) (Kanye announces his new album titled DONDA)",,,"Shortly after the release of JESUS IS KING, Kanye (almost immediately) started working on new material. Songs from this era revolve around his faith while also consisting of dark themes (such as prison) and lyrics about current social issues. Initially announced as God's Country on May 20th, 2020 by Arthur Jafa, tracks from this album would go on to be developed further in the DONDA [V1] era, following Kanye getting new inspiration to make an album dedicated to his mother.",,,
,Unreleased,,,,,,,
God's Country,"Wash Us In The Blood [Early Music Video]
(dir. Arthur Jafa)",Snippet of a early version of the music video from April posted by waterfalls. More snippets later shared by flab.,,,Music Video,Snippet,High-Res,"https://pillows.su/f/56b41709f563f9f9aa966000f572e9fb
https://pillows.su/f/07ac8deabe881e2a9265adc1eda4a361
https://archive.org/details/kw-p-1001437-c-performance/KW_P1001437_C+performance.mpeg "
God's Country,"Wash Us In The Blood [Music Video V1]
(dir. Arthur Jafa)",Snippet posted to Virgil's Instagram account. Later replaced with the released song and music video.,,"Jun 1, 2020",Music Video,Snippet,High-Res,https://www.instagram.com/p/CCGGPF8oJ4T/
God's Country,???,Video recorded in GTA 5 that was supposed to reflect what a Music Video was supposed to look like. It is unknown what Music Video this was for as the only audio was the ambience sounds in the game. Found by kick back on YUZOCORD.,,"Sep 15, 2025",Other,Full,Low-Res,https://mega.nz/file/jY0HyJxb#bt0smVTPPAdbcqjQhnPGm6tnHu9WH4uW3MkbteGXyEw
,Released,,,,,,,
God's Country,"Wash Us In The Blood [Music Video]
(dir. Arthur Jafa)","OG Filename: WUITB_0630
Official music video for ""Wash Us In The Blood""",3:42,"Jun 30, 2020",Music Video,Full,High-Res,https://www.youtube.com/watch?v=h0U2QUGKbSE
,"DONDA [V1]
(DONDA: WITH CHILD, DND WTH CHLD, DND, God's Country, The First Born Donda)","(07/18/2020) (Kanye announces his new album titled DONDA) 
(03/07/2021) (CyHi confirms that Kanye has resumed work on the album)",,,"With new inspiration to work on an album dedicated to his mother, Kanye continued working on previous demos and new ideas. The music of this era reflects Donda's impact on Kanye in a colorful sound while reflecting his mania and the stress he was going through focusing on his businesses while also running for President. With multiple failed release dates for the album, Kanye went into silence in early 2021, finishing up tracks until the album morphed into something very different.",,,
,Unreleased,,,,,,,
DONDA [V1],"24 [Music Video]
(feat. KayCyy & Sunday Service Choir)","OG Filename: KW_FALLING_014_Shots_v044
Music video for the July 2020 version of ""24"", filmed in March 2021. Leaked April 19th, 2022 after a successful groupbuy.",3:43,Mar 2021,Music Video,OG File,High-Res,https://pillows.su/f/40c6661a7ee9d9e715ee315f0001b700
DONDA [V1],Alien [Music Video],"Music video for the July version of ""Alien"" was confirmed to exist by Waterfalls. Mercedes Maxwell can be seen in the video. Most likely part of the DONDA visual album.",,,Music Video,Confirmed,Not Available,
DONDA [V1],"Donda [Music Video]
(Blood Of The Lamb, DND)",Posted to Kanye's Twitter account and website. The length of the video is 2:20 due to Twitter's then-limitations of the length of long videos being posted on their platform. The video was eventually removed from both.,,"Jul 12, 2020",Music Video,Partial,Low-Res,"https://archive.org/details/DondaSnippet
https://web.archive.org/web/20200713023955/https://twitter.com/kanyewest/status/1282496242736668672"
DONDA [V1],"Hurricanes [Music Video]
(feat. Lil Baby)","Kanye went to New York to film a music video for ""Hurricanes"". The song features Lil Baby, although he doesn't appear to have been in New York when it was filmed. Later would be confirmed to exist by trusted sources, including KayCyy. Description from documents posted by Waterfalls:
""JOIN HANDS, COME TOGETHER AND BOW DOWN IN PRAYER. LET US GIVE THANKS FOR THIS MOST BLESSED DAY. AS KANYE WEST AND LIL BABY'S ""HURRICANES"" MUSIC VIDEO DELIVERS PEACE VERSUS WAR, SOLIDARITY AND UNITY IN A WORLD FILLED WITH SELF-HATE.""",,,Music Video,Confirmed,Not Available,
DONDA [V1],"⭐ Life Of The Party [Music Video]
(dir. Hype Williams)","OG Filename: LOTP Rough Edit Sequence 1 (low res)
Music video for ""Life Of The Party"" from July 2020. Was ""partially edited"" by Emilie of PhotosOfKanye.",3:04,"Dec 7, 2020",Music Video,OG File,High-Res,https://pillows.su/f/2be845358fe76389e9e45ba83418da29
DONDA [V1],"Smack DVD [Music Video]
(feat. SAINt JHN)","Description found for a ""Smack DVD"" music video. Possibly from the Hype Williams visual album. 
""FULL IMMERSION INTO THE 90'S
SNT JOHN AND KANYE WEST TAKE US ON A FAST PACED WILD RIDE INTRODUCING THE WORLD TO ""SMACK DVD"", A FANTASTICAL JOURNEY INTO THE MIND AND SOUL OF TWO MUSICAL AND LYRICAL GENIUSES AT WORK,
REMINISCENT OF THE SPECTACULARLY BOLD AND STYLIZED MUSIC VIDEOS FROM THE LATE NINETIES (*BUSTA RHYMES, MISSY ELLIOT), KANYE DELIVERS HIS MOST VISUAL AND VISCERAL ON CAMERA MUSIC VIDEO PERFORMANCE TO DATE.""",,,Music Video,Confirmed,Not Available,
,Released,,,,,,,
,Donda [V3],"(07/09/2021) (Malik Yusef posts about a change in sound direction for the album)
(08/29/2021) (Donda officially releases)
(11/15/2021) (Donda (Deluxe) officially releases)",,,"Almost a year after the initial announcement of Donda, a Beats by Dre ad revealed that a listening party would take place at the Mercedes-Benz Stadium in Atlanta. It happened, but the album didn't drop. Kanye moved into the stadium and lived there until the second listening event two weeks later. Once again, the album did not release. Ye later announced a third listening party at Soldier Field in Chicago, with the album coming the next day. It didn't. The album ended up releasing on August 29th, 2021 at 8AM EST, almost two days after the final listening party.",,,
,Unreleased,,,,,,,
Donda [V3],"This Is The Glory [Music Video]
(South Carolina, Donda's Glory)","Music video recorded in July 2021. The casting call for a Donda look-a-like was for this, according to a trusted source.",,Jul 2021,Music Video,Rumored,Not Available,
Donda [V3],"Off The Grid [Music Video]
(feat. Playboi Carti & Fivio Foreign)","It's been stated multiple times that an ""Off The Grid"" music video was in the works, and that filming had started. This has been confirmed by Fivio Foreign in interviews. It's unknown why this music video never saw the light of day.",,,Music Video,Confirmed,Not Available,https://youtu.be/Y7fQUQlAXZU?t=1172
,Released,,,,,,,
Donda [V3],"No Child Left Behind / 24 [Music Video]
(dir. Nick Knight)","Official music video for ""24"". Reuses clips from the unreleased Donda [V1] music video. Includes a short music video for ""No Child Left Behind"" at the beginning.",,,Music Video,Full,High-Res,https://www.youtube.com/watch?v=Np2IqqJ5otg
Donda [V3],"Come To Life [Music Video]
(dir. Kanye West & Nico Ballesteros)","Official music video for ""Come To Life"". Uses clips from the Chicago Donda listening party.",,,Music Video,Full,High-Res,https://www.youtube.com/watch?v=7SsrVGHJvaA
Donda [V3],"Heaven and Hell [Music Video]
(dir. Arnaud Bresson)","High-quality rip of the ""Heaven and Hell"" music video.",,"Jan 6, 2022",Music Video,Full,High-Res,https://pillows.su/f/ea79cdc484d42a3ea3f8f94ff3affa98
Donda [V3],"Hurricane [Music Video]
(dir. Arnaud Bresson)","High-quality rip of the ""Hurricane"" music video.",,"Jan 26, 2022",Music Video,Full,High-Res,https://pillows.su/f/95585d67f7048566d44c4b630af8ceea
Donda [V3],Life Of The Party [Music Video],"Official music video for ""Life Of The Party"". Is just a slideshow of old photos of Ye made to look like they're singing the song.",,,Music Video,Full,High-Res,https://www.youtube.com/watch?v=401hZy6Hipw
,"Donda 2
(For The Children, Donda 2: 4 Da Kidz)","(11/15/2021) (Ye releases Donda (Deluxe))
(10/03/2022) (Ye wears the White Lives Matter shirt)",,,"Donda 2 was announced by Ye via Instagram, being executive produced by Future. Ye then proceeded to get into many significant controversies. He hosted a listening party for it in Miami, in which many of the tracks were unfinished. It was released on the Stem Player a few days later, but it was still incomplete. Months later, Ye got into even more controversies, making him get dropped by Adidas, buy the social media Parler, and lose his billionaire status following his proclaiming ""White Lives Matter"" at Yeezy Season 9.",,,
,Unreleased,,,,,,,
Donda 2,"??? [Music Video]
(with Future)","Music video recorded for the Future collab project, said to exist by Alek. Said to not be ""KEEP IT BURNIN"".",,,Music Video,Rumored,Not Available,
Donda 2,"530 [Music Video]
(5:30, Dear Summer, The Cars Missing)","It was said by waterfalls that an animated music video was in the making for ""530"" as of June 2022.",,Jun 2022,Music Video,Rumored,Not Available,
Donda 2,"City of Gods [Music Video]
(dir. Aus Taylor)
(NYC, Empire State Of Mind Pt. 2, Go Easy)","Alternate Version/Director's cut of the ""City of Gods"" music video.",,,Music Video,Full,High-Res,https://pillows.su/f/59ed8f29b0340df346272cd140c4c707
Donda 2,"Eazy [Music Video]
(feat. The Game)","Director's cut for the ""Eazy"" music video that leaked May 20th, 2024. Entirely claymation and includes lots of extra scenes cut from the released version, such as live action part where Ye holds the Pete Davidson head being replaced by him and Game watching the Donda 2 LP etc.",4:02,,Music Video,Full,High-Res,https://pillows.su/f/70f020e6cf43b0b7cfec56f05212be4c
Donda 2,"Eazy [Alt Music Video]
(feat. The Game)","Alternate version of the ""Eazy"" music video that leaked November 11th, 2024. Has a different aspect ratio and different shots compared to both the released music video and the director's cut.",3:54,,Music Video,Full,High-Res,Link Needed
Donda 2,Life Of The Party [Music Video Master],"OG Filename: Kanye West - Life Of The Party MASTER ProRes 1080p LPCM2.0
Master for the ""Life Of The Party"" music video. Leaked January 23rd, 2023.",,,Music Video,Full,High-Res,https://sharemania.us/threads/kanye-west-life-of-the-party-master-prores-1080p-lpcm2-0.2135
Donda 2,"Cardi B - Hot Shit [Music Video]
(feat. Kanye West)","In January 2022, Page Six claimed Ye and Cardi B were going to film a music video at the Balenciaga store in Miami's Design District. This is clearly different to the released music video, which was animated. Unknown if Lil Durk was involved at the time.",,Jan 2022,Music Video,Rumored,Not Available,https://pagesix.com/2022/01/07/kanye-west-and-cardi-b-to-shoot-a-music-video-at-balenciaga/
Donda 2,"Future - KEEP IT BURNIN [Music Video]
(feat. Kanye West)","Unused footage from the ""KEEP IT BURNIN"" music video. Previewed on ATL Jacob's TikTok.",,,Music Video,Snippet,Low Quality,Link Needed
Donda 2,Pusha T - Diet Coke [Music Video],"Original colour version of the ""Diet Coke"" music video. Previewed on @onda's Instagram in February 2023.",,,Music Video,Snippet,High Quality,"https://mega.nz/folder/CIlTVKAD#i2umxZDL49vSwubH-N4Chw
Link Needed"
Donda 2,Pusha T - Diet Coke [Behind The Scenes Photos],"Behind the scenes photos of the shoot for the ""Diet Coke"" music video, shared by @onda (the video's director) on Instagram.",,,Other,Full,High-Res,https://www.instagram.com/p/CZuZM9PJL9f/?utm_source=ig_web_copy_link&igsh=MWlpdWo3Zmg3N2M3Yw%3D%3D&img_index=2
Donda 2,"Pusha T - Rock N Roll [Music Video]
(feat. Kid Cudi & Kanye West)","It has been stated by Pusha T in an interview that a music video was supposed to be shot for ""Rock N Roll"", but Kid Cudi refused to feature in it due to Kanye's involvement in the song, and likely involvement in the video.",,,Other,Never  Recorded,Not Available,
Donda 2,"The Game - Fortunate [Music Video]
(feat. Kanye West, Dreezy & CHILLER)","In September 2022, Ye said he wanted to do a music video for ""Fortunate"". Unknown if it was actually recorded.",,Sep 2022,Music Video,Rumored,Not Available,
,Released,,,,,,,
Donda 2,"The Game - Eazy [Music Video]
(feat. Kanye West)","Official music video for ""Eazy"". Was very controversial at the time as it depicts Ye killing Pete Davidson.",,"Mar 3, 2022",Music Video,Full,High-Res,https://www.youtube.com/watch?v=qy7sci2az88
Donda 2,"The Game - Eazy [Animated Music Video]
(feat. Kanye West)","Animated music video for ""Eazy"". Has very weird 3D animation, including the skinned monkey from the cover beating Pete Davidson and Ye turning into a table.",,"Mar 9, 2022",Music Video,Full,High-Res,https://www.youtube.com/watch?v=AdGxctcFLOU
,"YEBU
(Ye 3)","(10/03/2022) (Ye wears the White Lives Matter shirt)
(11/??/2023) (YEBU is shelved in favor of Vultures)",,,"Days before Ye was set to hold YZY Season 9, he suddenly changed plans for the event and wore a ""White Lives Matter"" shirt. After that, Ye tweeted about going ""death con 3"" on Jewish people. Following an interview with Alex Jones in which he proclaimed himself a Nazi and claimed he ""liked Hitler,"" many fans and artists gave up supporting Ye and his antics. Following this and an ""apology"" posted on Instagram, Ye went silent for months and began working on new material in Italy with his frequent collaborators. Reportedly being made at the same time as VULTURES. The cover for this era is from the ""Someday We'll All Be Free"" single.",,,
,Unreleased,,,,,,,
YEBU,"Hoodrat [Visualizer]
(dir. Dondasplace)","Visualizer made by Dondasplace for ""Hoodrat"". Made alongside the visualizer for ""Love Love Love"".",,,Music Video,Confirmed,Not Available,
YEBU,"Love Love Love [Visualizer]
(dir. Dondasplace)","Visualizer made by Dondasplace for ""Love Love Love"". Made alongside a visualizer for ""Hoodrat"".",4:02,,Music Video,Full,High-Res,https://pixeldrain.com/u/mSTgid7n
YEBU,"Off The Grid [Music Video]
(dir. Walker Andrew & North West)","North West was seen recording a music video for ""Off The Grid"" at Ye's June 2023 birthday event. Insider HeavenorHell stated that this was directed by Walker Andrew & North, and that ""footage might release soon"". Was likely scrapped as Carti and Ye supposedly had beef in early 2023.",,,Music Video,Snippet,Recording,https://pillows.su/f/cef2e8941bf49eceb441526bfe86ed3f
YEBU,"This One Here [Visualizer]
(dir. ???)","According to Insurge, a visualizer for ""This One Here"" was meant to be shown during an episode of ""LAST WEEK"". Anything else is unknown.",,,,Rumored,Not Available,
,Released,,,,,,,
,"VULTURES 1
(Collaboration with Ty Dolla $ign as ¥$)
(Vultures)","(10/28/2023) (The name of the project is changed from BBPB to VULTURES 1)
(02/10/2024) (VULTURES 1 officially releases)",,,"After the album's name change from Bad Bitch Playbook Vol. 1 to VULTURES 1, four listening parties were scheduled between December 12th, 2023, and February 9h, 2024. In 2024, Ye announced that VULTURES would be a trilogy, with the first installment dropping on February 9th, followed by the second and third albums in March and April. VULTURES 1 would end up being released on February 10tth, the day after the final listening party.",,,
,Unreleased,,,,,,,
VULTURES 1,CARNIVAL [Early Music Video 1],"Earlier idea for the CGI ""CARNIVAL"" music video. Said to have ""actually cool shots"" instead of the looped running animation.",,,Music Video,Confirmed,Not Available,
VULTURES 1,CARNIVAL [Early Music Video 2],"Scrapped CGI version of the ""CARNIVAL"" music video, later reworked into the music video for ""FRIED"". Set during daytime instead of night.",,,Music Video,Snippet,Recording,https://pixeldrain.com/u/tCH48grP
VULTURES 1,"CARNIVAL [Music Video Edits]
(dir. Jon Rafman)","OG Filename: socialmedia_cuts updated
OG files for the ""CARNIVAL"" music video in cropped formats for social media posts. Includes another version in the files. Leaked May 26th, 2024, as part of the ""Can U Be"" groupbuy.",Varied,"Mar 13, 2024",Music Video,OG File,CD Quality,https://pillows.su/f/fd6b12f308a954fca0f6a6d0ff86851b
VULTURES 1,"DO IT [Music Video]
(dir. Kanye West & Aus Taylor)","Initial cut of the ""DO IT"" music video before it was reused for ""SLIDE"".",,,Music Video,Confirmed,Not Available,
VULTURES 1,FUK SUMN [Music Video],"Several videos of Ye & Ty Dolla $ign recording the ""FUK SUMN"" music video have been posted online. Confirmed to be scrapped after Travis was added to the song. ",,,Music Video,Snippet,Recording,Link Needed
,Released,,,,,,,
VULTURES 1,"TALKING / ONCE AGAIN [Music Video]
(dir. Damiano D'Innocenzo & Fabio D'Innocenzo)","First official music video for ""TALKING"".",,,Music Video,Full,High-Res,https://www.youtube.com/watch?v=Tqlw87XV4kU
VULTURES 1,"TALKING [Music Video]
(dir. North West)","Second official music video for ""TALKING"", directed by North West herself.",,,Music Video,Full,High-Res,https://www.youtube.com/watch?v=owO44MQkgX0
VULTURES 1,"Vultures (Juice Version) [Music Video]
(dir. Kanye West, Aus Taylor & Onda)","Official music video for ""VULTURES"".",,,Music Video,Full,High-Res,https://www.youtube.com/watch?v=kCMz7HW6O-g
VULTURES 1,"Vultures (Havoc Version) [Music Video]
(dir. Jon Rafman)","OG Filename: vultures
Official music video for ""VULTURES - Havoc Version"". Is entirely AI-generated.",,,Music Video,Full,High-Res,https://www.youtube.com/watch?v=GQEcxrY0CWA
,"VULTURES 2
(Collaboration with Ty Dolla $ign as ¥$)
(Vultures Vol. 2)","(02/10/2024) (VULTURES 1 officially releases)
(08/03/2024) (VULTURES 2 officially releases)
(11/10/2024) (VULTURES 2 receives its last update)",,,"VULTURES 2 was announced alongside 2 other volumes of VULTURES, and was meant to release on March 8th, 2024, and then May 3rd, 2024. This album would've became the first release exclusive to the YZYAPP. The cover shows Ty Dolla $ign holding a portrait of his brother Big TC, who is currently in prison. After the album failed to drop on May 3rd, 2024, the direction of the project completely shifted, and was to be censored. The album failed to drop August 2nd and then dropped August 3rd with questionable mixing/songs.",,,
,Unreleased,,,,,,,
VULTURES 2,"BOMB [Original Music Video]
(dir. Jon Rafman)",Partial clip of the original music video posted to Yuno Miles' YouTube channel. Also fully AI.,,,Music Video,Partial,High-Res,https://www.youtube.com/watch?v=BlANM99iWpw
,Released,,,,,,,
VULTURES 2,"530 [Music Video]
(dir. Jon Rafman)","Fully AI-generated music video for ""530"". Features humanoid dolls undergoing plastic surgery with a vaguely rubberhose aesthetic.",4:18,"Jan 9, 2025",Music Video,Full,Low-Res,https://pixeldrain.com/u/AgXr8u3b
VULTURES 2,"BOMB [Music Video]
(dir. Jon Rafman)","Fully AI-generated music video for ""BOMB"". Features Tesla cyber trucks, AI North West, AI Chicago West, and AI Yuno Miles.",2:31,"Nov 27, 2024",Music Video,Full,High-Res,https://www.youtube.com/watch?v=qeWutl38TQw
VULTURES 2,"FRIED [Music Video]
(dir. Kanye West & Aus Taylor)","Music video for ""FRIED"". Features 3D models of The Hooligans running done by Carlos Rico.",2:36,"Aug 7, 2024",Music Video,Full,High-Res,https://www.youtube.com/watch?v=C8v7e4MUreA
VULTURES 2,"SLIDE [Music Video]
(dir. Kanye West & Aus Taylor)","Music video for ""SLIDE"". Features various people and some vultures flying around. Was originally made for ""DO IT"".",3:28,"Aug 13, 2024",Music Video,Full,High-Res,https://www.youtube.com/watch?v=IAh3r5egwzA
,BULLY [V1],"(11/??/2023) (YEBU is shelved in favor of Vultures)
(03/18/2025) (Ye leaks the BULLY visual albums and says he will record over the AI)",,,"On September 3rd, 2024, the CEO of Channel Candy, Ye's new touring company, confirmed that work on a new solo Ye album had began after the South Korea Vultures listening experience. On September 28th, 2024, on the second Haikou listening event, Ye confirmed that the album name is Bully, which references the movie with the same name that he posted on his Instagram story a few days prior to the event. On January 2nd, 2025, Ye announced the album would have AI on it after months of speculation, and that it could help AI become used more in music. After the release of Bully V1, Ye confirms his intention to re-record the AI on Bully, and stated it was being mixed.",,,
,Released,,,,,,,
BULLY [V1],"BEAUTY AND THE BEAST [Music Video V1]
(dir. Aus Taylor)","Music video for the October 2024 version of ""BEAUTY AND THE BEAST"". Taken from the Haikou LP. Was posted to Apple Music and later removed.",1:47,"Oct 18, 2024",Music Video,Full,High-Res,https://www.youtube.com/watch?v=uTCJFIih1Lo
,"CUCK
(WW3, CUKKK)","(03/06/2025) (Ye announces that the album has a new ""antisemitic sound"")
(05/18/2025) (CUCK leaks in full)
(05/21/2025) (""HIT SYMPHONY"" is released on DSPs)",,,"On March 6th, 2025, Ye tweeted, ""this next album got that antisemitic sound"" and ""my new sound called antisemitic"". This would mark a shift in Ye's soundscape, as his antisemitic ideas had been mostly contained to his Twitter at that time, besides a few one-off remarks about Jews on the VULTURES albums. On March 16th, 2025, Ye would tweet an image of a red swastika against a black background, declaring it as a ""NEW ALBUM COVER"". On April 2nd. 2025, DJ Akademiks would post a series of Tweets that eventually led to the announcement of a new album titled WW3, separating this project from BULLY.  ",,,
,Unreleased,,,,,,,
CUCK,"BIANCA [Music Video]
(dir. Sneako)","Previewed on stream May 4th, 2025, as a screen recording of the actual video. Uses the Jersey club version of ""BIANCA"". Made out of clips from the 1923 film adaption of The Hunchback of Notre Dame.",~2:10,,Music Video,Full,Recording,https://pixeldrain.com/u/rdGjqszu
CUCK,"HEIL HITLER [Early Music Video 1]
(dir. Vanessa Beecroft)","OG Filename: HH_MUSIC_VIDEO_UPDATED_1
First updated version of the music video. Filename seen on Sneako's laptop while the finished video was being premiered.",,,Music Video,Confirmed,Not Available,
CUCK,"HEIL HITLER [Early Music Video 2]
(dir. Vanessa Beecroft)","OG Filename: HH_MUSIC_VIDEO_UPDATE_2
Second updated version of the music video, noticeably 40MB bigger than the previous. Filename seen on Sneako's laptop while the finished video was being premiered.",,,Music Video,Confirmed,Not Available,
CUCK,"HEIL HITLER [Early Music Video 3]
(dir. Vanessa Beecroft)","OG Filename: HH_MUSIC_VIDEO_NEW
Filename seen on Sneako's laptop while the finished video was being premiered.",,,Music Video,Confirmed,Not Available,
,Released,,,,,,,
CUCK,COUSINS [Music Video 1],Posted to Twitter alongside the song. Likely cut off.,2:17,"Apr 21, 2025",Music Video,Partial,Low-Res,https://pillows.su/f/cd42191e380b6c284a21ceee1c2b8483
CUCK,COUSINS [Music Video 2],Higher quality version uploaded to Apple Music and Tidal. Uses the final mix of the song and has censored visuals.,2:31,"Apr 24, 2025",Music Video,Full,High-Res,https://pixeldrain.com/u/6Qhw8ddD
CUCK,"HEIL HITLER [Music Video]
(dir. Vanessa Beecroft)","OG Filename: Ye Newest Edit
Posted to Twitter alongside the song. Has the Hooligans choir lined up and singing along to the lyrics.",2:41,"May 7, 2025",Music Video,OG File,High-Res,https://pixeldrain.com/u/xi3iGDss
CUCK,WW3 [Music Video],"Previewed by Akademiks on a stream. Contains uncensored BDSM porn, pornographic pictures of interracial sex, and videos of KKK rallys. (NSFW)",2:05,"Mar 31, 2025",Music Video,Full,High-Res,https://pixeldrain.com/u/KqMnLKoC
,"NEVER STOP
(Album by King Combs)
(exec. prod. Kanye West)","(02/??/2025) (Ye starts working on an album with King Combs)
(04/24/2025) (Ye first mentions the album on a stream with Digital Nas)
(06/27/2025) (NEVER STOP releases on all DSPs)",,,"After becoming obsessed with Diddy's trial in early 2025, Ye began to regularly talk to Diddy and his family. What first sparked as an idea to executively produce an album on Diddy's behalf soon turned into a half-collaborative project with his son King Combs, featuring heavy involvement and curation from Ye. Preceded by an alternate version of the song ""LONELY ROADS"" and a brief mention during a livestream, NEVER STOP was surprise announced on June 26th and released at midnight.",,,
,Released,,,,,,,
NEVER STOP,KIM [Music Video],"Official music video for ""KIM"".",2:05,"Nov 15, 2025",Music Video,Full,High-Res,https://www.youtube.com/watch?v=Sb4IvZQIqgE
NEVER STOP,LONELY ROADS [Music Video],"Official music video for ""LONELY ROADS"" featuring North West and Jaas. Features cameos from King Combs' siblings.",3:48,"Sep 18, 2025",Music Video,Full,High-Res,https://www.youtube.com/watch?v=O_jdXcU2hSw
,"IN A PERFECT WORLD
(CUCK [V2])","(05/21/2025) (""HIT SYMPHONY"" is released on DSPs)
(06/22/2025) (Ye announces the name change to IN A PERFECT WORLD)
(01/16/2026) (Hassan Khaffaf drops THE SECOND COMING, which contains many songs originating from the era. IN A PERFECT WORLD is presumably scrapped)",,,"After taking to Twitter in May 2025 to ""denounce"" his antisemitism, Ye would go return to being mostly absent from social media/public eye. Around this same time, he and Bianca would admit themselves into a wellness retreat, with Bianca posting a snippet to her Instagram of Ye in his DROAM-ified home, backed by a new song that suggested a possible return/shift to religious themes once again. In late-June, Ye would announce another album name change to ""In A Perfect World"".",,,
IN A PERFECT WORLD,ALIVE [Original Music Video],"According to André Troutman, an earlier music video for ""ALIVE"", based off an AI trend of turning yourself into a toy, was developed alongside the Ye version of the song. Started after André and others had a conversation about Barbies and why toys are called ""toys"", with a ""bimbo Barbie"" being made at some point.",,,Music Video,Confirmed,Not Available,
IN A PERFECT WORLD,ALIVE [Music Video],"Music video recorded to the 3.0 version of ""ALIVE"" in Utah.",,,Music Video,Confirmed,Not Available,
IN A PERFECT WORLD,DAMN [Music Video],"Fully AI-generated music video for the IN A PERFECT WORLD version of ""DAMN"" that loops twice. Has shots of Ye and Bianca around an occult-like rendition of Japan.",2:43,,Music Video,Full,High-Res,https://imgur.gg/f/VkyO6kj
,BULLY [V2],"(03/18/2025) (Ye leaks the BULLY visual albums and says he will record over the AI)
(03/28/2026) (BULLY releases)",,,"After leaking the BULLY V1 visual albums on Twitter, Ye would promise to record over all the album's AI vocals. Throughout 2025, Ye would continue working on the album while teasing numerous release dates that would come and go. On June 20th, 2025, three singles would drop for the album, alongside two more dropping the following week; only one of these songs did not contain AI, being the previously unheard ""DAMN"". Later in 2025 into early 2026, YEEZY and its associates would repeatedly claim the album was now fully recorded, and that no AI would be used on its release. The album would finally drop on March 28th, 2026 with YEEZY only being partially truthful as some songs still contained AI, most prominent on the second half of the album.",,,
,Unreleased,,,,,,,
BULLY [V2],Ty Dolla $ign - BACK OUTSIDE [Music Video],"OG Filename: Back outside new song
Music video for ""BACK OUTSIDE"", accidentally leaked by Ty Dolla $ign during a livestream.",2:31,"Nov 4, 2025",Music Video,OG File,High-Res,https://pixeldrain.com/u/ypHZHxod
,Released,,,,,,,
BULLY [V2],"FATHER [Music Video]
(dir. Bianca Censori)","OG Filename: 20260322_FATHER_FINALGRADE_4K_v6_PRORES422HQ
Music video for ""FATHER"". Centers around a church service with various characters walking inside, including a knight, aliens that abduct Ye (who they reveal to also be an alien), and Travis Scott in an alien costume. Notably features Michael Jackson impersonator Fabio Jackson in the background.",2:51,"Mar 28, 2026",Music Video,Full,High-Res,https://www.youtube.com/watch?v=HBMy-y2wb4I